transaction_id,fee,mev_potential,mev_captured,creator_id,target_tx_id,type_of_user,block_number,block_created,validator_type
21649,19000001,0.0,0,73,21623.0,unknown,1,1,normal
21651,0,0.0,0,72,21623.0,unknown,1,1,normal
21652,0,0.0,0,72,21623.0,unknown,1,1,normal
21654,0,0.0,0,74,21623.0,unknown,1,1,normal
21655,0,0.0,0,74,21623.0,unknown,1,1,normal
21657,0,0.0,0,74,21623.0,unknown,1,1,normal
21658,0,0.0,0,74,21623.0,unknown,1,1,normal
21660,0,0.0,0,73,21623.0,unknown,1,1,normal
21661,0,0.0,0,73,21623.0,unknown,1,1,normal
21663,0,0.0,0,74,21623.0,unknown,1,1,normal
21664,0,0.0,0,74,21623.0,unknown,2,1,normal
21666,0,0.0,0,74,21623.0,unknown,2,1,normal
21667,0,0.0,0,74,21623.0,unknown,2,1,normal
21669,0,0.0,0,80,21623.0,unknown,2,1,normal
21670,0,0.0,0,80,21623.0,unknown,2,1,normal
21672,0,0.0,0,72,21623.0,unknown,2,1,normal
21673,0,0.0,0,72,21623.0,unknown,2,1,normal
21675,0,0.0,0,71,21623.0,unknown,2,1,normal
21676,0,0.0,0,71,21623.0,unknown,2,1,normal
21678,0,0.0,0,74,21623.0,unknown,2,1,normal
21808,30000001,0.0,0,80,21752.0,unknown,3,3,normal
21810,0,0.0,0,71,21752.0,unknown,3,3,normal
21811,0,0.0,0,71,21752.0,unknown,3,3,normal
21813,0,0.0,0,76,21752.0,unknown,3,3,normal
21814,0,0.0,0,76,21752.0,unknown,3,3,normal
21816,0,0.0,0,71,21752.0,unknown,3,3,normal
21817,0,0.0,0,71,21752.0,unknown,3,3,normal
21819,0,0.0,0,79,21752.0,unknown,3,3,normal
21820,0,0.0,0,79,21752.0,unknown,3,3,normal
21822,0,0.0,0,79,21752.0,unknown,3,3,normal
21823,0,0.0,0,79,21752.0,unknown,4,3,attack
21825,0,0.0,0,71,21752.0,unknown,4,4,attack
21826,0,0.0,0,71,21752.0,unknown,4,4,attack
21828,0,0.0,0,72,21752.0,unknown,4,4,attack
21829,0,0.0,0,72,21752.0,unknown,4,4,attack
21831,0,0.0,0,74,21752.0,unknown,4,4,attack
21832,0,0.0,0,74,21752.0,unknown,4,4,attack
21834,0,0.0,0,73,21752.0,unknown,4,4,attack
21835,0,0.0,0,73,21752.0,unknown,4,4,attack
21837,0,0.0,0,72,21752.0,unknown,4,4,attack
21838,0,0.0,0,72,21752.0,unknown,5,4,attack
21840,0,0.0,0,79,21752.0,unknown,5,4,attack
21841,0,0.0,0,79,21752.0,unknown,5,4,attack
21843,0,0.0,0,79,21752.0,unknown,5,4,attack
21844,0,0.0,0,79,21752.0,unknown,5,4,attack
21846,0,0.0,0,74,21752.0,unknown,5,4,attack
21847,0,0.0,0,74,21752.0,unknown,5,4,attack
21849,0,0.0,0,75,21752.0,unknown,5,4,attack
21850,0,0.0,0,75,21752.0,unknown,5,4,attack
21852,0,0.0,0,76,21752.0,unknown,5,4,attack
21853,0,0.0,0,76,21752.0,unknown,6,4,attack
21855,0,0.0,0,78,21752.0,unknown,6,4,attack
21856,0,0.0,0,78,21752.0,unknown,6,4,attack
21858,0,0.0,0,77,21752.0,unknown,6,4,attack
21859,0,0.0,0,77,21752.0,unknown,6,4,attack
21861,0,0.0,0,76,21752.0,unknown,6,4,attack
21862,0,0.0,0,76,21752.0,unknown,6,4,attack
21864,0,0.0,0,72,21752.0,unknown,6,4,attack
21865,0,0.0,0,72,21752.0,unknown,6,4,attack
21867,0,0.0,0,73,21752.0,unknown,6,4,attack
21868,0,0.0,0,73,21752.0,unknown,7,4,attack
21870,0,0.0,0,80,21752.0,unknown,7,4,attack
21871,0,0.0,0,80,21752.0,unknown,7,4,attack
21873,0,0.0,0,80,21752.0,unknown,7,4,attack
21874,0,0.0,0,80,21752.0,unknown,7,4,attack
21876,0,0.0,0,80,21752.0,unknown,7,4,attack
21877,0,0.0,0,80,21752.0,unknown,7,4,attack
21879,0,0.0,0,72,21752.0,unknown,7,4,attack
21880,0,0.0,0,72,21752.0,unknown,7,4,attack
21882,0,0.0,0,76,21752.0,unknown,7,4,attack
21883,0,0.0,0,76,21752.0,unknown,8,4,normal
21885,0,0.0,0,80,21752.0,unknown,8,4,normal
21886,0,0.0,0,80,21752.0,unknown,8,4,normal
21888,0,0.0,0,77,21752.0,unknown,8,4,normal
21889,0,0.0,0,77,21752.0,unknown,8,4,normal
21891,0,0.0,0,77,21752.0,unknown,8,4,normal
21892,0,0.0,0,77,21752.0,unknown,8,4,normal
21894,0,0.0,0,79,21752.0,unknown,8,4,normal
21895,0,0.0,0,79,21752.0,unknown,8,4,normal
21897,0,0.0,0,74,21752.0,unknown,8,5,normal
21898,0,0.0,0,74,21752.0,unknown,9,5,normal
21900,0,0.0,0,75,21752.0,unknown,9,5,normal
21901,0,0.0,0,75,21752.0,unknown,9,5,normal
21903,0,0.0,0,77,21752.0,unknown,9,5,normal
21904,0,0.0,0,77,21752.0,unknown,9,5,normal
21906,0,0.0,0,77,21752.0,unknown,9,5,normal
21907,0,0.0,0,77,21752.0,unknown,9,5,normal
21909,0,0.0,0,74,21752.0,unknown,9,5,normal
21910,0,0.0,0,74,21752.0,unknown,9,5,normal
21912,0,0.0,0,80,21752.0,unknown,9,5,normal
21913,0,0.0,0,80,21752.0,unknown,10,5,normal
21915,0,0.0,0,78,21752.0,unknown,10,5,normal
21916,0,0.0,0,78,21752.0,unknown,10,5,normal
21918,0,0.0,0,73,21752.0,unknown,10,5,normal
21919,0,0.0,0,73,21752.0,unknown,10,5,normal
21921,0,0.0,0,78,21752.0,unknown,10,5,normal
21922,0,0.0,0,78,21752.0,unknown,10,5,normal
21924,0,0.0,0,76,21752.0,unknown,10,5,normal
21925,0,0.0,0,76,21752.0,unknown,10,5,normal
21927,0,0.0,0,75,21752.0,unknown,10,5,normal
21928,0,0.0,0,75,21752.0,unknown,11,5,normal
21930,0,0.0,0,78,21752.0,unknown,11,5,normal
21931,0,0.0,0,78,21752.0,unknown,11,5,normal
21933,0,0.0,0,76,21752.0,unknown,11,5,normal
21934,0,0.0,0,76,21752.0,unknown,11,5,normal
21936,0,0.0,0,73,21752.0,unknown,11,5,normal
21937,0,0.0,0,73,21752.0,unknown,11,5,normal
21939,0,0.0,0,80,21752.0,unknown,11,5,normal
21940,0,0.0,0,80,21752.0,unknown,11,5,normal
21942,0,0.0,0,77,21752.0,unknown,11,5,normal
21943,0,0.0,0,77,21752.0,unknown,12,5,attack
21945,0,0.0,0,78,21752.0,unknown,12,5,attack
21946,0,0.0,0,78,21752.0,unknown,12,5,attack
21948,0,0.0,0,75,21752.0,unknown,12,5,attack
21949,0,0.0,0,75,21752.0,unknown,12,5,attack
21951,0,0.0,0,76,21752.0,unknown,12,5,attack
21952,0,0.0,0,76,21752.0,unknown,12,5,attack
21954,0,0.0,0,73,21752.0,unknown,12,5,attack
21955,0,0.0,0,73,21752.0,unknown,12,5,attack
21957,0,0.0,0,73,21752.0,unknown,12,5,attack
22490,43000000,8520.0,0,69,,unknown,13,13,normal
21958,0,0.0,0,73,21752.0,unknown,13,5,normal
21960,0,0.0,0,76,21752.0,unknown,13,5,normal
21961,0,0.0,0,76,21752.0,unknown,13,5,normal
21963,0,0.0,0,80,21752.0,unknown,13,5,normal
21964,0,0.0,0,80,21752.0,unknown,13,5,normal
21966,0,0.0,0,77,21752.0,unknown,13,5,normal
21967,0,0.0,0,77,21752.0,unknown,13,5,normal
21969,0,0.0,0,77,21752.0,unknown,13,6,normal
21970,0,0.0,0,77,21752.0,unknown,13,6,normal
22595,43000000,0.0,0,63,,unknown,14,14,attack
21972,0,0.0,0,80,21752.0,unknown,14,6,attack
21973,0,0.0,0,80,21752.0,unknown,14,6,attack
21975,0,0.0,0,77,21752.0,unknown,14,6,attack
21976,0,0.0,0,77,21752.0,unknown,14,6,attack
21978,0,0.0,0,77,21752.0,unknown,14,6,attack
21979,0,0.0,0,77,21752.0,unknown,14,6,attack
21981,0,0.0,0,80,21752.0,unknown,14,6,attack
21982,0,0.0,0,80,21752.0,unknown,14,6,attack
21984,0,0.0,0,78,21752.0,unknown,14,6,attack
22637,43000000,0.0,0,61,,unknown,15,15,attack
21985,0,0.0,0,78,21752.0,unknown,15,6,attack
21987,0,0.0,0,71,21752.0,unknown,15,6,attack
21988,0,0.0,0,71,21752.0,unknown,15,6,attack
21990,0,0.0,0,77,21752.0,unknown,15,6,attack
21991,0,0.0,0,77,21752.0,unknown,15,6,attack
21993,0,0.0,0,80,21752.0,unknown,15,6,attack
21994,0,0.0,0,80,21752.0,unknown,15,6,attack
21996,0,0.0,0,72,21752.0,unknown,15,6,attack
21997,0,0.0,0,72,21752.0,unknown,15,6,attack
22700,43000000,0.0,0,63,,unknown,16,16,normal
21999,0,0.0,0,74,21752.0,unknown,16,6,normal
22000,0,0.0,0,74,21752.0,unknown,16,6,normal
22002,0,0.0,0,80,21752.0,unknown,16,6,normal
22003,0,0.0,0,80,21752.0,unknown,16,6,normal
22005,0,0.0,0,71,21752.0,unknown,16,6,normal
22006,0,0.0,0,71,21752.0,unknown,16,6,normal
22008,0,0.0,0,73,21752.0,unknown,16,6,normal
22009,0,0.0,0,73,21752.0,unknown,16,6,normal
22011,0,0.0,0,74,21752.0,unknown,16,6,normal
22012,0,0.0,0,74,21752.0,unknown,17,6,normal
22014,0,0.0,0,80,21752.0,unknown,17,6,normal
22015,0,0.0,0,80,21752.0,unknown,17,6,normal
22017,0,0.0,0,77,21752.0,unknown,17,6,normal
22018,0,0.0,0,77,21752.0,unknown,17,6,normal
22020,0,0.0,0,71,21752.0,unknown,17,6,normal
22021,0,0.0,0,71,21752.0,unknown,17,6,normal
22023,0,0.0,0,74,21752.0,unknown,17,6,normal
22024,0,0.0,0,74,21752.0,unknown,17,6,normal
22026,0,0.0,0,76,21752.0,unknown,17,6,normal
22027,0,0.0,0,76,21752.0,unknown,18,6,normal
22029,0,0.0,0,79,21752.0,unknown,18,6,normal
22030,0,0.0,0,79,21752.0,unknown,18,6,normal
22032,0,0.0,0,73,21752.0,unknown,18,6,normal
22033,0,0.0,0,73,21752.0,unknown,18,6,normal
22035,0,0.0,0,73,21752.0,unknown,18,6,normal
22036,0,0.0,0,73,21752.0,unknown,18,6,normal
22038,0,0.0,0,78,21752.0,unknown,18,6,normal
22039,0,0.0,0,78,21752.0,unknown,18,6,normal
22037,30000000,0.0,0,69,,unknown,18,6,normal
22046,30000000,0.0,0,68,,unknown,19,7,attack
22055,30000000,0.0,0,61,,unknown,19,7,attack
22328,30000000,0.0,0,68,,unknown,19,10,attack
22382,30000000,7190000.0,0,61,,unknown,19,11,attack
28811,0,0.0,0,156,22382.0,unknown,19,11,attack
22409,30000000,15300.0,0,62,,unknown,19,12,attack
28812,0,0.0,0,156,22409.0,unknown,19,12,attack
22091,27000000,13900.0,0,67,,unknown,19,7,attack
28813,0,0.0,0,156,22091.0,unknown,19,7,attack
22175,27000000,7190000.0,0,66,,unknown,19,8,attack
28814,0,0.0,0,156,22175.0,unknown,19,8,attack
22991,30000000,21800.0,0,65,,unknown,20,20,normal
22298,27000000,139000.0,0,63,,unknown,20,10,normal
21679,0,0.0,0,74,21623.0,unknown,20,1,normal
21681,0,0.0,0,79,21623.0,unknown,20,2,normal
21682,0,0.0,0,79,21623.0,unknown,20,2,normal
21684,0,0.0,0,79,21623.0,unknown,20,2,normal
21685,0,0.0,0,79,21623.0,unknown,20,2,normal
21687,0,0.0,0,77,21623.0,unknown,20,2,normal
21688,0,0.0,0,77,21623.0,unknown,20,2,normal
21690,0,0.0,0,75,21623.0,unknown,20,2,normal
23096,27000000,256000.0,0,61,,unknown,21,21,normal
21691,0,0.0,0,75,21623.0,unknown,21,2,normal
21693,0,0.0,0,79,21623.0,unknown,21,2,normal
21694,0,0.0,0,79,21623.0,unknown,21,2,normal
21696,0,0.0,0,72,21623.0,unknown,21,2,normal
21697,0,0.0,0,72,21623.0,unknown,21,2,normal
21699,0,0.0,0,74,21623.0,unknown,21,2,normal
21700,0,0.0,0,74,21623.0,unknown,21,2,normal
21702,0,0.0,0,73,21623.0,unknown,21,2,normal
21703,0,0.0,0,73,21623.0,unknown,21,2,normal
23174,30000000,11200.0,0,65,,unknown,22,22,normal
21705,0,0.0,0,72,21623.0,unknown,22,2,normal
21706,0,0.0,0,72,21623.0,unknown,22,2,normal
21708,0,0.0,0,79,21623.0,unknown,22,2,normal
21709,0,0.0,0,79,21623.0,unknown,22,2,normal
21711,0,0.0,0,75,21623.0,unknown,22,2,normal
21712,0,0.0,0,75,21623.0,unknown,22,2,normal
21714,0,0.0,0,75,21623.0,unknown,22,2,normal
21715,0,0.0,0,75,21623.0,unknown,22,2,normal
21717,0,0.0,0,74,21623.0,unknown,22,2,normal
21718,0,0.0,0,74,21623.0,unknown,23,2,attack
21720,0,0.0,0,76,21623.0,unknown,23,2,attack
21721,0,0.0,0,76,21623.0,unknown,23,2,attack
21723,0,0.0,0,72,21623.0,unknown,23,2,attack
21724,0,0.0,0,72,21623.0,unknown,23,2,attack
21726,0,0.0,0,79,21623.0,unknown,23,2,attack
21727,0,0.0,0,79,21623.0,unknown,23,2,attack
21729,0,0.0,0,78,21623.0,unknown,23,2,attack
21730,0,0.0,0,78,21623.0,unknown,23,2,attack
21732,0,0.0,0,73,21623.0,unknown,23,2,attack
23315,27000000,0.0,0,64,,unknown,24,24,attack
21733,0,0.0,0,73,21623.0,unknown,24,2,attack
21735,0,0.0,0,79,21623.0,unknown,24,2,attack
21736,0,0.0,0,79,21623.0,unknown,24,2,attack
21738,0,0.0,0,77,21623.0,unknown,24,2,attack
21739,0,0.0,0,77,21623.0,unknown,24,2,attack
21741,0,0.0,0,72,21623.0,unknown,24,2,attack
21742,0,0.0,0,72,21623.0,unknown,24,2,attack
21744,0,0.0,0,72,21623.0,unknown,24,2,attack
21745,0,0.0,0,72,21623.0,unknown,24,2,attack
23378,43000000,8520.0,0,67,,unknown,25,25,normal
21747,0,0.0,0,73,21623.0,unknown,25,2,normal
21748,0,0.0,0,73,21623.0,unknown,25,2,normal
21750,0,0.0,0,79,21623.0,unknown,25,2,normal
21751,0,0.0,0,79,21623.0,unknown,25,2,normal
21623,19000000,33100.0,0,65,,unknown,25,1,normal
22385,19000000,4320000.0,0,62,,unknown,25,11,normal
22466,19000000,16400.0,0,70,,unknown,25,12,normal
21665,6300000,0.0,0,67,,unknown,25,1,normal
21677,6300000,0.0,0,61,,unknown,25,1,normal
23451,43000001,0.0,0,73,22040.0,unknown,26,26,attack
23452,0,0.0,0,73,22040.0,unknown,26,26,attack
23454,0,0.0,0,72,22040.0,unknown,26,26,attack
23455,0,0.0,0,72,22040.0,unknown,26,26,attack
23457,0,0.0,0,71,22040.0,unknown,26,26,attack
23458,0,0.0,0,71,22040.0,unknown,26,26,attack
23460,0,0.0,0,78,22040.0,unknown,26,26,attack
23461,0,0.0,0,78,22040.0,unknown,26,26,attack
23463,0,0.0,0,73,22040.0,unknown,26,26,attack
23464,0,0.0,0,73,22040.0,unknown,26,26,attack
23466,0,0.0,0,71,22040.0,unknown,27,26,normal
23467,0,0.0,0,71,22040.0,unknown,27,26,normal
23469,0,0.0,0,75,22040.0,unknown,27,26,normal
23470,0,0.0,0,75,22040.0,unknown,27,26,normal
23472,0,0.0,0,71,22040.0,unknown,27,26,normal
23473,0,0.0,0,71,22040.0,unknown,27,26,normal
23475,0,0.0,0,76,22040.0,unknown,27,26,normal
23476,0,0.0,0,76,22040.0,unknown,27,26,normal
23478,0,0.0,0,73,22040.0,unknown,27,26,normal
23479,0,0.0,0,73,22040.0,unknown,27,26,normal
23481,0,0.0,0,77,22040.0,unknown,28,27,normal
23482,0,0.0,0,77,22040.0,unknown,28,27,normal
23484,0,0.0,0,78,22040.0,unknown,28,27,normal
23485,0,0.0,0,78,22040.0,unknown,28,27,normal
23487,0,0.0,0,74,22040.0,unknown,28,27,normal
23488,0,0.0,0,74,22040.0,unknown,28,27,normal
23490,0,0.0,0,74,22040.0,unknown,28,27,normal
23491,0,0.0,0,74,22040.0,unknown,28,27,normal
23493,0,0.0,0,77,22040.0,unknown,28,27,normal
23494,0,0.0,0,77,22040.0,unknown,28,27,normal
23496,0,0.0,0,74,22040.0,unknown,29,27,normal
23497,0,0.0,0,74,22040.0,unknown,29,27,normal
23499,0,0.0,0,73,22040.0,unknown,29,27,normal
23500,0,0.0,0,73,22040.0,unknown,29,27,normal
23502,0,0.0,0,73,22040.0,unknown,29,27,normal
23503,0,0.0,0,73,22040.0,unknown,29,27,normal
23505,0,0.0,0,76,22040.0,unknown,29,27,normal
23506,0,0.0,0,76,22040.0,unknown,29,27,normal
23508,0,0.0,0,78,22040.0,unknown,29,27,normal
23509,0,0.0,0,78,22040.0,unknown,29,27,normal
23511,0,0.0,0,78,22040.0,unknown,30,27,normal
23512,0,0.0,0,78,22040.0,unknown,30,27,normal
23514,0,0.0,0,72,22040.0,unknown,30,27,normal
23515,0,0.0,0,72,22040.0,unknown,30,27,normal
23517,0,0.0,0,80,22040.0,unknown,30,27,normal
23518,0,0.0,0,80,22040.0,unknown,30,27,normal
23520,0,0.0,0,80,22040.0,unknown,30,27,normal
23521,0,0.0,0,80,22040.0,unknown,30,27,normal
23523,0,0.0,0,80,22040.0,unknown,30,27,normal
23524,0,0.0,0,80,22040.0,unknown,30,27,normal
23526,0,0.0,0,73,22040.0,unknown,31,27,normal
23527,0,0.0,0,73,22040.0,unknown,31,27,normal
23529,0,0.0,0,74,22040.0,unknown,31,27,normal
23530,0,0.0,0,74,22040.0,unknown,31,27,normal
23532,0,0.0,0,73,22040.0,unknown,31,27,normal
23533,0,0.0,0,73,22040.0,unknown,31,27,normal
23535,0,0.0,0,80,22040.0,unknown,31,27,normal
23536,0,0.0,0,80,22040.0,unknown,31,27,normal
23538,0,0.0,0,74,22040.0,unknown,31,27,normal
23539,0,0.0,0,74,22040.0,unknown,31,27,normal
23541,0,0.0,0,73,22040.0,unknown,32,27,normal
23542,0,0.0,0,73,22040.0,unknown,32,27,normal
23544,0,0.0,0,71,22040.0,unknown,32,27,normal
23545,0,0.0,0,71,22040.0,unknown,32,27,normal
23547,0,0.0,0,74,22040.0,unknown,32,27,normal
23548,0,0.0,0,74,22040.0,unknown,32,27,normal
23550,0,0.0,0,75,22040.0,unknown,32,27,normal
23551,0,0.0,0,75,22040.0,unknown,32,27,normal
23553,0,0.0,0,71,22040.0,unknown,32,28,normal
23554,0,0.0,0,71,22040.0,unknown,32,28,normal
23556,0,0.0,0,79,22040.0,unknown,33,28,attack
23557,0,0.0,0,79,22040.0,unknown,33,28,attack
23559,0,0.0,0,79,22040.0,unknown,33,28,attack
23560,0,0.0,0,79,22040.0,unknown,33,28,attack
23562,0,0.0,0,79,22040.0,unknown,33,28,attack
23563,0,0.0,0,79,22040.0,unknown,33,28,attack
23565,0,0.0,0,73,22040.0,unknown,33,28,attack
23566,0,0.0,0,73,22040.0,unknown,33,28,attack
23568,0,0.0,0,77,22040.0,unknown,33,28,attack
23569,0,0.0,0,77,22040.0,unknown,33,28,attack
23571,0,0.0,0,77,22040.0,unknown,34,28,normal
23572,0,0.0,0,77,22040.0,unknown,34,28,normal
23574,0,0.0,0,80,22040.0,unknown,34,28,normal
23575,0,0.0,0,80,22040.0,unknown,34,28,normal
23577,0,0.0,0,78,22040.0,unknown,34,28,normal
23578,0,0.0,0,78,22040.0,unknown,34,28,normal
23580,0,0.0,0,71,22040.0,unknown,34,28,normal
23581,0,0.0,0,71,22040.0,unknown,34,28,normal
23583,0,0.0,0,73,22040.0,unknown,34,28,normal
23584,0,0.0,0,73,22040.0,unknown,34,28,normal
23586,0,0.0,0,76,22040.0,unknown,35,28,normal
23587,0,0.0,0,76,22040.0,unknown,35,28,normal
23589,0,0.0,0,78,22040.0,unknown,35,28,normal
23590,0,0.0,0,78,22040.0,unknown,35,28,normal
23592,0,0.0,0,79,22040.0,unknown,35,28,normal
23593,0,0.0,0,79,22040.0,unknown,35,28,normal
23595,0,0.0,0,78,22040.0,unknown,35,28,normal
23596,0,0.0,0,78,22040.0,unknown,35,28,normal
23598,0,0.0,0,76,22040.0,unknown,35,28,normal
23599,0,0.0,0,76,22040.0,unknown,35,28,normal
23601,0,0.0,0,71,22040.0,unknown,36,28,normal
23602,0,0.0,0,71,22040.0,unknown,36,28,normal
23604,0,0.0,0,79,22040.0,unknown,36,28,normal
23605,0,0.0,0,79,22040.0,unknown,36,28,normal
23607,0,0.0,0,79,22040.0,unknown,36,28,normal
23608,0,0.0,0,79,22040.0,unknown,36,28,normal
23610,0,0.0,0,71,22040.0,unknown,36,28,normal
23611,0,0.0,0,71,22040.0,unknown,36,28,normal
23613,0,0.0,0,77,22040.0,unknown,36,28,normal
23614,0,0.0,0,77,22040.0,unknown,36,28,normal
23616,0,0.0,0,72,22040.0,unknown,37,28,attack
23617,0,0.0,0,72,22040.0,unknown,37,28,attack
23619,0,0.0,0,74,22040.0,unknown,37,28,attack
23620,0,0.0,0,74,22040.0,unknown,37,28,attack
23622,0,0.0,0,77,22040.0,unknown,37,28,attack
23623,0,0.0,0,77,22040.0,unknown,37,28,attack
23625,0,0.0,0,77,22040.0,unknown,37,29,attack
23626,0,0.0,0,77,22040.0,unknown,37,29,attack
23628,0,0.0,0,77,22040.0,unknown,37,29,attack
23629,0,0.0,0,77,22040.0,unknown,37,29,attack
23631,0,0.0,0,80,22040.0,unknown,38,29,normal
23632,0,0.0,0,80,22040.0,unknown,38,29,normal
23634,0,0.0,0,80,22040.0,unknown,38,29,normal
23635,0,0.0,0,80,22040.0,unknown,38,29,normal
23637,0,0.0,0,75,22040.0,unknown,38,29,normal
23638,0,0.0,0,75,22040.0,unknown,38,29,normal
23640,0,0.0,0,76,22040.0,unknown,38,29,normal
23641,0,0.0,0,76,22040.0,unknown,38,29,normal
23643,0,0.0,0,72,22040.0,unknown,38,29,normal
23644,0,0.0,0,72,22040.0,unknown,38,29,normal
23646,0,0.0,0,75,22040.0,unknown,39,29,attack
23647,0,0.0,0,75,22040.0,unknown,39,29,attack
23649,0,0.0,0,71,22040.0,unknown,39,29,attack
23650,0,0.0,0,71,22040.0,unknown,39,29,attack
23652,0,0.0,0,79,22040.0,unknown,39,29,attack
23653,0,0.0,0,79,22040.0,unknown,39,29,attack
23655,0,0.0,0,76,22040.0,unknown,39,29,attack
23656,0,0.0,0,76,22040.0,unknown,39,29,attack
23658,0,0.0,0,72,22040.0,unknown,39,29,attack
23659,0,0.0,0,72,22040.0,unknown,39,29,attack
23661,0,0.0,0,71,22040.0,unknown,40,29,normal
23662,0,0.0,0,71,22040.0,unknown,40,29,normal
23664,0,0.0,0,79,22040.0,unknown,40,29,normal
23665,0,0.0,0,79,22040.0,unknown,40,29,normal
23667,0,0.0,0,78,22040.0,unknown,40,29,normal
23668,0,0.0,0,78,22040.0,unknown,40,29,normal
23670,0,0.0,0,73,22040.0,unknown,40,29,normal
23671,0,0.0,0,73,22040.0,unknown,40,29,normal
23673,0,0.0,0,71,22040.0,unknown,40,29,normal
23674,0,0.0,0,71,22040.0,unknown,40,29,normal
23676,0,0.0,0,80,22040.0,unknown,41,29,normal
23677,0,0.0,0,80,22040.0,unknown,41,29,normal
23679,0,0.0,0,71,22040.0,unknown,41,29,normal
23680,0,0.0,0,71,22040.0,unknown,41,29,normal
23682,0,0.0,0,76,22040.0,unknown,41,29,normal
23683,0,0.0,0,76,22040.0,unknown,41,29,normal
23685,0,0.0,0,71,22040.0,unknown,41,29,normal
23686,0,0.0,0,71,22040.0,unknown,41,29,normal
23688,0,0.0,0,75,22040.0,unknown,41,29,normal
23689,0,0.0,0,75,22040.0,unknown,41,29,normal
23691,0,0.0,0,74,22040.0,unknown,42,29,normal
23692,0,0.0,0,74,22040.0,unknown,42,29,normal
23694,0,0.0,0,71,22040.0,unknown,42,29,normal
23695,0,0.0,0,71,22040.0,unknown,42,29,normal
23697,0,0.0,0,80,22040.0,unknown,42,30,normal
23698,0,0.0,0,80,22040.0,unknown,42,30,normal
23700,0,0.0,0,78,22040.0,unknown,42,30,normal
23701,0,0.0,0,78,22040.0,unknown,42,30,normal
23703,0,0.0,0,76,22040.0,unknown,42,30,normal
23704,0,0.0,0,76,22040.0,unknown,42,30,normal
23706,0,0.0,0,75,22040.0,unknown,43,30,normal
23707,0,0.0,0,75,22040.0,unknown,43,30,normal
23709,0,0.0,0,77,22040.0,unknown,43,30,normal
23710,0,0.0,0,77,22040.0,unknown,43,30,normal
23712,0,0.0,0,73,22040.0,unknown,43,30,normal
23713,0,0.0,0,73,22040.0,unknown,43,30,normal
23715,0,0.0,0,77,22040.0,unknown,43,30,normal
23716,0,0.0,0,77,22040.0,unknown,43,30,normal
23718,0,0.0,0,74,22040.0,unknown,43,30,normal
23719,0,0.0,0,74,22040.0,unknown,43,30,normal
23721,0,0.0,0,76,22040.0,unknown,44,30,normal
23722,0,0.0,0,76,22040.0,unknown,44,30,normal
23724,0,0.0,0,80,22040.0,unknown,44,30,normal
23725,0,0.0,0,80,22040.0,unknown,44,30,normal
23727,0,0.0,0,77,22040.0,unknown,44,30,normal
23728,0,0.0,0,77,22040.0,unknown,44,30,normal
23730,0,0.0,0,79,22040.0,unknown,44,30,normal
23731,0,0.0,0,79,22040.0,unknown,44,30,normal
23733,0,0.0,0,71,22040.0,unknown,44,30,normal
23734,0,0.0,0,71,22040.0,unknown,44,30,normal
23736,0,0.0,0,78,22040.0,unknown,45,30,normal
23737,0,0.0,0,78,22040.0,unknown,45,30,normal
23739,0,0.0,0,80,22040.0,unknown,45,30,normal
23740,0,0.0,0,80,22040.0,unknown,45,30,normal
23742,0,0.0,0,75,22040.0,unknown,45,30,normal
23743,0,0.0,0,75,22040.0,unknown,45,30,normal
23745,0,0.0,0,79,22040.0,unknown,45,30,normal
23746,0,0.0,0,79,22040.0,unknown,45,30,normal
23748,0,0.0,0,80,22040.0,unknown,45,30,normal
23749,0,0.0,0,80,22040.0,unknown,45,30,normal
23751,0,0.0,0,74,22040.0,unknown,46,30,normal
23752,0,0.0,0,74,22040.0,unknown,46,30,normal
23754,0,0.0,0,75,22040.0,unknown,46,30,normal
23755,0,0.0,0,75,22040.0,unknown,46,30,normal
23757,0,0.0,0,75,22040.0,unknown,46,30,normal
23758,0,0.0,0,75,22040.0,unknown,46,30,normal
23760,0,0.0,0,80,22040.0,unknown,46,30,normal
23761,0,0.0,0,80,22040.0,unknown,46,30,normal
23763,0,0.0,0,73,22040.0,unknown,46,30,normal
23764,0,0.0,0,73,22040.0,unknown,46,30,normal
23766,0,0.0,0,74,22040.0,unknown,47,30,attack
23767,0,0.0,0,74,22040.0,unknown,47,30,attack
23769,0,0.0,0,80,22040.0,unknown,47,31,attack
23770,0,0.0,0,80,22040.0,unknown,47,31,attack
23772,0,0.0,0,71,22040.0,unknown,47,31,attack
23773,0,0.0,0,71,22040.0,unknown,47,31,attack
23775,0,0.0,0,72,22040.0,unknown,47,31,attack
23776,0,0.0,0,72,22040.0,unknown,47,31,attack
23778,0,0.0,0,77,22040.0,unknown,47,31,attack
23779,0,0.0,0,77,22040.0,unknown,47,31,attack
23781,0,0.0,0,74,22040.0,unknown,48,31,normal
23782,0,0.0,0,74,22040.0,unknown,48,31,normal
23784,0,0.0,0,80,22040.0,unknown,48,31,normal
23785,0,0.0,0,80,22040.0,unknown,48,31,normal
23787,0,0.0,0,74,22040.0,unknown,48,31,normal
23788,0,0.0,0,74,22040.0,unknown,48,31,normal
23790,0,0.0,0,74,22040.0,unknown,48,31,normal
23791,0,0.0,0,74,22040.0,unknown,48,31,normal
23793,0,0.0,0,73,22040.0,unknown,48,31,normal
23794,0,0.0,0,73,22040.0,unknown,48,31,normal
23796,0,0.0,0,73,22040.0,unknown,49,31,normal
23797,0,0.0,0,73,22040.0,unknown,49,31,normal
23799,0,0.0,0,73,22040.0,unknown,49,31,normal
23800,0,0.0,0,73,22040.0,unknown,49,31,normal
23802,0,0.0,0,75,22040.0,unknown,49,31,normal
23803,0,0.0,0,75,22040.0,unknown,49,31,normal
23805,0,0.0,0,78,22040.0,unknown,49,31,normal
23806,0,0.0,0,78,22040.0,unknown,49,31,normal
23808,0,0.0,0,73,22040.0,unknown,49,31,normal
23809,0,0.0,0,73,22040.0,unknown,49,31,normal
23811,0,0.0,0,75,22040.0,unknown,50,31,normal
23812,0,0.0,0,75,22040.0,unknown,50,31,normal
23814,0,0.0,0,75,22040.0,unknown,50,31,normal
23815,0,0.0,0,75,22040.0,unknown,50,31,normal
23817,0,0.0,0,80,22040.0,unknown,50,31,normal
23818,0,0.0,0,80,22040.0,unknown,50,31,normal
23820,0,0.0,0,78,22040.0,unknown,50,31,normal
23821,0,0.0,0,78,22040.0,unknown,50,31,normal
23823,0,0.0,0,78,22040.0,unknown,50,31,normal
23824,0,0.0,0,78,22040.0,unknown,50,31,normal
23826,0,0.0,0,72,22040.0,unknown,51,31,attack
23827,0,0.0,0,72,22040.0,unknown,51,31,attack
23829,0,0.0,0,79,22040.0,unknown,51,31,attack
23830,0,0.0,0,79,22040.0,unknown,51,31,attack
23832,0,0.0,0,73,22040.0,unknown,51,31,attack
23833,0,0.0,0,73,22040.0,unknown,51,31,attack
23835,0,0.0,0,77,22040.0,unknown,51,31,attack
23836,0,0.0,0,77,22040.0,unknown,51,31,attack
23838,0,0.0,0,79,22040.0,unknown,51,31,attack
23839,0,0.0,0,79,22040.0,unknown,51,31,attack
23841,0,0.0,0,76,22040.0,unknown,52,32,normal
23842,0,0.0,0,76,22040.0,unknown,52,32,normal
23844,0,0.0,0,79,22040.0,unknown,52,32,normal
23845,0,0.0,0,79,22040.0,unknown,52,32,normal
23847,0,0.0,0,75,22040.0,unknown,52,32,normal
23848,0,0.0,0,75,22040.0,unknown,52,32,normal
23850,0,0.0,0,72,22040.0,unknown,52,32,normal
23851,0,0.0,0,72,22040.0,unknown,52,32,normal
23853,0,0.0,0,74,22040.0,unknown,52,32,normal
23854,0,0.0,0,74,22040.0,unknown,52,32,normal
23856,0,0.0,0,80,22040.0,unknown,53,32,attack
23857,0,0.0,0,80,22040.0,unknown,53,32,attack
23859,0,0.0,0,76,22040.0,unknown,53,32,attack
23860,0,0.0,0,76,22040.0,unknown,53,32,attack
23862,0,0.0,0,74,22040.0,unknown,53,32,attack
23863,0,0.0,0,74,22040.0,unknown,53,32,attack
23865,0,0.0,0,75,22040.0,unknown,53,32,attack
23866,0,0.0,0,75,22040.0,unknown,53,32,attack
23868,0,0.0,0,78,22040.0,unknown,53,32,attack
23869,0,0.0,0,78,22040.0,unknown,53,32,attack
23871,0,0.0,0,76,22040.0,unknown,54,32,normal
23872,0,0.0,0,76,22040.0,unknown,54,32,normal
23874,0,0.0,0,77,22040.0,unknown,54,32,normal
23875,0,0.0,0,77,22040.0,unknown,54,32,normal
23877,0,0.0,0,73,22040.0,unknown,54,32,normal
23878,0,0.0,0,73,22040.0,unknown,54,32,normal
23880,0,0.0,0,77,22040.0,unknown,54,32,normal
23881,0,0.0,0,77,22040.0,unknown,54,32,normal
23883,0,0.0,0,71,22040.0,unknown,54,32,normal
23884,0,0.0,0,71,22040.0,unknown,54,32,normal
23886,0,0.0,0,71,22040.0,unknown,55,32,normal
23887,0,0.0,0,71,22040.0,unknown,55,32,normal
23889,0,0.0,0,75,22040.0,unknown,55,32,normal
23890,0,0.0,0,75,22040.0,unknown,55,32,normal
23892,0,0.0,0,78,22040.0,unknown,55,32,normal
23893,0,0.0,0,78,22040.0,unknown,55,32,normal
23895,0,0.0,0,79,22040.0,unknown,55,32,normal
23896,0,0.0,0,79,22040.0,unknown,55,32,normal
23898,0,0.0,0,78,22040.0,unknown,55,32,normal
23899,0,0.0,0,78,22040.0,unknown,55,32,normal
23901,0,0.0,0,72,22040.0,unknown,56,32,normal
23902,0,0.0,0,72,22040.0,unknown,56,32,normal
23904,0,0.0,0,74,22040.0,unknown,56,32,normal
23905,0,0.0,0,74,22040.0,unknown,56,32,normal
23907,0,0.0,0,73,22040.0,unknown,56,32,normal
23908,0,0.0,0,73,22040.0,unknown,56,32,normal
23910,0,0.0,0,71,22040.0,unknown,56,32,normal
23911,0,0.0,0,71,22040.0,unknown,56,32,normal
23913,0,0.0,0,76,22040.0,unknown,56,33,normal
23914,0,0.0,0,76,22040.0,unknown,56,33,normal
23916,0,0.0,0,79,22040.0,unknown,57,33,attack
23917,0,0.0,0,79,22040.0,unknown,57,33,attack
23919,0,0.0,0,74,22040.0,unknown,57,33,attack
23920,0,0.0,0,74,22040.0,unknown,57,33,attack
23922,0,0.0,0,75,22040.0,unknown,57,33,attack
23923,0,0.0,0,75,22040.0,unknown,57,33,attack
23925,0,0.0,0,79,22040.0,unknown,57,33,attack
23926,0,0.0,0,79,22040.0,unknown,57,33,attack
23928,0,0.0,0,72,22040.0,unknown,57,33,attack
23929,0,0.0,0,72,22040.0,unknown,57,33,attack
23931,0,0.0,0,80,22040.0,unknown,58,33,attack
23932,0,0.0,0,80,22040.0,unknown,58,33,attack
23934,0,0.0,0,75,22040.0,unknown,58,33,attack
23935,0,0.0,0,75,22040.0,unknown,58,33,attack
23937,0,0.0,0,79,22040.0,unknown,58,33,attack
23938,0,0.0,0,79,22040.0,unknown,58,33,attack
23940,0,0.0,0,75,22040.0,unknown,58,33,attack
23941,0,0.0,0,75,22040.0,unknown,58,33,attack
23943,0,0.0,0,71,22040.0,unknown,58,33,attack
23944,0,0.0,0,71,22040.0,unknown,58,33,attack
23946,0,0.0,0,73,22040.0,unknown,59,33,normal
23947,0,0.0,0,73,22040.0,unknown,59,33,normal
23949,0,0.0,0,73,22040.0,unknown,59,33,normal
23950,0,0.0,0,73,22040.0,unknown,59,33,normal
23952,0,0.0,0,77,22040.0,unknown,59,33,normal
23953,0,0.0,0,77,22040.0,unknown,59,33,normal
23955,0,0.0,0,73,22040.0,unknown,59,33,normal
23956,0,0.0,0,73,22040.0,unknown,59,33,normal
23958,0,0.0,0,77,22040.0,unknown,59,33,normal
23959,0,0.0,0,77,22040.0,unknown,59,33,normal
23961,0,0.0,0,76,22040.0,unknown,60,33,attack
23962,0,0.0,0,76,22040.0,unknown,60,33,attack
23964,0,0.0,0,79,22040.0,unknown,60,33,attack
23965,0,0.0,0,79,22040.0,unknown,60,33,attack
23967,0,0.0,0,74,22040.0,unknown,60,33,attack
23968,0,0.0,0,74,22040.0,unknown,60,33,attack
23970,0,0.0,0,78,22040.0,unknown,60,33,attack
23971,0,0.0,0,78,22040.0,unknown,60,33,attack
23973,0,0.0,0,72,22040.0,unknown,60,33,attack
23974,0,0.0,0,72,22040.0,unknown,60,33,attack
23976,0,0.0,0,79,22040.0,unknown,61,33,normal
23977,0,0.0,0,79,22040.0,unknown,61,33,normal
23979,0,0.0,0,76,22040.0,unknown,61,33,normal
23980,0,0.0,0,76,22040.0,unknown,61,33,normal
23982,0,0.0,0,76,22040.0,unknown,61,33,normal
23983,0,0.0,0,76,22040.0,unknown,61,33,normal
23985,0,0.0,0,73,22040.0,unknown,61,34,normal
23986,0,0.0,0,73,22040.0,unknown,61,34,normal
23988,0,0.0,0,71,22040.0,unknown,61,34,normal
23989,0,0.0,0,71,22040.0,unknown,61,34,normal
23991,0,0.0,0,74,22040.0,unknown,62,34,normal
23992,0,0.0,0,74,22040.0,unknown,62,34,normal
23994,0,0.0,0,80,22040.0,unknown,62,34,normal
23995,0,0.0,0,80,22040.0,unknown,62,34,normal
23997,0,0.0,0,78,22040.0,unknown,62,34,normal
23998,0,0.0,0,78,22040.0,unknown,62,34,normal
24000,0,0.0,0,76,22040.0,unknown,62,34,normal
24001,0,0.0,0,76,22040.0,unknown,62,34,normal
24003,0,0.0,0,73,22040.0,unknown,62,34,normal
24004,0,0.0,0,73,22040.0,unknown,62,34,normal
24006,0,0.0,0,73,22040.0,unknown,63,34,attack
24007,0,0.0,0,73,22040.0,unknown,63,34,attack
24009,0,0.0,0,75,22040.0,unknown,63,34,attack
24010,0,0.0,0,75,22040.0,unknown,63,34,attack
24012,0,0.0,0,78,22040.0,unknown,63,34,attack
24013,0,0.0,0,78,22040.0,unknown,63,34,attack
24015,0,0.0,0,72,22040.0,unknown,63,34,attack
24016,0,0.0,0,72,22040.0,unknown,63,34,attack
24018,0,0.0,0,79,22040.0,unknown,63,34,attack
24019,0,0.0,0,79,22040.0,unknown,63,34,attack
24021,0,0.0,0,77,22040.0,unknown,64,34,attack
24022,0,0.0,0,77,22040.0,unknown,64,34,attack
24024,0,0.0,0,78,22040.0,unknown,64,34,attack
24025,0,0.0,0,78,22040.0,unknown,64,34,attack
24027,0,0.0,0,77,22040.0,unknown,64,34,attack
24028,0,0.0,0,77,22040.0,unknown,64,34,attack
24030,0,0.0,0,79,22040.0,unknown,64,34,attack
24031,0,0.0,0,79,22040.0,unknown,64,34,attack
24033,0,0.0,0,74,22040.0,unknown,64,34,attack
24034,0,0.0,0,74,22040.0,unknown,64,34,attack
24036,0,0.0,0,80,22040.0,unknown,65,34,normal
24037,0,0.0,0,80,22040.0,unknown,65,34,normal
24039,0,0.0,0,80,22040.0,unknown,65,34,normal
24040,0,0.0,0,80,22040.0,unknown,65,34,normal
24042,0,0.0,0,78,22040.0,unknown,65,34,normal
24043,0,0.0,0,78,22040.0,unknown,65,34,normal
24045,0,0.0,0,77,22040.0,unknown,65,34,normal
24046,0,0.0,0,77,22040.0,unknown,65,34,normal
24048,0,0.0,0,75,22040.0,unknown,65,34,normal
24049,0,0.0,0,75,22040.0,unknown,65,34,normal
24051,0,0.0,0,77,22040.0,unknown,66,34,normal
24052,0,0.0,0,77,22040.0,unknown,66,34,normal
24054,0,0.0,0,71,22040.0,unknown,66,34,normal
24055,0,0.0,0,71,22040.0,unknown,66,34,normal
24057,0,0.0,0,71,22040.0,unknown,66,35,normal
24058,0,0.0,0,71,22040.0,unknown,66,35,normal
24060,0,0.0,0,74,22040.0,unknown,66,35,normal
24061,0,0.0,0,74,22040.0,unknown,66,35,normal
24063,0,0.0,0,74,22040.0,unknown,66,35,normal
24064,0,0.0,0,74,22040.0,unknown,66,35,normal
24066,0,0.0,0,77,22040.0,unknown,67,35,attack
24067,0,0.0,0,77,22040.0,unknown,67,35,attack
24069,0,0.0,0,77,22040.0,unknown,67,35,attack
24070,0,0.0,0,77,22040.0,unknown,67,35,attack
24072,0,0.0,0,72,22040.0,unknown,67,35,attack
24073,0,0.0,0,72,22040.0,unknown,67,35,attack
24075,0,0.0,0,74,22040.0,unknown,67,35,attack
24076,0,0.0,0,74,22040.0,unknown,67,35,attack
24078,0,0.0,0,74,22040.0,unknown,67,35,attack
24079,0,0.0,0,74,22040.0,unknown,67,35,attack
24081,0,0.0,0,71,22040.0,unknown,68,35,normal
24082,0,0.0,0,71,22040.0,unknown,68,35,normal
24084,0,0.0,0,73,22040.0,unknown,68,35,normal
24085,0,0.0,0,73,22040.0,unknown,68,35,normal
24087,0,0.0,0,76,22040.0,unknown,68,35,normal
24088,0,0.0,0,76,22040.0,unknown,68,35,normal
24090,0,0.0,0,77,22040.0,unknown,68,35,normal
24091,0,0.0,0,77,22040.0,unknown,68,35,normal
24093,0,0.0,0,80,22040.0,unknown,68,35,normal
24094,0,0.0,0,80,22040.0,unknown,68,35,normal
24096,0,0.0,0,76,22040.0,unknown,69,35,normal
24097,0,0.0,0,76,22040.0,unknown,69,35,normal
24099,0,0.0,0,80,22040.0,unknown,69,35,normal
24100,0,0.0,0,80,22040.0,unknown,69,35,normal
24102,0,0.0,0,76,22040.0,unknown,69,35,normal
24103,0,0.0,0,76,22040.0,unknown,69,35,normal
24105,0,0.0,0,77,22040.0,unknown,69,35,normal
24106,0,0.0,0,77,22040.0,unknown,69,35,normal
24108,0,0.0,0,75,22040.0,unknown,69,35,normal
24109,0,0.0,0,75,22040.0,unknown,69,35,normal
24111,0,0.0,0,72,22040.0,unknown,70,35,attack
24112,0,0.0,0,72,22040.0,unknown,70,35,attack
24114,0,0.0,0,73,22040.0,unknown,70,35,attack
24115,0,0.0,0,73,22040.0,unknown,70,35,attack
24117,0,0.0,0,76,22040.0,unknown,70,35,attack
24118,0,0.0,0,76,22040.0,unknown,70,35,attack
24120,0,0.0,0,79,22040.0,unknown,70,35,attack
24121,0,0.0,0,79,22040.0,unknown,70,35,attack
24123,0,0.0,0,72,22040.0,unknown,70,35,attack
24124,0,0.0,0,72,22040.0,unknown,70,35,attack
24126,0,0.0,0,72,22040.0,unknown,71,35,attack
24127,0,0.0,0,72,22040.0,unknown,71,35,attack
24129,0,0.0,0,76,22040.0,unknown,71,36,attack
24130,0,0.0,0,76,22040.0,unknown,71,36,attack
24132,0,0.0,0,75,22040.0,unknown,71,36,attack
24133,0,0.0,0,75,22040.0,unknown,71,36,attack
24135,0,0.0,0,71,22040.0,unknown,71,36,attack
24136,0,0.0,0,71,22040.0,unknown,71,36,attack
24138,0,0.0,0,77,22040.0,unknown,71,36,attack
24139,0,0.0,0,77,22040.0,unknown,71,36,attack
24141,0,0.0,0,74,22040.0,unknown,72,36,normal
24142,0,0.0,0,74,22040.0,unknown,72,36,normal
24144,0,0.0,0,74,22040.0,unknown,72,36,normal
24145,0,0.0,0,74,22040.0,unknown,72,36,normal
24147,0,0.0,0,72,22040.0,unknown,72,36,normal
24148,0,0.0,0,72,22040.0,unknown,72,36,normal
24150,0,0.0,0,71,22040.0,unknown,72,36,normal
24151,0,0.0,0,71,22040.0,unknown,72,36,normal
24153,0,0.0,0,74,22040.0,unknown,72,36,normal
24154,0,0.0,0,74,22040.0,unknown,72,36,normal
24156,0,0.0,0,72,22040.0,unknown,73,36,normal
24157,0,0.0,0,72,22040.0,unknown,73,36,normal
24159,0,0.0,0,76,22040.0,unknown,73,36,normal
24160,0,0.0,0,76,22040.0,unknown,73,36,normal
24162,0,0.0,0,80,22040.0,unknown,73,36,normal
24163,0,0.0,0,80,22040.0,unknown,73,36,normal
24165,0,0.0,0,75,22040.0,unknown,73,36,normal
24166,0,0.0,0,75,22040.0,unknown,73,36,normal
24168,0,0.0,0,73,22040.0,unknown,73,36,normal
24169,0,0.0,0,73,22040.0,unknown,73,36,normal
24171,0,0.0,0,77,22040.0,unknown,74,36,normal
24172,0,0.0,0,77,22040.0,unknown,74,36,normal
24174,0,0.0,0,72,22040.0,unknown,74,36,normal
24175,0,0.0,0,72,22040.0,unknown,74,36,normal
24177,0,0.0,0,74,22040.0,unknown,74,36,normal
24178,0,0.0,0,74,22040.0,unknown,74,36,normal
24180,0,0.0,0,72,22040.0,unknown,74,36,normal
24181,0,0.0,0,72,22040.0,unknown,74,36,normal
24183,0,0.0,0,80,22040.0,unknown,74,36,normal
24184,0,0.0,0,80,22040.0,unknown,74,36,normal
24186,0,0.0,0,79,22040.0,unknown,75,36,normal
24187,0,0.0,0,79,22040.0,unknown,75,36,normal
24189,0,0.0,0,74,22040.0,unknown,75,36,normal
24190,0,0.0,0,74,22040.0,unknown,75,36,normal
24192,0,0.0,0,72,22040.0,unknown,75,36,normal
24193,0,0.0,0,72,22040.0,unknown,75,36,normal
24195,0,0.0,0,80,22040.0,unknown,75,36,normal
24196,0,0.0,0,80,22040.0,unknown,75,36,normal
24198,0,0.0,0,74,22040.0,unknown,75,36,normal
24199,0,0.0,0,74,22040.0,unknown,75,36,normal
24201,0,0.0,0,75,22040.0,unknown,76,37,normal
24202,0,0.0,0,75,22040.0,unknown,76,37,normal
24204,0,0.0,0,79,22040.0,unknown,76,37,normal
24205,0,0.0,0,79,22040.0,unknown,76,37,normal
24207,0,0.0,0,79,22040.0,unknown,76,37,normal
24208,0,0.0,0,79,22040.0,unknown,76,37,normal
24210,0,0.0,0,77,22040.0,unknown,76,37,normal
24211,0,0.0,0,77,22040.0,unknown,76,37,normal
24213,0,0.0,0,74,22040.0,unknown,76,37,normal
24214,0,0.0,0,74,22040.0,unknown,76,37,normal
24216,0,0.0,0,80,22040.0,unknown,77,37,attack
24217,0,0.0,0,80,22040.0,unknown,77,37,attack
24219,0,0.0,0,74,22040.0,unknown,77,37,attack
24220,0,0.0,0,74,22040.0,unknown,77,37,attack
24222,0,0.0,0,79,22040.0,unknown,77,37,attack
24223,0,0.0,0,79,22040.0,unknown,77,37,attack
24225,0,0.0,0,74,22040.0,unknown,77,37,attack
24226,0,0.0,0,74,22040.0,unknown,77,37,attack
24228,0,0.0,0,71,22040.0,unknown,77,37,attack
24229,0,0.0,0,71,22040.0,unknown,77,37,attack
24231,0,0.0,0,71,22040.0,unknown,78,37,normal
24232,0,0.0,0,71,22040.0,unknown,78,37,normal
24234,0,0.0,0,79,22040.0,unknown,78,37,normal
24235,0,0.0,0,79,22040.0,unknown,78,37,normal
24237,0,0.0,0,76,22040.0,unknown,78,37,normal
24238,0,0.0,0,76,22040.0,unknown,78,37,normal
24240,0,0.0,0,74,22040.0,unknown,78,37,normal
24241,0,0.0,0,74,22040.0,unknown,78,37,normal
24243,0,0.0,0,75,22040.0,unknown,78,37,normal
24244,0,0.0,0,75,22040.0,unknown,78,37,normal
24246,0,0.0,0,71,22040.0,unknown,79,37,attack
24247,0,0.0,0,71,22040.0,unknown,79,37,attack
24249,0,0.0,0,78,22040.0,unknown,79,37,attack
24250,0,0.0,0,78,22040.0,unknown,79,37,attack
24252,0,0.0,0,78,22040.0,unknown,79,37,attack
24253,0,0.0,0,78,22040.0,unknown,79,37,attack
24255,0,0.0,0,73,22040.0,unknown,79,37,attack
24256,0,0.0,0,73,22040.0,unknown,79,37,attack
24258,0,0.0,0,74,22040.0,unknown,79,37,attack
24259,0,0.0,0,74,22040.0,unknown,79,37,attack
24261,0,0.0,0,74,22040.0,unknown,80,37,normal
24262,0,0.0,0,74,22040.0,unknown,80,37,normal
24264,0,0.0,0,74,22040.0,unknown,80,37,normal
24265,0,0.0,0,74,22040.0,unknown,80,37,normal
24267,0,0.0,0,71,22040.0,unknown,80,37,normal
24268,0,0.0,0,71,22040.0,unknown,80,37,normal
24270,0,0.0,0,74,22040.0,unknown,80,37,normal
24271,0,0.0,0,74,22040.0,unknown,80,37,normal
24273,0,0.0,0,74,22040.0,unknown,80,38,normal
24274,0,0.0,0,74,22040.0,unknown,80,38,normal
24276,0,0.0,0,78,22040.0,unknown,81,38,attack
24277,0,0.0,0,78,22040.0,unknown,81,38,attack
24279,0,0.0,0,80,22040.0,unknown,81,38,attack
24280,0,0.0,0,80,22040.0,unknown,81,38,attack
24282,0,0.0,0,77,22040.0,unknown,81,38,attack
24283,0,0.0,0,77,22040.0,unknown,81,38,attack
24285,0,0.0,0,74,22040.0,unknown,81,38,attack
24286,0,0.0,0,74,22040.0,unknown,81,38,attack
24288,0,0.0,0,71,22040.0,unknown,81,38,attack
24289,0,0.0,0,71,22040.0,unknown,81,38,attack
24291,0,0.0,0,76,22040.0,unknown,82,38,normal
24292,0,0.0,0,76,22040.0,unknown,82,38,normal
24294,0,0.0,0,78,22040.0,unknown,82,38,normal
24295,0,0.0,0,78,22040.0,unknown,82,38,normal
24297,0,0.0,0,71,22040.0,unknown,82,38,normal
24298,0,0.0,0,71,22040.0,unknown,82,38,normal
24300,0,0.0,0,74,22040.0,unknown,82,38,normal
24301,0,0.0,0,74,22040.0,unknown,82,38,normal
24303,0,0.0,0,71,22040.0,unknown,82,38,normal
24304,0,0.0,0,71,22040.0,unknown,82,38,normal
24306,0,0.0,0,78,22040.0,unknown,83,38,normal
24307,0,0.0,0,78,22040.0,unknown,83,38,normal
24309,0,0.0,0,79,22040.0,unknown,83,38,normal
24310,0,0.0,0,79,22040.0,unknown,83,38,normal
24312,0,0.0,0,73,22040.0,unknown,83,38,normal
24313,0,0.0,0,73,22040.0,unknown,83,38,normal
24315,0,0.0,0,80,22040.0,unknown,83,38,normal
24316,0,0.0,0,80,22040.0,unknown,83,38,normal
24318,0,0.0,0,73,22040.0,unknown,83,38,normal
24319,0,0.0,0,73,22040.0,unknown,83,38,normal
24321,0,0.0,0,73,22040.0,unknown,84,38,normal
24322,0,0.0,0,73,22040.0,unknown,84,38,normal
24324,0,0.0,0,75,22040.0,unknown,84,38,normal
24325,0,0.0,0,75,22040.0,unknown,84,38,normal
24327,0,0.0,0,74,22040.0,unknown,84,38,normal
24328,0,0.0,0,74,22040.0,unknown,84,38,normal
24330,0,0.0,0,71,22040.0,unknown,84,38,normal
24331,0,0.0,0,71,22040.0,unknown,84,38,normal
24333,0,0.0,0,73,22040.0,unknown,84,38,normal
24334,0,0.0,0,73,22040.0,unknown,84,38,normal
24336,0,0.0,0,79,22040.0,unknown,85,38,normal
24337,0,0.0,0,79,22040.0,unknown,85,38,normal
24339,0,0.0,0,78,22040.0,unknown,85,38,normal
24340,0,0.0,0,78,22040.0,unknown,85,38,normal
24342,0,0.0,0,74,22040.0,unknown,85,38,normal
24343,0,0.0,0,74,22040.0,unknown,85,38,normal
24345,0,0.0,0,71,22040.0,unknown,85,39,normal
24346,0,0.0,0,71,22040.0,unknown,85,39,normal
24348,0,0.0,0,78,22040.0,unknown,85,39,normal
24349,0,0.0,0,78,22040.0,unknown,85,39,normal
24351,0,0.0,0,77,22040.0,unknown,86,39,attack
24352,0,0.0,0,77,22040.0,unknown,86,39,attack
24354,0,0.0,0,78,22040.0,unknown,86,39,attack
24355,0,0.0,0,78,22040.0,unknown,86,39,attack
24357,0,0.0,0,78,22040.0,unknown,86,39,attack
24358,0,0.0,0,78,22040.0,unknown,86,39,attack
24360,0,0.0,0,74,22040.0,unknown,86,39,attack
24361,0,0.0,0,74,22040.0,unknown,86,39,attack
24363,0,0.0,0,76,22040.0,unknown,86,39,attack
24364,0,0.0,0,76,22040.0,unknown,86,39,attack
24366,0,0.0,0,77,22040.0,unknown,87,39,normal
24367,0,0.0,0,77,22040.0,unknown,87,39,normal
24369,0,0.0,0,79,22040.0,unknown,87,39,normal
24370,0,0.0,0,79,22040.0,unknown,87,39,normal
24372,0,0.0,0,72,22040.0,unknown,87,39,normal
24373,0,0.0,0,72,22040.0,unknown,87,39,normal
24375,0,0.0,0,76,22040.0,unknown,87,39,normal
24376,0,0.0,0,76,22040.0,unknown,87,39,normal
24378,0,0.0,0,75,22040.0,unknown,87,39,normal
24379,0,0.0,0,75,22040.0,unknown,87,39,normal
24381,0,0.0,0,72,22040.0,unknown,88,39,attack
24382,0,0.0,0,72,22040.0,unknown,88,39,attack
24384,0,0.0,0,72,22040.0,unknown,88,39,attack
24385,0,0.0,0,72,22040.0,unknown,88,39,attack
24387,0,0.0,0,74,22040.0,unknown,88,39,attack
24388,0,0.0,0,74,22040.0,unknown,88,39,attack
24390,0,0.0,0,80,22040.0,unknown,88,39,attack
24391,0,0.0,0,80,22040.0,unknown,88,39,attack
24393,0,0.0,0,71,22040.0,unknown,88,39,attack
24394,0,0.0,0,71,22040.0,unknown,88,39,attack
24396,0,0.0,0,75,22040.0,unknown,89,39,normal
24397,0,0.0,0,75,22040.0,unknown,89,39,normal
24399,0,0.0,0,73,22040.0,unknown,89,39,normal
24400,0,0.0,0,73,22040.0,unknown,89,39,normal
24402,0,0.0,0,75,22040.0,unknown,89,39,normal
24403,0,0.0,0,75,22040.0,unknown,89,39,normal
24405,0,0.0,0,72,22040.0,unknown,89,39,normal
24406,0,0.0,0,72,22040.0,unknown,89,39,normal
24408,0,0.0,0,75,22040.0,unknown,89,39,normal
24409,0,0.0,0,75,22040.0,unknown,89,39,normal
24411,0,0.0,0,80,22040.0,unknown,90,39,normal
24412,0,0.0,0,80,22040.0,unknown,90,39,normal
24414,0,0.0,0,71,22040.0,unknown,90,39,normal
24415,0,0.0,0,71,22040.0,unknown,90,39,normal
24417,0,0.0,0,72,22040.0,unknown,90,40,normal
24418,0,0.0,0,72,22040.0,unknown,90,40,normal
24420,0,0.0,0,73,22040.0,unknown,90,40,normal
24421,0,0.0,0,73,22040.0,unknown,90,40,normal
24423,0,0.0,0,73,22040.0,unknown,90,40,normal
24424,0,0.0,0,73,22040.0,unknown,90,40,normal
24426,0,0.0,0,78,22040.0,unknown,91,40,attack
24427,0,0.0,0,78,22040.0,unknown,91,40,attack
24429,0,0.0,0,78,22040.0,unknown,91,40,attack
24430,0,0.0,0,78,22040.0,unknown,91,40,attack
24432,0,0.0,0,74,22040.0,unknown,91,40,attack
24433,0,0.0,0,74,22040.0,unknown,91,40,attack
24435,0,0.0,0,71,22040.0,unknown,91,40,attack
24436,0,0.0,0,71,22040.0,unknown,91,40,attack
24438,0,0.0,0,78,22040.0,unknown,91,40,attack
24439,0,0.0,0,78,22040.0,unknown,91,40,attack
24441,0,0.0,0,80,22040.0,unknown,92,40,normal
24442,0,0.0,0,80,22040.0,unknown,92,40,normal
24444,0,0.0,0,76,22040.0,unknown,92,40,normal
24445,0,0.0,0,76,22040.0,unknown,92,40,normal
24447,0,0.0,0,77,22040.0,unknown,92,40,normal
24448,0,0.0,0,77,22040.0,unknown,92,40,normal
24450,0,0.0,0,79,22040.0,unknown,92,40,normal
24451,0,0.0,0,79,22040.0,unknown,92,40,normal
24453,0,0.0,0,78,22040.0,unknown,92,40,normal
24454,0,0.0,0,78,22040.0,unknown,92,40,normal
24456,0,0.0,0,77,22040.0,unknown,93,40,attack
24457,0,0.0,0,77,22040.0,unknown,93,40,attack
24459,0,0.0,0,76,22040.0,unknown,93,40,attack
24460,0,0.0,0,76,22040.0,unknown,93,40,attack
24462,0,0.0,0,72,22040.0,unknown,93,40,attack
24463,0,0.0,0,72,22040.0,unknown,93,40,attack
24465,0,0.0,0,75,22040.0,unknown,93,40,attack
24466,0,0.0,0,75,22040.0,unknown,93,40,attack
24468,0,0.0,0,80,22040.0,unknown,93,40,attack
24469,0,0.0,0,80,22040.0,unknown,93,40,attack
24471,0,0.0,0,72,22040.0,unknown,94,40,normal
24472,0,0.0,0,72,22040.0,unknown,94,40,normal
24474,0,0.0,0,73,22040.0,unknown,94,40,normal
24475,0,0.0,0,73,22040.0,unknown,94,40,normal
24477,0,0.0,0,79,22040.0,unknown,94,40,normal
24478,0,0.0,0,79,22040.0,unknown,94,40,normal
24480,0,0.0,0,72,22040.0,unknown,94,40,normal
24481,0,0.0,0,72,22040.0,unknown,94,40,normal
24483,0,0.0,0,78,22040.0,unknown,94,40,normal
24484,0,0.0,0,78,22040.0,unknown,94,40,normal
24486,0,0.0,0,76,22040.0,unknown,95,40,normal
24487,0,0.0,0,76,22040.0,unknown,95,40,normal
24489,0,0.0,0,72,22040.0,unknown,95,41,normal
24490,0,0.0,0,72,22040.0,unknown,95,41,normal
24492,0,0.0,0,73,22040.0,unknown,95,41,normal
24493,0,0.0,0,73,22040.0,unknown,95,41,normal
24495,0,0.0,0,79,22040.0,unknown,95,41,normal
24496,0,0.0,0,79,22040.0,unknown,95,41,normal
24498,0,0.0,0,72,22040.0,unknown,95,41,normal
24499,0,0.0,0,72,22040.0,unknown,95,41,normal
24501,0,0.0,0,71,22040.0,unknown,96,41,attack
24502,0,0.0,0,71,22040.0,unknown,96,41,attack
24504,0,0.0,0,80,22040.0,unknown,96,41,attack
24505,0,0.0,0,80,22040.0,unknown,96,41,attack
24507,0,0.0,0,77,22040.0,unknown,96,41,attack
24508,0,0.0,0,77,22040.0,unknown,96,41,attack
24510,0,0.0,0,80,22040.0,unknown,96,41,attack
24511,0,0.0,0,80,22040.0,unknown,96,41,attack
24513,0,0.0,0,75,22040.0,unknown,96,41,attack
24514,0,0.0,0,75,22040.0,unknown,96,41,attack
24516,0,0.0,0,76,22040.0,unknown,97,41,normal
24517,0,0.0,0,76,22040.0,unknown,97,41,normal
24519,0,0.0,0,78,22040.0,unknown,97,41,normal
24520,0,0.0,0,78,22040.0,unknown,97,41,normal
24522,0,0.0,0,76,22040.0,unknown,97,41,normal
24523,0,0.0,0,76,22040.0,unknown,97,41,normal
24525,0,0.0,0,79,22040.0,unknown,97,41,normal
24526,0,0.0,0,79,22040.0,unknown,97,41,normal
24528,0,0.0,0,77,22040.0,unknown,97,41,normal
24529,0,0.0,0,77,22040.0,unknown,97,41,normal
24531,0,0.0,0,78,22040.0,unknown,98,41,attack
24532,0,0.0,0,78,22040.0,unknown,98,41,attack
24534,0,0.0,0,79,22040.0,unknown,98,41,attack
24535,0,0.0,0,79,22040.0,unknown,98,41,attack
24537,0,0.0,0,72,22040.0,unknown,98,41,attack
24538,0,0.0,0,72,22040.0,unknown,98,41,attack
24540,0,0.0,0,79,22040.0,unknown,98,41,attack
24541,0,0.0,0,79,22040.0,unknown,98,41,attack
24543,0,0.0,0,71,22040.0,unknown,98,41,attack
24544,0,0.0,0,71,22040.0,unknown,98,41,attack
24546,0,0.0,0,72,22040.0,unknown,99,41,normal
24547,0,0.0,0,72,22040.0,unknown,99,41,normal
24549,0,0.0,0,75,22040.0,unknown,99,41,normal
24550,0,0.0,0,75,22040.0,unknown,99,41,normal
24552,0,0.0,0,72,22040.0,unknown,99,41,normal
24553,0,0.0,0,72,22040.0,unknown,99,41,normal
24555,0,0.0,0,80,22040.0,unknown,99,41,normal
24556,0,0.0,0,80,22040.0,unknown,99,41,normal
24558,0,0.0,0,73,22040.0,unknown,99,41,normal
24559,0,0.0,0,73,22040.0,unknown,99,41,normal
24561,0,0.0,0,79,22040.0,unknown,100,42,attack
24562,0,0.0,0,79,22040.0,unknown,100,42,attack
24564,0,0.0,0,73,22040.0,unknown,100,42,attack
24565,0,0.0,0,73,22040.0,unknown,100,42,attack
24567,0,0.0,0,78,22040.0,unknown,100,42,attack
24568,0,0.0,0,78,22040.0,unknown,100,42,attack
24570,0,0.0,0,71,22040.0,unknown,100,42,attack
24571,0,0.0,0,71,22040.0,unknown,100,42,attack
24573,0,0.0,0,79,22040.0,unknown,100,42,attack
24574,0,0.0,0,79,22040.0,unknown,100,42,attack
