id,position,gas_fee,mev_potential,creator_id,created_at,included_at,target_tx
1,0,2100000,0,user_1,0,0,
55,0,1400000,0,user_1,1,1,
54,1,80000,11200,user_1,1,1,
114,0,3200000,0,user_1,2,2,
158,0,2600000,0,user_1,3,3,
214,0,670000,0,user_1,4,4,
271,0,2500000,0,user_1,5,5,
338,0,1100000,0,user_10,6,6,
339,1,970000,0,user_10,6,6,
385,0,340000,545000,user_1,7,7,
437,0,120000,146000,user_10,8,8,
481,0,1300000,0,user_1,9,9,
536,0,30000000,0,user_1,10,10,
537,1,670000,0,user_1,10,10,
582,0,320000,0,user_1,11,11,
583,1,73000,0,user_1,11,11,
643,0,220000,24700,user_10,12,12,
686,0,2100000,0,user_1,13,13,
741,0,3500000,0,user_1,14,14,
739,1,2100000,0,user_1,14,14,
740,2,1600000,0,user_1,14,14,
738,3,160000,0,user_1,14,14,
737,4,110000,0,user_1,14,14,
788,0,4200000,21800,user_2,15,15,
832,1,4199999,0,builder_2,15,15,788
833,2,260001,0,builder_2,15,15,789
789,3,260000,121000,user_2,15,15,
835,0,1000000,0,user_1,16,16,
886,0,5000000,0,user_1,17,17,
887,1,300000,3130,user_1,17,17,
951,0,1000000,769000,user_1,18,18,
1015,0,260000,0,user_10,19,19,
1014,1,130000,146000,user_10,19,19,
1013,2,77000,0,user_10,19,19,
1,0,2100000,0,user_1,20,20,
55,0,1400000,0,user_1,21,21,
54,1,80000,11200,user_1,21,21,
114,0,3200000,0,user_1,22,22,
158,0,2600000,0,user_1,23,23,
214,0,670000,0,user_1,24,24,
271,0,2500000,0,user_1,25,25,
338,0,1100000,0,user_10,26,26,
339,1,970000,0,user_10,26,26,
385,0,340000,545000,user_1,27,27,
437,0,120000,146000,user_10,28,28,
481,0,1300000,0,user_1,29,29,
536,0,30000000,0,user_1,30,30,
537,1,670000,0,user_1,30,30,
582,0,320000,0,user_1,31,31,
583,1,73000,0,user_1,31,31,
643,0,220000,24700,user_10,32,32,
686,0,2100000,0,user_1,33,33,
741,0,3500000,0,user_1,34,34,
739,1,2100000,0,user_1,34,34,
740,2,1600000,0,user_1,34,34,
738,3,160000,0,user_1,34,34,
737,4,110000,0,user_1,34,34,
788,0,4200000,21800,user_2,35,35,
832,1,4199999,0,builder_2,35,35,788
833,2,260001,0,builder_2,35,35,789
789,3,260000,121000,user_2,35,35,
835,0,1000000,0,user_1,36,36,
886,0,5000000,0,user_1,37,37,
887,1,300000,3130,user_1,37,37,
951,0,1000000,769000,user_1,38,38,
1015,0,260000,0,user_10,39,39,
1014,1,130000,146000,user_10,39,39,
1013,2,77000,0,user_10,39,39,
1051,0,1100000,0,user_1,40,40,
1050,1,350000,0,user_1,40,40,
1109,0,910000,0,user_10,41,41,
1159,0,120000,0,user_1,42,42,
1211,0,110000,0,user_1,43,43,
1210,1,98000,43600,user_1,43,43,
1280,0,240000,5640,user_10,44,44,
1324,0,1900000,60700,user_1,45,45,
1374,0,84000,0,user_1,46,46,
1424,0,1300000,410000,user_1,47,47,
1480,0,910000,0,user_1,48,48,
1481,1,120000,0,user_1,48,48,
1534,0,130000,0,user_1,49,49,
1533,1,120000,0,user_1,49,49,
1594,0,120000,0,user_10,50,50,
1637,0,5200000,0,user_1,51,51,
1688,0,150000,0,user_1,52,52,
1741,0,87000,0,user_1,53,53,
1786,0,350000,0,user_2,54,54,
1840,0,1400000,0,user_1,55,55,
1882,0,2000000,0,user_2,56,56,
1935,0,320000,0,user_10,57,57,
1936,1,77000,0,user_10,57,57,
1989,0,3200000,0,user_10,58,58,
2041,0,6300000,0,user_1,59,59,
1,0,2100000,0,user_1,60,60,
55,0,1400000,0,user_1,61,61,
54,1,80000,11200,user_1,61,61,
114,0,3200000,0,user_1,62,62,
158,0,2600000,0,user_1,63,63,
214,0,670000,0,user_1,64,64,
271,0,2500000,0,user_1,65,65,
338,0,1100000,0,user_10,66,66,
339,1,970000,0,user_10,66,66,
385,0,340000,545000,user_1,67,67,
437,0,120000,146000,user_10,68,68,
481,0,1300000,0,user_1,69,69,
536,0,30000000,0,user_1,70,70,
537,1,670000,0,user_1,70,70,
582,0,320000,0,user_1,71,71,
583,1,73000,0,user_1,71,71,
643,0,220000,24700,user_10,72,72,
686,0,2100000,0,user_1,73,73,
741,0,3500000,0,user_1,74,74,
739,1,2100000,0,user_1,74,74,
740,2,1600000,0,user_1,74,74,
738,3,160000,0,user_1,74,74,
737,4,110000,0,user_1,74,74,
788,0,4200000,21800,user_2,75,75,
832,1,4199999,0,builder_2,75,75,788
833,2,260001,0,builder_2,75,75,789
789,3,260000,121000,user_2,75,75,
835,0,1000000,0,user_1,76,76,
886,0,5000000,0,user_1,77,77,
887,1,300000,3130,user_1,77,77,
951,0,1000000,769000,user_1,78,78,
1015,0,260000,0,user_10,79,79,
1014,1,130000,146000,user_10,79,79,
1013,2,77000,0,user_10,79,79,
1,0,2100000,0,user_1,80,80,
55,0,1400000,0,user_1,81,81,
54,1,80000,11200,user_1,81,81,
114,0,3200000,0,user_1,82,82,
158,0,2600000,0,user_1,83,83,
214,0,670000,0,user_1,84,84,
271,0,2500000,0,user_1,85,85,
338,0,1100000,0,user_10,86,86,
339,1,970000,0,user_10,86,86,
385,0,340000,545000,user_1,87,87,
437,0,120000,146000,user_10,88,88,
481,0,1300000,0,user_1,89,89,
536,0,30000000,0,user_1,90,90,
537,1,670000,0,user_1,90,90,
582,0,320000,0,user_1,91,91,
583,1,73000,0,user_1,91,91,
643,0,220000,24700,user_10,92,92,
686,0,2100000,0,user_1,93,93,
741,0,3500000,0,user_1,94,94,
739,1,2100000,0,user_1,94,94,
740,2,1600000,0,user_1,94,94,
738,3,160000,0,user_1,94,94,
737,4,110000,0,user_1,94,94,
788,0,4200000,21800,user_2,95,95,
832,1,4199999,0,builder_2,95,95,788
833,2,260001,0,builder_2,95,95,789
789,3,260000,121000,user_2,95,95,
835,0,1000000,0,user_1,96,96,
886,0,5000000,0,user_1,97,97,
887,1,300000,3130,user_1,97,97,
951,0,1000000,769000,user_1,98,98,
1015,0,260000,0,user_10,99,99,
1014,1,130000,146000,user_10,99,99,
1013,2,77000,0,user_10,99,99,
1,0,2100000,0,user_1,100,100,
55,0,1400000,0,user_1,101,101,
54,1,80000,11200,user_1,101,101,
114,0,3200000,0,user_1,102,102,
158,0,2600000,0,user_1,103,103,
214,0,670000,0,user_1,104,104,
271,0,2500000,0,user_1,105,105,
338,0,1100000,0,user_10,106,106,
339,1,970000,0,user_10,106,106,
385,0,340000,545000,user_1,107,107,
437,0,120000,146000,user_10,108,108,
481,0,1300000,0,user_1,109,109,
536,0,30000000,0,user_1,110,110,
537,1,670000,0,user_1,110,110,
582,0,320000,0,user_1,111,111,
583,1,73000,0,user_1,111,111,
643,0,220000,24700,user_10,112,112,
686,0,2100000,0,user_1,113,113,
741,0,3500000,0,user_1,114,114,
739,1,2100000,0,user_1,114,114,
740,2,1600000,0,user_1,114,114,
738,3,160000,0,user_1,114,114,
737,4,110000,0,user_1,114,114,
788,0,4200000,21800,user_2,115,115,
832,1,4199999,0,builder_2,115,115,788
833,2,260001,0,builder_2,115,115,789
789,3,260000,121000,user_2,115,115,
835,0,1000000,0,user_1,116,116,
886,0,5000000,0,user_1,117,117,
887,1,300000,3130,user_1,117,117,
951,0,1000000,769000,user_1,118,118,
1015,0,260000,0,user_10,119,119,
1014,1,130000,146000,user_10,119,119,
1013,2,77000,0,user_10,119,119,
2088,0,2400000,0,user_1,120,120,
2157,0,6100000,381000,user_10,121,121,
2214,0,3500000,0,user_1,122,122,
2279,0,100000,0,user_10,123,123,
2370,0,870000,0,user_1,125,125,
2371,1,370000,0,user_1,125,125,
2414,0,350000,75000,user_1,126,126,
2413,1,320000,0,user_1,126,126,
2479,0,1400000,0,user_1,127,127,
2519,0,27000000,0,user_1,128,128,
2564,0,110000,0,user_1,129,129,
2622,0,1500000,84800,user_2,130,130,
2675,1,1499999,0,builder_2,130,130,2622
2676,0,420000,0,user_2,131,131,
2724,0,360000,17000,user_1,132,132,
2722,1,120000,0,user_1,132,132,
2723,2,120000,0,user_1,132,132,
2791,0,1700000,0,user_10,133,133,
2843,0,120000,0,user_10,134,134,
2891,0,1500000,0,user_1,135,135,
2958,0,110000,0,user_10,136,136,
3009,0,5200000,0,user_10,137,137,
3061,0,6300000,0,user_1,138,138,
3060,1,2300000,3130,user_1,138,138,
3062,2,160000,0,user_1,138,138,
3120,0,630000,0,user_2,139,139,
3121,1,420000,0,user_2,139,139,
1051,0,1100000,0,user_1,140,140,
1050,1,350000,0,user_1,140,140,
1109,0,910000,0,user_10,141,141,
1159,0,120000,0,user_1,142,142,
1211,0,110000,0,user_1,143,143,
1210,1,98000,43600,user_1,143,143,
1280,0,240000,5640,user_10,144,144,
1324,0,1900000,60700,user_1,145,145,
1374,0,84000,0,user_1,146,146,
1424,0,1300000,410000,user_1,147,147,
1480,0,910000,0,user_1,148,148,
1481,1,120000,0,user_1,148,148,
1534,0,130000,0,user_1,149,149,
1533,1,120000,0,user_1,149,149,
1594,0,120000,0,user_10,150,150,
1637,0,5200000,0,user_1,151,151,
1688,0,150000,0,user_1,152,152,
1741,0,87000,0,user_1,153,153,
1786,0,350000,0,user_2,154,154,
1840,0,1400000,0,user_1,155,155,
1882,0,2000000,0,user_2,156,156,
1935,0,320000,0,user_10,157,157,
1936,1,77000,0,user_10,157,157,
1989,0,3200000,0,user_10,158,158,
2041,0,6300000,0,user_1,159,159,
1,0,2100000,0,user_1,160,160,
55,0,1400000,0,user_1,161,161,
54,1,80000,11200,user_1,161,161,
114,0,3200000,0,user_1,162,162,
158,0,2600000,0,user_1,163,163,
214,0,670000,0,user_1,164,164,
271,0,2500000,0,user_1,165,165,
338,0,1100000,0,user_10,166,166,
339,1,970000,0,user_10,166,166,
385,0,340000,545000,user_1,167,167,
437,0,120000,146000,user_10,168,168,
481,0,1300000,0,user_1,169,169,
536,0,30000000,0,user_1,170,170,
537,1,670000,0,user_1,170,170,
582,0,320000,0,user_1,171,171,
583,1,73000,0,user_1,171,171,
643,0,220000,24700,user_10,172,172,
686,0,2100000,0,user_1,173,173,
741,0,3500000,0,user_1,174,174,
739,1,2100000,0,user_1,174,174,
740,2,1600000,0,user_1,174,174,
738,3,160000,0,user_1,174,174,
737,4,110000,0,user_1,174,174,
788,0,4200000,21800,user_2,175,175,
832,1,4199999,0,builder_2,175,175,788
833,2,260001,0,builder_2,175,175,789
789,3,260000,121000,user_2,175,175,
835,0,1000000,0,user_1,176,176,
886,0,5000000,0,user_1,177,177,
887,1,300000,3130,user_1,177,177,
951,0,1000000,769000,user_1,178,178,
1015,0,260000,0,user_10,179,179,
1014,1,130000,146000,user_10,179,179,
1013,2,77000,0,user_10,179,179,
1,0,2100000,0,user_1,180,180,
55,0,1400000,0,user_1,181,181,
54,1,80000,11200,user_1,181,181,
114,0,3200000,0,user_1,182,182,
158,0,2600000,0,user_1,183,183,
214,0,670000,0,user_1,184,184,
271,0,2500000,0,user_1,185,185,
338,0,1100000,0,user_10,186,186,
339,1,970000,0,user_10,186,186,
385,0,340000,545000,user_1,187,187,
437,0,120000,146000,user_10,188,188,
481,0,1300000,0,user_1,189,189,
536,0,30000000,0,user_1,190,190,
537,1,670000,0,user_1,190,190,
582,0,320000,0,user_1,191,191,
583,1,73000,0,user_1,191,191,
643,0,220000,24700,user_10,192,192,
686,0,2100000,0,user_1,193,193,
741,0,3500000,0,user_1,194,194,
739,1,2100000,0,user_1,194,194,
740,2,1600000,0,user_1,194,194,
738,3,160000,0,user_1,194,194,
737,4,110000,0,user_1,194,194,
788,0,4200000,21800,user_2,195,195,
832,1,4199999,0,builder_2,195,195,788
833,2,260001,0,builder_2,195,195,789
789,3,260000,121000,user_2,195,195,
835,0,1000000,0,user_1,196,196,
886,0,5000000,0,user_1,197,197,
887,1,300000,3130,user_1,197,197,
951,0,1000000,769000,user_1,198,198,
1015,0,260000,0,user_10,199,199,
1014,1,130000,146000,user_10,199,199,
1013,2,77000,0,user_10,199,199,
1051,0,1100000,0,user_1,200,200,
1050,1,350000,0,user_1,200,200,
1109,0,910000,0,user_10,201,201,
1159,0,120000,0,user_1,202,202,
1211,0,110000,0,user_1,203,203,
1210,1,98000,43600,user_1,203,203,
1280,0,240000,5640,user_10,204,204,
1324,0,1900000,60700,user_1,205,205,
1374,0,84000,0,user_1,206,206,
1424,0,1300000,410000,user_1,207,207,
1480,0,910000,0,user_1,208,208,
1481,1,120000,0,user_1,208,208,
1534,0,130000,0,user_1,209,209,
1533,1,120000,0,user_1,209,209,
1594,0,120000,0,user_10,210,210,
1637,0,5200000,0,user_1,211,211,
1688,0,150000,0,user_1,212,212,
1741,0,87000,0,user_1,213,213,
1786,0,350000,0,user_2,214,214,
1840,0,1400000,0,user_1,215,215,
1882,0,2000000,0,user_2,216,216,
1935,0,320000,0,user_10,217,217,
1936,1,77000,0,user_10,217,217,
1989,0,3200000,0,user_10,218,218,
2041,0,6300000,0,user_1,219,219,
3173,0,2000000,0,user_1,220,220,
3219,0,1400000,0,user_1,221,221,
3220,1,460000,0,user_1,221,221,
3218,2,77000,84800,user_1,221,221,
3282,0,220000,0,user_10,222,222,
3327,0,83000,68100,user_10,223,223,
3371,0,2100000,0,user_2,224,224,
3427,0,130000,0,user_1,225,225,
3499,0,4200000,0,user_1,226,226,
3563,0,3600000,0,user_1,227,227,
3614,0,260000,0,user_1,228,228,
3672,0,30000000,68100,user_10,229,229,
3673,1,160000,0,user_10,229,229,
3724,0,1800000,6390,user_10,230,230,
3755,0,130000,0,user_1,231,231,
3817,0,630000,0,user_1,232,232,
3818,1,110000,0,user_1,232,232,
3867,0,1900000,0,user_1,233,233,
3866,1,1600000,0,user_1,233,233,
3865,2,630000,0,user_1,233,233,
3864,3,150000,0,user_1,233,233,
3863,4,120000,0,user_1,233,233,
3912,0,5000000,0,user_1,234,234,
3911,1,170000,4320000,user_1,234,234,
3965,0,120000,0,user_1,235,235,
4008,0,600000,0,user_1,236,236,
4069,0,110000,0,user_10,237,237,
4132,0,2000000,0,user_10,238,238,
4172,0,6300000,0,user_1,239,239,
4173,1,1000000,0,user_1,239,239,
2088,0,2400000,0,user_1,240,240,
2157,0,6100000,381000,user_10,241,241,
2214,0,3500000,0,user_1,242,242,
2279,0,100000,0,user_10,243,243,
2370,0,870000,0,user_1,245,245,
2371,1,370000,0,user_1,245,245,
2414,0,350000,75000,user_1,246,246,
2413,1,320000,0,user_1,246,246,
2479,0,1400000,0,user_1,247,247,
2519,0,27000000,0,user_1,248,248,
2564,0,110000,0,user_1,249,249,
2622,0,1500000,84800,user_2,250,250,
2675,1,1499999,0,builder_2,250,250,2622
2676,0,420000,0,user_2,251,251,
2724,0,360000,17000,user_1,252,252,
2722,1,120000,0,user_1,252,252,
2723,2,120000,0,user_1,252,252,
2791,0,1700000,0,user_10,253,253,
2843,0,120000,0,user_10,254,254,
2891,0,1500000,0,user_1,255,255,
2958,0,110000,0,user_10,256,256,
3009,0,5200000,0,user_10,257,257,
3061,0,6300000,0,user_1,258,258,
3060,1,2300000,3130,user_1,258,258,
3062,2,160000,0,user_1,258,258,
3120,0,630000,0,user_2,259,259,
3121,1,420000,0,user_2,259,259,
1051,0,1100000,0,user_1,260,260,
1050,1,350000,0,user_1,260,260,
1109,0,910000,0,user_10,261,261,
1159,0,120000,0,user_1,262,262,
1211,0,110000,0,user_1,263,263,
1210,1,98000,43600,user_1,263,263,
1280,0,240000,5640,user_10,264,264,
1324,0,1900000,60700,user_1,265,265,
1374,0,84000,0,user_1,266,266,
1424,0,1300000,410000,user_1,267,267,
1480,0,910000,0,user_1,268,268,
1481,1,120000,0,user_1,268,268,
1534,0,130000,0,user_1,269,269,
1533,1,120000,0,user_1,269,269,
1594,0,120000,0,user_10,270,270,
1637,0,5200000,0,user_1,271,271,
1688,0,150000,0,user_1,272,272,
1741,0,87000,0,user_1,273,273,
1786,0,350000,0,user_2,274,274,
1840,0,1400000,0,user_1,275,275,
1882,0,2000000,0,user_2,276,276,
1935,0,320000,0,user_10,277,277,
1936,1,77000,0,user_10,277,277,
1989,0,3200000,0,user_10,278,278,
2041,0,6300000,0,user_1,279,279,
1,0,2100000,0,user_1,280,280,
55,0,1400000,0,user_1,281,281,
54,1,80000,11200,user_1,281,281,
114,0,3200000,0,user_1,282,282,
158,0,2600000,0,user_1,283,283,
214,0,670000,0,user_1,284,284,
271,0,2500000,0,user_1,285,285,
338,0,1100000,0,user_10,286,286,
339,1,970000,0,user_10,286,286,
385,0,340000,545000,user_1,287,287,
437,0,120000,146000,user_10,288,288,
481,0,1300000,0,user_1,289,289,
536,0,30000000,0,user_1,290,290,
537,1,670000,0,user_1,290,290,
582,0,320000,0,user_1,291,291,
583,1,73000,0,user_1,291,291,
643,0,220000,24700,user_10,292,292,
686,0,2100000,0,user_1,293,293,
741,0,3500000,0,user_1,294,294,
739,1,2100000,0,user_1,294,294,
740,2,1600000,0,user_1,294,294,
738,3,160000,0,user_1,294,294,
737,4,110000,0,user_1,294,294,
788,0,4200000,21800,user_2,295,295,
832,1,4199999,0,builder_2,295,295,788
833,2,260001,0,builder_2,295,295,789
789,3,260000,121000,user_2,295,295,
835,0,1000000,0,user_1,296,296,
886,0,5000000,0,user_1,297,297,
887,1,300000,3130,user_1,297,297,
951,0,1000000,769000,user_1,298,298,
1015,0,260000,0,user_10,299,299,
1014,1,130000,146000,user_10,299,299,
1013,2,77000,0,user_10,299,299,
1051,0,1100000,0,user_1,300,300,
1050,1,350000,0,user_1,300,300,
1109,0,910000,0,user_10,301,301,
1159,0,120000,0,user_1,302,302,
1211,0,110000,0,user_1,303,303,
1210,1,98000,43600,user_1,303,303,
1280,0,240000,5640,user_10,304,304,
1324,0,1900000,60700,user_1,305,305,
1374,0,84000,0,user_1,306,306,
1424,0,1300000,410000,user_1,307,307,
1480,0,910000,0,user_1,308,308,
1481,1,120000,0,user_1,308,308,
1534,0,130000,0,user_1,309,309,
1533,1,120000,0,user_1,309,309,
1594,0,120000,0,user_10,310,310,
1637,0,5200000,0,user_1,311,311,
1688,0,150000,0,user_1,312,312,
1741,0,87000,0,user_1,313,313,
1786,0,350000,0,user_2,314,314,
1840,0,1400000,0,user_1,315,315,
1882,0,2000000,0,user_2,316,316,
1935,0,320000,0,user_10,317,317,
1936,1,77000,0,user_10,317,317,
1989,0,3200000,0,user_10,318,318,
2041,0,6300000,0,user_1,319,319,
1,0,2100000,0,user_1,320,320,
55,0,1400000,0,user_1,321,321,
54,1,80000,11200,user_1,321,321,
114,0,3200000,0,user_1,322,322,
158,0,2600000,0,user_1,323,323,
214,0,670000,0,user_1,324,324,
271,0,2500000,0,user_1,325,325,
338,0,1100000,0,user_10,326,326,
339,1,970000,0,user_10,326,326,
385,0,340000,545000,user_1,327,327,
437,0,120000,146000,user_10,328,328,
481,0,1300000,0,user_1,329,329,
536,0,30000000,0,user_1,330,330,
537,1,670000,0,user_1,330,330,
582,0,320000,0,user_1,331,331,
583,1,73000,0,user_1,331,331,
643,0,220000,24700,user_10,332,332,
686,0,2100000,0,user_1,333,333,
741,0,3500000,0,user_1,334,334,
739,1,2100000,0,user_1,334,334,
740,2,1600000,0,user_1,334,334,
738,3,160000,0,user_1,334,334,
737,4,110000,0,user_1,334,334,
788,0,4200000,21800,user_2,335,335,
832,1,4199999,0,builder_2,335,335,788
833,2,260001,0,builder_2,335,335,789
789,3,260000,121000,user_2,335,335,
835,0,1000000,0,user_1,336,336,
886,0,5000000,0,user_1,337,337,
887,1,300000,3130,user_1,337,337,
951,0,1000000,769000,user_1,338,338,
1015,0,260000,0,user_10,339,339,
1014,1,130000,146000,user_10,339,339,
1013,2,77000,0,user_10,339,339,
2088,0,2400000,0,user_1,340,340,
2157,0,6100000,381000,user_10,341,341,
2214,0,3500000,0,user_1,342,342,
2279,0,100000,0,user_10,343,343,
2370,0,870000,0,user_1,345,345,
2371,1,370000,0,user_1,345,345,
2414,0,350000,75000,user_1,346,346,
2413,1,320000,0,user_1,346,346,
2479,0,1400000,0,user_1,347,347,
2519,0,27000000,0,user_1,348,348,
2564,0,110000,0,user_1,349,349,
2622,0,1500000,84800,user_2,350,350,
2675,1,1499999,0,builder_2,350,350,2622
2676,0,420000,0,user_2,351,351,
2724,0,360000,17000,user_1,352,352,
2722,1,120000,0,user_1,352,352,
2723,2,120000,0,user_1,352,352,
2791,0,1700000,0,user_10,353,353,
2843,0,120000,0,user_10,354,354,
2891,0,1500000,0,user_1,355,355,
2958,0,110000,0,user_10,356,356,
3009,0,5200000,0,user_10,357,357,
3061,0,6300000,0,user_1,358,358,
3060,1,2300000,3130,user_1,358,358,
3062,2,160000,0,user_1,358,358,
3120,0,630000,0,user_2,359,359,
3121,1,420000,0,user_2,359,359,
4239,0,1000000,0,user_10,360,360,
4290,0,220000,0,user_10,361,361,
4326,0,220000,5640,user_1,362,362,
4379,0,1600000,49100,user_1,363,363,
4380,1,340000,0,user_1,363,363,
4417,0,530000,42000,user_1,364,364,
4470,0,260000,0,user_10,365,365,
4518,0,1500000,195000,user_1,366,366,
4585,0,3600000,350000,user_1,367,367,
4586,1,2100000,0,user_1,367,367,
4648,0,870000,0,user_10,368,368,
4647,1,240000,0,user_10,368,368,
4691,0,110000,195000,user_1,369,369,
4731,0,260000,0,user_1,370,370,
4780,0,30000000,0,user_1,371,371,
4838,0,5000000,0,user_1,372,372,
4835,1,1200000,0,user_1,372,372,
4836,2,630000,350000,user_1,372,372,
4837,3,110000,100000,user_1,372,372,
4880,0,2600000,0,user_1,373,373,
4879,1,1800000,0,user_1,373,373,
4883,2,970000,6390,user_1,373,373,
4881,3,460000,0,user_1,373,373,
4882,4,110000,0,user_1,373,373,
4942,0,98000,0,user_1,374,374,
4989,0,82000,0,user_1,375,375,
5037,0,1500000,0,user_2,376,376,
5036,1,100000,0,user_2,376,376,
5094,0,260000,0,user_10,377,377,
5149,0,1200000,0,user_1,378,378,
5220,0,19000000,0,user_10,379,379,
5218,1,1500000,0,user_10,379,379,
5217,2,1100000,0,user_10,379,379,
5219,3,420000,215000,user_10,379,379,
3173,0,2000000,0,user_1,380,380,
3219,0,1400000,0,user_1,381,381,
3220,1,460000,0,user_1,381,381,
3218,2,77000,84800,user_1,381,381,
3282,0,220000,0,user_10,382,382,
3327,0,83000,68100,user_10,383,383,
3371,0,2100000,0,user_2,384,384,
3427,0,130000,0,user_1,385,385,
3499,0,4200000,0,user_1,386,386,
3563,0,3600000,0,user_1,387,387,
3614,0,260000,0,user_1,388,388,
3672,0,30000000,68100,user_10,389,389,
3673,1,160000,0,user_10,389,389,
3724,0,1800000,6390,user_10,390,390,
3755,0,130000,0,user_1,391,391,
3817,0,630000,0,user_1,392,392,
3818,1,110000,0,user_1,392,392,
3867,0,1900000,0,user_1,393,393,
3866,1,1600000,0,user_1,393,393,
3865,2,630000,0,user_1,393,393,
3864,3,150000,0,user_1,393,393,
3863,4,120000,0,user_1,393,393,
3912,0,5000000,0,user_1,394,394,
3911,1,170000,4320000,user_1,394,394,
3965,0,120000,0,user_1,395,395,
4008,0,600000,0,user_1,396,396,
4069,0,110000,0,user_10,397,397,
4132,0,2000000,0,user_10,398,398,
4172,0,6300000,0,user_1,399,399,
4173,1,1000000,0,user_1,399,399,
1051,0,1100000,0,user_1,400,400,
1050,1,350000,0,user_1,400,400,
1109,0,910000,0,user_10,401,401,
1159,0,120000,0,user_1,402,402,
1211,0,110000,0,user_1,403,403,
1210,1,98000,43600,user_1,403,403,
1280,0,240000,5640,user_10,404,404,
1324,0,1900000,60700,user_1,405,405,
1374,0,84000,0,user_1,406,406,
1424,0,1300000,410000,user_1,407,407,
1480,0,910000,0,user_1,408,408,
1481,1,120000,0,user_1,408,408,
1534,0,130000,0,user_1,409,409,
1533,1,120000,0,user_1,409,409,
1594,0,120000,0,user_10,410,410,
1637,0,5200000,0,user_1,411,411,
1688,0,150000,0,user_1,412,412,
1741,0,87000,0,user_1,413,413,
1786,0,350000,0,user_2,414,414,
1840,0,1400000,0,user_1,415,415,
1882,0,2000000,0,user_2,416,416,
1935,0,320000,0,user_10,417,417,
1936,1,77000,0,user_10,417,417,
1989,0,3200000,0,user_10,418,418,
2041,0,6300000,0,user_1,419,419,
2088,0,2400000,0,user_1,420,420,
2157,0,6100000,381000,user_10,421,421,
2214,0,3500000,0,user_1,422,422,
2279,0,100000,0,user_10,423,423,
2370,0,870000,0,user_1,425,425,
2371,1,370000,0,user_1,425,425,
2414,0,350000,75000,user_1,426,426,
2413,1,320000,0,user_1,426,426,
2479,0,1400000,0,user_1,427,427,
2519,0,27000000,0,user_1,428,428,
2564,0,110000,0,user_1,429,429,
2622,0,1500000,84800,user_2,430,430,
2675,1,1499999,0,builder_2,430,430,2622
2676,0,420000,0,user_2,431,431,
2724,0,360000,17000,user_1,432,432,
2722,1,120000,0,user_1,432,432,
2723,2,120000,0,user_1,432,432,
2791,0,1700000,0,user_10,433,433,
2843,0,120000,0,user_10,434,434,
2891,0,1500000,0,user_1,435,435,
2958,0,110000,0,user_10,436,436,
3009,0,5200000,0,user_10,437,437,
3061,0,6300000,0,user_1,438,438,
3060,1,2300000,3130,user_1,438,438,
3062,2,160000,0,user_1,438,438,
3120,0,630000,0,user_2,439,439,
3121,1,420000,0,user_2,439,439,
2088,0,2400000,0,user_1,440,440,
2157,0,6100000,381000,user_10,441,441,
2214,0,3500000,0,user_1,442,442,
2279,0,100000,0,user_10,443,443,
2370,0,870000,0,user_1,445,445,
2371,1,370000,0,user_1,445,445,
2414,0,350000,75000,user_1,446,446,
2413,1,320000,0,user_1,446,446,
2479,0,1400000,0,user_1,447,447,
2519,0,27000000,0,user_1,448,448,
2564,0,110000,0,user_1,449,449,
2622,0,1500000,84800,user_2,450,450,
2675,1,1499999,0,builder_2,450,450,2622
2676,0,420000,0,user_2,451,451,
2724,0,360000,17000,user_1,452,452,
2722,1,120000,0,user_1,452,452,
2723,2,120000,0,user_1,452,452,
2791,0,1700000,0,user_10,453,453,
2843,0,120000,0,user_10,454,454,
2891,0,1500000,0,user_1,455,455,
2958,0,110000,0,user_10,456,456,
3009,0,5200000,0,user_10,457,457,
3061,0,6300000,0,user_1,458,458,
3060,1,2300000,3130,user_1,458,458,
3062,2,160000,0,user_1,458,458,
3120,0,630000,0,user_2,459,459,
3121,1,420000,0,user_2,459,459,
1,0,2100000,0,user_1,460,460,
55,0,1400000,0,user_1,461,461,
54,1,80000,11200,user_1,461,461,
114,0,3200000,0,user_1,462,462,
158,0,2600000,0,user_1,463,463,
214,0,670000,0,user_1,464,464,
271,0,2500000,0,user_1,465,465,
338,0,1100000,0,user_10,466,466,
339,1,970000,0,user_10,466,466,
385,0,340000,545000,user_1,467,467,
437,0,120000,146000,user_10,468,468,
481,0,1300000,0,user_1,469,469,
536,0,30000000,0,user_1,470,470,
537,1,670000,0,user_1,470,470,
582,0,320000,0,user_1,471,471,
583,1,73000,0,user_1,471,471,
643,0,220000,24700,user_10,472,472,
686,0,2100000,0,user_1,473,473,
741,0,3500000,0,user_1,474,474,
739,1,2100000,0,user_1,474,474,
740,2,1600000,0,user_1,474,474,
738,3,160000,0,user_1,474,474,
737,4,110000,0,user_1,474,474,
788,0,4200000,21800,user_2,475,475,
832,1,4199999,0,builder_2,475,475,788
833,2,260001,0,builder_2,475,475,789
789,3,260000,121000,user_2,475,475,
835,0,1000000,0,user_1,476,476,
886,0,5000000,0,user_1,477,477,
887,1,300000,3130,user_1,477,477,
951,0,1000000,769000,user_1,478,478,
1015,0,260000,0,user_10,479,479,
1014,1,130000,146000,user_10,479,479,
1013,2,77000,0,user_10,479,479,
3173,0,2000000,0,user_1,480,480,
3219,0,1400000,0,user_1,481,481,
3220,1,460000,0,user_1,481,481,
3218,2,77000,84800,user_1,481,481,
3282,0,220000,0,user_10,482,482,
3327,0,83000,68100,user_10,483,483,
3371,0,2100000,0,user_2,484,484,
3427,0,130000,0,user_1,485,485,
3499,0,4200000,0,user_1,486,486,
3563,0,3600000,0,user_1,487,487,
3614,0,260000,0,user_1,488,488,
3672,0,30000000,68100,user_10,489,489,
3673,1,160000,0,user_10,489,489,
3724,0,1800000,6390,user_10,490,490,
3755,0,130000,0,user_1,491,491,
3817,0,630000,0,user_1,492,492,
3818,1,110000,0,user_1,492,492,
3867,0,1900000,0,user_1,493,493,
3866,1,1600000,0,user_1,493,493,
3865,2,630000,0,user_1,493,493,
3864,3,150000,0,user_1,493,493,
3863,4,120000,0,user_1,493,493,
3912,0,5000000,0,user_1,494,494,
3911,1,170000,4320000,user_1,494,494,
3965,0,120000,0,user_1,495,495,
4008,0,600000,0,user_1,496,496,
4069,0,110000,0,user_10,497,497,
4132,0,2000000,0,user_10,498,498,
4172,0,6300000,0,user_1,499,499,
4173,1,1000000,0,user_1,499,499,
4239,0,1000000,0,user_10,500,500,
4290,0,220000,0,user_10,501,501,
4326,0,220000,5640,user_1,502,502,
4379,0,1600000,49100,user_1,503,503,
4380,1,340000,0,user_1,503,503,
4417,0,530000,42000,user_1,504,504,
4470,0,260000,0,user_10,505,505,
4518,0,1500000,195000,user_1,506,506,
4585,0,3600000,350000,user_1,507,507,
4586,1,2100000,0,user_1,507,507,
4648,0,870000,0,user_10,508,508,
4647,1,240000,0,user_10,508,508,
4691,0,110000,195000,user_1,509,509,
4731,0,260000,0,user_1,510,510,
4780,0,30000000,0,user_1,511,511,
4838,0,5000000,0,user_1,512,512,
4835,1,1200000,0,user_1,512,512,
4836,2,630000,350000,user_1,512,512,
4837,3,110000,100000,user_1,512,512,
4880,0,2600000,0,user_1,513,513,
4879,1,1800000,0,user_1,513,513,
4883,2,970000,6390,user_1,513,513,
4881,3,460000,0,user_1,513,513,
4882,4,110000,0,user_1,513,513,
4942,0,98000,0,user_1,514,514,
4989,0,82000,0,user_1,515,515,
5037,0,1500000,0,user_2,516,516,
5036,1,100000,0,user_2,516,516,
5094,0,260000,0,user_10,517,517,
5149,0,1200000,0,user_1,518,518,
5220,0,19000000,0,user_10,519,519,
5218,1,1500000,0,user_10,519,519,
5217,2,1100000,0,user_10,519,519,
5219,3,420000,215000,user_10,519,519,
5254,0,370000,0,user_1,520,520,
5255,1,220000,0,user_1,520,520,
5306,0,420000,17700000,user_1,521,521,
5364,0,970000,0,user_1,522,522,
5365,1,260000,108000,user_1,522,522,
5433,0,160000,0,user_10,523,523,
5432,1,110000,0,user_10,523,523,
5434,2,110000,0,user_10,523,523,
5431,3,98000,0,user_10,523,523,
5493,0,120000,256000,user_1,524,524,
5550,0,1500000,33100,user_1,525,525,
5551,1,910000,0,user_1,525,525,
5607,0,110000,0,user_1,526,526,
5653,0,6300000,0,user_1,527,527,
5708,0,73000,0,user_1,528,528,
5770,0,370000,0,user_10,529,529,
5805,0,2000000,0,user_2,530,530,
5855,1,530001,0,builder_2,530,530,5803
5803,2,530000,5640,user_2,530,530,
5804,3,220000,0,user_2,530,530,
5802,4,120000,0,user_2,530,530,
5857,0,110000,0,user_1,531,531,
5908,0,220000,0,user_10,532,532,
5951,0,110000,0,user_1,533,533,
6020,0,1000000,0,user_10,534,534,
6021,1,220000,0,user_10,534,534,
6059,0,19000000,0,user_1,535,535,
6060,1,2000000,0,user_1,535,535,
6122,0,190000,0,user_10,536,536,
6123,1,85000,0,user_10,536,536,
6167,0,1600000,0,user_1,537,537,
6168,1,970000,10700,user_1,537,537,
6226,0,260000,0,user_2,538,538,
6227,1,110000,0,user_2,538,538,
6278,0,4500000,0,user_1,539,539,
2088,0,2400000,0,user_1,540,540,
2157,0,6100000,381000,user_10,541,541,
2214,0,3500000,0,user_1,542,542,
2279,0,100000,0,user_10,543,543,
2370,0,870000,0,user_1,545,545,
2371,1,370000,0,user_1,545,545,
2414,0,350000,75000,user_1,546,546,
2413,1,320000,0,user_1,546,546,
2479,0,1400000,0,user_1,547,547,
2519,0,27000000,0,user_1,548,548,
2564,0,110000,0,user_1,549,549,
2622,0,1500000,84800,user_2,550,550,
2675,1,1499999,0,builder_2,550,550,2622
2676,0,420000,0,user_2,551,551,
2724,0,360000,17000,user_1,552,552,
2722,1,120000,0,user_1,552,552,
2723,2,120000,0,user_1,552,552,
2791,0,1700000,0,user_10,553,553,
2843,0,120000,0,user_10,554,554,
2891,0,1500000,0,user_1,555,555,
2958,0,110000,0,user_10,556,556,
3009,0,5200000,0,user_10,557,557,
3061,0,6300000,0,user_1,558,558,
3060,1,2300000,3130,user_1,558,558,
3062,2,160000,0,user_1,558,558,
3120,0,630000,0,user_2,559,559,
3121,1,420000,0,user_2,559,559,
1051,0,1100000,0,user_1,560,560,
1050,1,350000,0,user_1,560,560,
1109,0,910000,0,user_10,561,561,
1159,0,120000,0,user_1,562,562,
1211,0,110000,0,user_1,563,563,
1210,1,98000,43600,user_1,563,563,
1280,0,240000,5640,user_10,564,564,
1324,0,1900000,60700,user_1,565,565,
1374,0,84000,0,user_1,566,566,
1424,0,1300000,410000,user_1,567,567,
1480,0,910000,0,user_1,568,568,
1481,1,120000,0,user_1,568,568,
1534,0,130000,0,user_1,569,569,
1533,1,120000,0,user_1,569,569,
1594,0,120000,0,user_10,570,570,
1637,0,5200000,0,user_1,571,571,
1688,0,150000,0,user_1,572,572,
1741,0,87000,0,user_1,573,573,
1786,0,350000,0,user_2,574,574,
1840,0,1400000,0,user_1,575,575,
1882,0,2000000,0,user_2,576,576,
1935,0,320000,0,user_10,577,577,
1936,1,77000,0,user_10,577,577,
1989,0,3200000,0,user_10,578,578,
2041,0,6300000,0,user_1,579,579,
3173,0,2000000,0,user_1,580,580,
3219,0,1400000,0,user_1,581,581,
3220,1,460000,0,user_1,581,581,
3218,2,77000,84800,user_1,581,581,
3282,0,220000,0,user_10,582,582,
3327,0,83000,68100,user_10,583,583,
3371,0,2100000,0,user_2,584,584,
3427,0,130000,0,user_1,585,585,
3499,0,4200000,0,user_1,586,586,
3563,0,3600000,0,user_1,587,587,
3614,0,260000,0,user_1,588,588,
3672,0,30000000,68100,user_10,589,589,
3673,1,160000,0,user_10,589,589,
3724,0,1800000,6390,user_10,590,590,
3755,0,130000,0,user_1,591,591,
3817,0,630000,0,user_1,592,592,
3818,1,110000,0,user_1,592,592,
3867,0,1900000,0,user_1,593,593,
3866,1,1600000,0,user_1,593,593,
3865,2,630000,0,user_1,593,593,
3864,3,150000,0,user_1,593,593,
3863,4,120000,0,user_1,593,593,
3912,0,5000000,0,user_1,594,594,
3911,1,170000,4320000,user_1,594,594,
3965,0,120000,0,user_1,595,595,
4008,0,600000,0,user_1,596,596,
4069,0,110000,0,user_10,597,597,
4132,0,2000000,0,user_10,598,598,
4172,0,6300000,0,user_1,599,599,
4173,1,1000000,0,user_1,599,599,
1051,0,1100000,0,user_1,600,600,
1050,1,350000,0,user_1,600,600,
1109,0,910000,0,user_10,601,601,
1159,0,120000,0,user_1,602,602,
1211,0,110000,0,user_1,603,603,
1210,1,98000,43600,user_1,603,603,
1280,0,240000,5640,user_10,604,604,
1324,0,1900000,60700,user_1,605,605,
1374,0,84000,0,user_1,606,606,
1424,0,1300000,410000,user_1,607,607,
1480,0,910000,0,user_1,608,608,
1481,1,120000,0,user_1,608,608,
1534,0,130000,0,user_1,609,609,
1533,1,120000,0,user_1,609,609,
1594,0,120000,0,user_10,610,610,
1637,0,5200000,0,user_1,611,611,
1688,0,150000,0,user_1,612,612,
1741,0,87000,0,user_1,613,613,
1786,0,350000,0,user_2,614,614,
1840,0,1400000,0,user_1,615,615,
1882,0,2000000,0,user_2,616,616,
1935,0,320000,0,user_10,617,617,
1936,1,77000,0,user_10,617,617,
1989,0,3200000,0,user_10,618,618,
2041,0,6300000,0,user_1,619,619,
1051,0,1100000,0,user_1,620,620,
1050,1,350000,0,user_1,620,620,
1109,0,910000,0,user_10,621,621,
1159,0,120000,0,user_1,622,622,
1211,0,110000,0,user_1,623,623,
1210,1,98000,43600,user_1,623,623,
1280,0,240000,5640,user_10,624,624,
1324,0,1900000,60700,user_1,625,625,
1374,0,84000,0,user_1,626,626,
1424,0,1300000,410000,user_1,627,627,
1480,0,910000,0,user_1,628,628,
1481,1,120000,0,user_1,628,628,
1534,0,130000,0,user_1,629,629,
1533,1,120000,0,user_1,629,629,
1594,0,120000,0,user_10,630,630,
1637,0,5200000,0,user_1,631,631,
1688,0,150000,0,user_1,632,632,
1741,0,87000,0,user_1,633,633,
1786,0,350000,0,user_2,634,634,
1840,0,1400000,0,user_1,635,635,
1882,0,2000000,0,user_2,636,636,
1935,0,320000,0,user_10,637,637,
1936,1,77000,0,user_10,637,637,
1989,0,3200000,0,user_10,638,638,
2041,0,6300000,0,user_1,639,639,
4239,0,1000000,0,user_10,640,640,
4290,0,220000,0,user_10,641,641,
4326,0,220000,5640,user_1,642,642,
4379,0,1600000,49100,user_1,643,643,
4380,1,340000,0,user_1,643,643,
4417,0,530000,42000,user_1,644,644,
4470,0,260000,0,user_10,645,645,
4518,0,1500000,195000,user_1,646,646,
4585,0,3600000,350000,user_1,647,647,
4586,1,2100000,0,user_1,647,647,
4648,0,870000,0,user_10,648,648,
4647,1,240000,0,user_10,648,648,
4691,0,110000,195000,user_1,649,649,
4731,0,260000,0,user_1,650,650,
4780,0,30000000,0,user_1,651,651,
4838,0,5000000,0,user_1,652,652,
4835,1,1200000,0,user_1,652,652,
4836,2,630000,350000,user_1,652,652,
4837,3,110000,100000,user_1,652,652,
4880,0,2600000,0,user_1,653,653,
4879,1,1800000,0,user_1,653,653,
4883,2,970000,6390,user_1,653,653,
4881,3,460000,0,user_1,653,653,
4882,4,110000,0,user_1,653,653,
4942,0,98000,0,user_1,654,654,
4989,0,82000,0,user_1,655,655,
5037,0,1500000,0,user_2,656,656,
5036,1,100000,0,user_2,656,656,
5094,0,260000,0,user_10,657,657,
5149,0,1200000,0,user_1,658,658,
5220,0,19000000,0,user_10,659,659,
5218,1,1500000,0,user_10,659,659,
5217,2,1100000,0,user_10,659,659,
5219,3,420000,215000,user_10,659,659,
5254,0,370000,0,user_1,660,660,
5255,1,220000,0,user_1,660,660,
5306,0,420000,17700000,user_1,661,661,
5364,0,970000,0,user_1,662,662,
5365,1,260000,108000,user_1,662,662,
5433,0,160000,0,user_10,663,663,
5432,1,110000,0,user_10,663,663,
5434,2,110000,0,user_10,663,663,
5431,3,98000,0,user_10,663,663,
5493,0,120000,256000,user_1,664,664,
5550,0,1500000,33100,user_1,665,665,
5551,1,910000,0,user_1,665,665,
5607,0,110000,0,user_1,666,666,
5653,0,6300000,0,user_1,667,667,
5708,0,73000,0,user_1,668,668,
5770,0,370000,0,user_10,669,669,
5805,0,2000000,0,user_2,670,670,
5855,1,530001,0,builder_2,670,670,5803
5803,2,530000,5640,user_2,670,670,
5804,3,220000,0,user_2,670,670,
5802,4,120000,0,user_2,670,670,
5857,0,110000,0,user_1,671,671,
5908,0,220000,0,user_10,672,672,
5951,0,110000,0,user_1,673,673,
6020,0,1000000,0,user_10,674,674,
6021,1,220000,0,user_10,674,674,
6059,0,19000000,0,user_1,675,675,
6060,1,2000000,0,user_1,675,675,
6122,0,190000,0,user_10,676,676,
6123,1,85000,0,user_10,676,676,
6167,0,1600000,0,user_1,677,677,
6168,1,970000,10700,user_1,677,677,
6226,0,260000,0,user_2,678,678,
6227,1,110000,0,user_2,678,678,
6278,0,4500000,0,user_1,679,679,
6320,0,530000,0,user_1,680,680,
6387,0,1400000,16400,user_10,681,681,
6389,1,470000,64600,user_10,681,681,
6388,2,110000,959000,user_10,681,681,
6428,0,670000,0,user_1,682,682,
6429,1,600000,0,user_1,682,682,
6542,0,2300000,146000,user_1,684,684,
6543,1,600000,594000,user_1,684,684,
6541,2,340000,0,user_1,684,684,
6599,0,4500000,0,user_1,685,685,
6601,1,2000000,0,user_1,685,685,
6600,2,420000,0,user_1,685,685,
6598,3,160000,0,user_1,685,685,
6597,4,110000,0,user_1,685,685,
6653,0,2400000,0,user_1,686,686,
6654,1,1600000,0,user_1,686,686,
6715,0,910000,0,user_1,687,687,
6755,0,190000,0,user_2,688,688,
6756,1,120000,0,user_2,688,688,
6792,0,2500000,0,user_1,689,689,
6793,1,340000,0,user_1,689,689,
6860,0,530000,0,user_1,690,690,
6908,0,1400000,10700,user_1,691,691,
6965,0,1500000,0,user_1,692,692,
6964,1,340000,0,user_1,692,692,
7023,0,660000,0,user_1,693,693,
7078,0,170000,0,user_1,694,694,
7150,0,30000000,369000,user_10,695,695,
7149,1,220000,350000,user_10,695,695,
7151,2,160000,0,user_10,695,695,
7199,0,6300000,0,user_1,696,696,
7256,0,1100000,0,user_2,697,697,
7321,0,420000,0,user_1,698,698,
7382,0,310000,0,user_10,699,699,
2088,0,2400000,0,user_1,700,700,
2157,0,6100000,381000,user_10,701,701,
2214,0,3500000,0,user_1,702,702,
2279,0,100000,0,user_10,703,703,
2370,0,870000,0,user_1,705,705,
2371,1,370000,0,user_1,705,705,
2414,0,350000,75000,user_1,706,706,
2413,1,320000,0,user_1,706,706,
2479,0,1400000,0,user_1,707,707,
2519,0,27000000,0,user_1,708,708,
2564,0,110000,0,user_1,709,709,
2622,0,1500000,84800,user_2,710,710,
2675,1,1499999,0,builder_2,710,710,2622
2676,0,420000,0,user_2,711,711,
2724,0,360000,17000,user_1,712,712,
2722,1,120000,0,user_1,712,712,
2723,2,120000,0,user_1,712,712,
2791,0,1700000,0,user_10,713,713,
2843,0,120000,0,user_10,714,714,
2891,0,1500000,0,user_1,715,715,
2958,0,110000,0,user_10,716,716,
3009,0,5200000,0,user_10,717,717,
3061,0,6300000,0,user_1,718,718,
3060,1,2300000,3130,user_1,718,718,
3062,2,160000,0,user_1,718,718,
3120,0,630000,0,user_2,719,719,
3121,1,420000,0,user_2,719,719,
3173,0,2000000,0,user_1,720,720,
3219,0,1400000,0,user_1,721,721,
3220,1,460000,0,user_1,721,721,
3218,2,77000,84800,user_1,721,721,
3282,0,220000,0,user_10,722,722,
3327,0,83000,68100,user_10,723,723,
3371,0,2100000,0,user_2,724,724,
3427,0,130000,0,user_1,725,725,
3499,0,4200000,0,user_1,726,726,
3563,0,3600000,0,user_1,727,727,
3614,0,260000,0,user_1,728,728,
3672,0,30000000,68100,user_10,729,729,
3673,1,160000,0,user_10,729,729,
3724,0,1800000,6390,user_10,730,730,
3755,0,130000,0,user_1,731,731,
3817,0,630000,0,user_1,732,732,
3818,1,110000,0,user_1,732,732,
3867,0,1900000,0,user_1,733,733,
3866,1,1600000,0,user_1,733,733,
3865,2,630000,0,user_1,733,733,
3864,3,150000,0,user_1,733,733,
3863,4,120000,0,user_1,733,733,
3912,0,5000000,0,user_1,734,734,
3911,1,170000,4320000,user_1,734,734,
3965,0,120000,0,user_1,735,735,
4008,0,600000,0,user_1,736,736,
4069,0,110000,0,user_10,737,737,
4132,0,2000000,0,user_10,738,738,
4172,0,6300000,0,user_1,739,739,
4173,1,1000000,0,user_1,739,739,
4239,0,1000000,0,user_10,740,740,
4290,0,220000,0,user_10,741,741,
4326,0,220000,5640,user_1,742,742,
4379,0,1600000,49100,user_1,743,743,
4380,1,340000,0,user_1,743,743,
4417,0,530000,42000,user_1,744,744,
4470,0,260000,0,user_10,745,745,
4518,0,1500000,195000,user_1,746,746,
4585,0,3600000,350000,user_1,747,747,
4586,1,2100000,0,user_1,747,747,
4648,0,870000,0,user_10,748,748,
4647,1,240000,0,user_10,748,748,
4691,0,110000,195000,user_1,749,749,
4731,0,260000,0,user_1,750,750,
4780,0,30000000,0,user_1,751,751,
4838,0,5000000,0,user_1,752,752,
4835,1,1200000,0,user_1,752,752,
4836,2,630000,350000,user_1,752,752,
4837,3,110000,100000,user_1,752,752,
4880,0,2600000,0,user_1,753,753,
4879,1,1800000,0,user_1,753,753,
4883,2,970000,6390,user_1,753,753,
4881,3,460000,0,user_1,753,753,
4882,4,110000,0,user_1,753,753,
4942,0,98000,0,user_1,754,754,
4989,0,82000,0,user_1,755,755,
5037,0,1500000,0,user_2,756,756,
5036,1,100000,0,user_2,756,756,
5094,0,260000,0,user_10,757,757,
5149,0,1200000,0,user_1,758,758,
5220,0,19000000,0,user_10,759,759,
5218,1,1500000,0,user_10,759,759,
5217,2,1100000,0,user_10,759,759,
5219,3,420000,215000,user_10,759,759,
3173,0,2000000,0,user_1,760,760,
3219,0,1400000,0,user_1,761,761,
3220,1,460000,0,user_1,761,761,
3218,2,77000,84800,user_1,761,761,
3282,0,220000,0,user_10,762,762,
3327,0,83000,68100,user_10,763,763,
3371,0,2100000,0,user_2,764,764,
3427,0,130000,0,user_1,765,765,
3499,0,4200000,0,user_1,766,766,
3563,0,3600000,0,user_1,767,767,
3614,0,260000,0,user_1,768,768,
3672,0,30000000,68100,user_10,769,769,
3673,1,160000,0,user_10,769,769,
3724,0,1800000,6390,user_10,770,770,
3755,0,130000,0,user_1,771,771,
3817,0,630000,0,user_1,772,772,
3818,1,110000,0,user_1,772,772,
3867,0,1900000,0,user_1,773,773,
3866,1,1600000,0,user_1,773,773,
3865,2,630000,0,user_1,773,773,
3864,3,150000,0,user_1,773,773,
3863,4,120000,0,user_1,773,773,
3912,0,5000000,0,user_1,774,774,
3911,1,170000,4320000,user_1,774,774,
3965,0,120000,0,user_1,775,775,
4008,0,600000,0,user_1,776,776,
4069,0,110000,0,user_10,777,777,
4132,0,2000000,0,user_10,778,778,
4172,0,6300000,0,user_1,779,779,
4173,1,1000000,0,user_1,779,779,
2088,0,2400000,0,user_1,780,780,
2157,0,6100000,381000,user_10,781,781,
2214,0,3500000,0,user_1,782,782,
2279,0,100000,0,user_10,783,783,
2370,0,870000,0,user_1,785,785,
2371,1,370000,0,user_1,785,785,
2414,0,350000,75000,user_1,786,786,
2413,1,320000,0,user_1,786,786,
2479,0,1400000,0,user_1,787,787,
2519,0,27000000,0,user_1,788,788,
2564,0,110000,0,user_1,789,789,
2622,0,1500000,84800,user_2,790,790,
2675,1,1499999,0,builder_2,790,790,2622
2676,0,420000,0,user_2,791,791,
2724,0,360000,17000,user_1,792,792,
2722,1,120000,0,user_1,792,792,
2723,2,120000,0,user_1,792,792,
2791,0,1700000,0,user_10,793,793,
2843,0,120000,0,user_10,794,794,
2891,0,1500000,0,user_1,795,795,
2958,0,110000,0,user_10,796,796,
3009,0,5200000,0,user_10,797,797,
3061,0,6300000,0,user_1,798,798,
3060,1,2300000,3130,user_1,798,798,
3062,2,160000,0,user_1,798,798,
3120,0,630000,0,user_2,799,799,
3121,1,420000,0,user_2,799,799,
5254,0,370000,0,user_1,800,800,
5255,1,220000,0,user_1,800,800,
5306,0,420000,17700000,user_1,801,801,
5364,0,970000,0,user_1,802,802,
5365,1,260000,108000,user_1,802,802,
5433,0,160000,0,user_10,803,803,
5432,1,110000,0,user_10,803,803,
5434,2,110000,0,user_10,803,803,
5431,3,98000,0,user_10,803,803,
5493,0,120000,256000,user_1,804,804,
5550,0,1500000,33100,user_1,805,805,
5551,1,910000,0,user_1,805,805,
5607,0,110000,0,user_1,806,806,
5653,0,6300000,0,user_1,807,807,
5708,0,73000,0,user_1,808,808,
5770,0,370000,0,user_10,809,809,
5805,0,2000000,0,user_2,810,810,
5855,1,530001,0,builder_2,810,810,5803
5803,2,530000,5640,user_2,810,810,
5804,3,220000,0,user_2,810,810,
5802,4,120000,0,user_2,810,810,
5857,0,110000,0,user_1,811,811,
5908,0,220000,0,user_10,812,812,
5951,0,110000,0,user_1,813,813,
6020,0,1000000,0,user_10,814,814,
6021,1,220000,0,user_10,814,814,
6059,0,19000000,0,user_1,815,815,
6060,1,2000000,0,user_1,815,815,
6122,0,190000,0,user_10,816,816,
6123,1,85000,0,user_10,816,816,
6167,0,1600000,0,user_1,817,817,
6168,1,970000,10700,user_1,817,817,
6226,0,260000,0,user_2,818,818,
6227,1,110000,0,user_2,818,818,
6278,0,4500000,0,user_1,819,819,
4239,0,1000000,0,user_10,820,820,
4290,0,220000,0,user_10,821,821,
4326,0,220000,5640,user_1,822,822,
4379,0,1600000,49100,user_1,823,823,
4380,1,340000,0,user_1,823,823,
4417,0,530000,42000,user_1,824,824,
4470,0,260000,0,user_10,825,825,
4518,0,1500000,195000,user_1,826,826,
4585,0,3600000,350000,user_1,827,827,
4586,1,2100000,0,user_1,827,827,
4648,0,870000,0,user_10,828,828,
4647,1,240000,0,user_10,828,828,
4691,0,110000,195000,user_1,829,829,
4731,0,260000,0,user_1,830,830,
4780,0,30000000,0,user_1,831,831,
4838,0,5000000,0,user_1,832,832,
4835,1,1200000,0,user_1,832,832,
4836,2,630000,350000,user_1,832,832,
4837,3,110000,100000,user_1,832,832,
4880,0,2600000,0,user_1,833,833,
4879,1,1800000,0,user_1,833,833,
4883,2,970000,6390,user_1,833,833,
4881,3,460000,0,user_1,833,833,
4882,4,110000,0,user_1,833,833,
4942,0,98000,0,user_1,834,834,
4989,0,82000,0,user_1,835,835,
5037,0,1500000,0,user_2,836,836,
5036,1,100000,0,user_2,836,836,
5094,0,260000,0,user_10,837,837,
5149,0,1200000,0,user_1,838,838,
5220,0,19000000,0,user_10,839,839,
5218,1,1500000,0,user_10,839,839,
5217,2,1100000,0,user_10,839,839,
5219,3,420000,215000,user_10,839,839,
1051,0,1100000,0,user_1,840,840,
1050,1,350000,0,user_1,840,840,
1109,0,910000,0,user_10,841,841,
1159,0,120000,0,user_1,842,842,
1211,0,110000,0,user_1,843,843,
1210,1,98000,43600,user_1,843,843,
1280,0,240000,5640,user_10,844,844,
1324,0,1900000,60700,user_1,845,845,
1374,0,84000,0,user_1,846,846,
1424,0,1300000,410000,user_1,847,847,
1480,0,910000,0,user_1,848,848,
1481,1,120000,0,user_1,848,848,
1534,0,130000,0,user_1,849,849,
1533,1,120000,0,user_1,849,849,
1594,0,120000,0,user_10,850,850,
1637,0,5200000,0,user_1,851,851,
1688,0,150000,0,user_1,852,852,
1741,0,87000,0,user_1,853,853,
1786,0,350000,0,user_2,854,854,
1840,0,1400000,0,user_1,855,855,
1882,0,2000000,0,user_2,856,856,
1935,0,320000,0,user_10,857,857,
1936,1,77000,0,user_10,857,857,
1989,0,3200000,0,user_10,858,858,
2041,0,6300000,0,user_1,859,859,
3173,0,2000000,0,user_1,860,860,
3219,0,1400000,0,user_1,861,861,
3220,1,460000,0,user_1,861,861,
3218,2,77000,84800,user_1,861,861,
3282,0,220000,0,user_10,862,862,
3327,0,83000,68100,user_10,863,863,
3371,0,2100000,0,user_2,864,864,
3427,0,130000,0,user_1,865,865,
3499,0,4200000,0,user_1,866,866,
3563,0,3600000,0,user_1,867,867,
3614,0,260000,0,user_1,868,868,
3672,0,30000000,68100,user_10,869,869,
3673,1,160000,0,user_10,869,869,
3724,0,1800000,6390,user_10,870,870,
3755,0,130000,0,user_1,871,871,
3817,0,630000,0,user_1,872,872,
3818,1,110000,0,user_1,872,872,
3867,0,1900000,0,user_1,873,873,
3866,1,1600000,0,user_1,873,873,
3865,2,630000,0,user_1,873,873,
3864,3,150000,0,user_1,873,873,
3863,4,120000,0,user_1,873,873,
3912,0,5000000,0,user_1,874,874,
3911,1,170000,4320000,user_1,874,874,
3965,0,120000,0,user_1,875,875,
4008,0,600000,0,user_1,876,876,
4069,0,110000,0,user_10,877,877,
4132,0,2000000,0,user_10,878,878,
4172,0,6300000,0,user_1,879,879,
4173,1,1000000,0,user_1,879,879,
5254,0,370000,0,user_1,880,880,
5255,1,220000,0,user_1,880,880,
5306,0,420000,17700000,user_1,881,881,
5364,0,970000,0,user_1,882,882,
5365,1,260000,108000,user_1,882,882,
5433,0,160000,0,user_10,883,883,
5432,1,110000,0,user_10,883,883,
5434,2,110000,0,user_10,883,883,
5431,3,98000,0,user_10,883,883,
5493,0,120000,256000,user_1,884,884,
5550,0,1500000,33100,user_1,885,885,
5551,1,910000,0,user_1,885,885,
5607,0,110000,0,user_1,886,886,
5653,0,6300000,0,user_1,887,887,
5708,0,73000,0,user_1,888,888,
5770,0,370000,0,user_10,889,889,
5805,0,2000000,0,user_2,890,890,
5855,1,530001,0,builder_2,890,890,5803
5803,2,530000,5640,user_2,890,890,
5804,3,220000,0,user_2,890,890,
5802,4,120000,0,user_2,890,890,
5857,0,110000,0,user_1,891,891,
5908,0,220000,0,user_10,892,892,
5951,0,110000,0,user_1,893,893,
6020,0,1000000,0,user_10,894,894,
6021,1,220000,0,user_10,894,894,
6059,0,19000000,0,user_1,895,895,
6060,1,2000000,0,user_1,895,895,
6122,0,190000,0,user_10,896,896,
6123,1,85000,0,user_10,896,896,
6167,0,1600000,0,user_1,897,897,
6168,1,970000,10700,user_1,897,897,
6226,0,260000,0,user_2,898,898,
6227,1,110000,0,user_2,898,898,
6278,0,4500000,0,user_1,899,899,
6320,0,530000,0,user_1,900,900,
6387,0,1400000,16400,user_10,901,901,
6389,1,470000,64600,user_10,901,901,
6388,2,110000,959000,user_10,901,901,
6428,0,670000,0,user_1,902,902,
6429,1,600000,0,user_1,902,902,
6542,0,2300000,146000,user_1,904,904,
6543,1,600000,594000,user_1,904,904,
6541,2,340000,0,user_1,904,904,
6599,0,4500000,0,user_1,905,905,
6601,1,2000000,0,user_1,905,905,
6600,2,420000,0,user_1,905,905,
6598,3,160000,0,user_1,905,905,
6597,4,110000,0,user_1,905,905,
6653,0,2400000,0,user_1,906,906,
6654,1,1600000,0,user_1,906,906,
6715,0,910000,0,user_1,907,907,
6755,0,190000,0,user_2,908,908,
6756,1,120000,0,user_2,908,908,
6792,0,2500000,0,user_1,909,909,
6793,1,340000,0,user_1,909,909,
6860,0,530000,0,user_1,910,910,
6908,0,1400000,10700,user_1,911,911,
6965,0,1500000,0,user_1,912,912,
6964,1,340000,0,user_1,912,912,
7023,0,660000,0,user_1,913,913,
7078,0,170000,0,user_1,914,914,
7150,0,30000000,369000,user_10,915,915,
7149,1,220000,350000,user_10,915,915,
7151,2,160000,0,user_10,915,915,
7199,0,6300000,0,user_1,916,916,
7256,0,1100000,0,user_2,917,917,
7321,0,420000,0,user_1,918,918,
7382,0,310000,0,user_10,919,919,
4239,0,1000000,0,user_10,920,920,
4290,0,220000,0,user_10,921,921,
4326,0,220000,5640,user_1,922,922,
4379,0,1600000,49100,user_1,923,923,
4380,1,340000,0,user_1,923,923,
4417,0,530000,42000,user_1,924,924,
4470,0,260000,0,user_10,925,925,
4518,0,1500000,195000,user_1,926,926,
4585,0,3600000,350000,user_1,927,927,
4586,1,2100000,0,user_1,927,927,
4648,0,870000,0,user_10,928,928,
4647,1,240000,0,user_10,928,928,
4691,0,110000,195000,user_1,929,929,
4731,0,260000,0,user_1,930,930,
4780,0,30000000,0,user_1,931,931,
4838,0,5000000,0,user_1,932,932,
4835,1,1200000,0,user_1,932,932,
4836,2,630000,350000,user_1,932,932,
4837,3,110000,100000,user_1,932,932,
4880,0,2600000,0,user_1,933,933,
4879,1,1800000,0,user_1,933,933,
4883,2,970000,6390,user_1,933,933,
4881,3,460000,0,user_1,933,933,
4882,4,110000,0,user_1,933,933,
4942,0,98000,0,user_1,934,934,
4989,0,82000,0,user_1,935,935,
5037,0,1500000,0,user_2,936,936,
5036,1,100000,0,user_2,936,936,
5094,0,260000,0,user_10,937,937,
5149,0,1200000,0,user_1,938,938,
5220,0,19000000,0,user_10,939,939,
5218,1,1500000,0,user_10,939,939,
5217,2,1100000,0,user_10,939,939,
5219,3,420000,215000,user_10,939,939,
3173,0,2000000,0,user_1,940,940,
3219,0,1400000,0,user_1,941,941,
3220,1,460000,0,user_1,941,941,
3218,2,77000,84800,user_1,941,941,
3282,0,220000,0,user_10,942,942,
3327,0,83000,68100,user_10,943,943,
3371,0,2100000,0,user_2,944,944,
3427,0,130000,0,user_1,945,945,
3499,0,4200000,0,user_1,946,946,
3563,0,3600000,0,user_1,947,947,
3614,0,260000,0,user_1,948,948,
3672,0,30000000,68100,user_10,949,949,
3673,1,160000,0,user_10,949,949,
3724,0,1800000,6390,user_10,950,950,
3755,0,130000,0,user_1,951,951,
3817,0,630000,0,user_1,952,952,
3818,1,110000,0,user_1,952,952,
3867,0,1900000,0,user_1,953,953,
3866,1,1600000,0,user_1,953,953,
3865,2,630000,0,user_1,953,953,
3864,3,150000,0,user_1,953,953,
3863,4,120000,0,user_1,953,953,
3912,0,5000000,0,user_1,954,954,
3911,1,170000,4320000,user_1,954,954,
3965,0,120000,0,user_1,955,955,
4008,0,600000,0,user_1,956,956,
4069,0,110000,0,user_10,957,957,
4132,0,2000000,0,user_10,958,958,
4172,0,6300000,0,user_1,959,959,
4173,1,1000000,0,user_1,959,959,
2088,0,2400000,0,user_1,960,960,
2157,0,6100000,381000,user_10,961,961,
2214,0,3500000,0,user_1,962,962,
2279,0,100000,0,user_10,963,963,
2370,0,870000,0,user_1,965,965,
2371,1,370000,0,user_1,965,965,
2414,0,350000,75000,user_1,966,966,
2413,1,320000,0,user_1,966,966,
2479,0,1400000,0,user_1,967,967,
2519,0,27000000,0,user_1,968,968,
2564,0,110000,0,user_1,969,969,
2622,0,1500000,84800,user_2,970,970,
2675,1,1499999,0,builder_2,970,970,2622
2676,0,420000,0,user_2,971,971,
2724,0,360000,17000,user_1,972,972,
2722,1,120000,0,user_1,972,972,
2723,2,120000,0,user_1,972,972,
2791,0,1700000,0,user_10,973,973,
2843,0,120000,0,user_10,974,974,
2891,0,1500000,0,user_1,975,975,
2958,0,110000,0,user_10,976,976,
3009,0,5200000,0,user_10,977,977,
3061,0,6300000,0,user_1,978,978,
3060,1,2300000,3130,user_1,978,978,
3062,2,160000,0,user_1,978,978,
3120,0,630000,0,user_2,979,979,
3121,1,420000,0,user_2,979,979,
7433,0,5000000,0,user_1,980,980,
7481,0,120000,0,user_1,981,981,
7545,0,350000,0,user_1,982,982,
7595,0,260000,0,user_1,983,983,
7650,0,150000,0,user_1,984,984,
7698,0,82000,0,user_1,985,985,
7758,0,530000,0,user_1,986,986,
7757,1,120000,0,user_1,986,986,
7805,0,1700000,0,user_1,987,987,
7864,0,870000,139000,user_1,988,988,
7919,0,1100000,67900,user_1,989,989,
7977,0,370000,0,user_1,990,990,
8032,0,43000000,0,user_1,991,991,
8083,0,150000,181000,user_1,992,992,
8082,1,70000,0,user_1,992,992,
8141,0,27000000,0,user_1,993,993,
8198,0,27000000,545000,user_1,994,994,
8254,0,150000,0,user_1,995,995,
8411,0,110001,0,builder_2,997,997,8352
8352,1,110000,15700,user_2,997,997,
8414,0,1000000,0,user_1,998,998,
8413,1,110000,12800,user_1,998,998,
8471,0,43000000,0,user_10,999,999,
