block_num,builder_id,total_gas_fee,total_mev,included_txs
0,builder_13,5300000,0,
1,builder_13,29162999,481800,
2,builder_13,59374005,335830,
3,builder_11,7340002,0,
4,builder_13,260590003,137000,
5,builder_11,81212999,179700,
6,builder_13,146349997,540130,
7,builder_11,13090000,0,
8,builder_13,258039002,108000,
9,builder_11,15365001,5180,
10,builder_13,350279983,1742380,
11,builder_13,486999,0,
12,builder_11,21610005,22040,
13,builder_13,287940033,195000,
14,builder_13,160190000,4440300,
15,builder_13,59986001,281540,
16,builder_13,42799990,12800,
17,builder_11,91678003,11864700,
18,builder_13,175910003,1209600,
19,builder_13,59889004,1549200,
20,builder_13,5300000,0,
21,builder_13,29162999,481800,
22,builder_13,59374005,335830,
23,builder_11,7340002,0,
24,builder_13,260590003,137000,
25,builder_11,81212999,179700,
26,builder_13,146349997,540130,
27,builder_11,13090000,0,
28,builder_13,258039002,108000,
29,builder_11,15365001,5180,
30,builder_13,350279983,1742380,
31,builder_13,486999,0,
32,builder_11,21610005,22040,
33,builder_13,287940033,195000,
34,builder_13,160190000,4440300,
35,builder_13,59986001,281540,
36,builder_13,42799990,12800,
37,builder_11,91678003,11864700,
38,builder_13,175910003,1209600,
39,builder_13,59889004,1549200,
40,builder_13,5300000,0,
41,builder_13,29162999,481800,
42,builder_13,59374005,335830,
43,builder_11,7340002,0,
44,builder_13,260590003,137000,
45,builder_11,81212999,179700,
46,builder_13,146349997,540130,
47,builder_11,13090000,0,
48,builder_13,258039002,108000,
49,builder_11,15365001,5180,
50,builder_13,350279983,1742380,
51,builder_13,486999,0,
52,builder_11,21610005,22040,
53,builder_13,287940033,195000,
54,builder_13,160190000,4440300,
55,builder_13,59986001,281540,
56,builder_13,42799990,12800,
57,builder_11,91678003,11864700,
58,builder_13,175910003,1209600,
59,builder_13,59889004,1549200,
60,builder_13,5300000,0,
61,builder_13,29162999,481800,
62,builder_13,59374005,335830,
63,builder_11,7340002,0,
64,builder_13,260590003,137000,
65,builder_11,81212999,179700,
66,builder_13,146349997,540130,
67,builder_11,13090000,0,
68,builder_13,258039002,108000,
69,builder_11,15365001,5180,
70,builder_13,350279983,1742380,
71,builder_13,486999,0,
72,builder_11,21610005,22040,
73,builder_13,287940033,195000,
74,builder_13,160190000,4440300,
75,builder_13,59986001,281540,
76,builder_13,42799990,12800,
77,builder_11,91678003,11864700,
78,builder_13,175910003,1209600,
79,builder_13,59889004,1549200,
80,builder_13,5300000,0,
81,builder_13,29162999,481800,
82,builder_13,59374005,335830,
83,builder_11,7340002,0,
84,builder_13,260590003,137000,
85,builder_11,81212999,179700,
86,builder_13,146349997,540130,
87,builder_11,13090000,0,
88,builder_13,258039002,108000,
89,builder_11,15365001,5180,
90,builder_13,350279983,1742380,
91,builder_13,486999,0,
92,builder_11,21610005,22040,
93,builder_13,287940033,195000,
94,builder_13,160190000,4440300,
95,builder_13,59986001,281540,
96,builder_13,42799990,12800,
97,builder_11,91678003,11864700,
98,builder_13,175910003,1209600,
99,builder_13,59889004,1549200,
100,builder_13,5300000,0,
101,builder_13,29162999,481800,
102,builder_13,59374005,335830,
103,builder_11,7340002,0,
104,builder_13,260590003,137000,
105,builder_11,81212999,179700,
106,builder_13,146349997,540130,
107,builder_11,13090000,0,
108,builder_13,258039002,108000,
109,builder_11,15365001,5180,
110,builder_13,350279983,1742380,
111,builder_13,486999,0,
112,builder_11,21610005,22040,
113,builder_13,287940033,195000,
114,builder_13,160190000,4440300,
115,builder_13,59986001,281540,
116,builder_13,42799990,12800,
117,builder_11,91678003,11864700,
118,builder_13,175910003,1209600,
119,builder_13,59889004,1549200,
120,builder_13,5300000,0,
121,builder_13,29162999,481800,
122,builder_13,59374005,335830,
123,builder_11,7340002,0,
124,builder_13,260590003,137000,
125,builder_11,81212999,179700,
126,builder_13,146349997,540130,
127,builder_11,13090000,0,
128,builder_13,258039002,108000,
129,builder_11,15365001,5180,
130,builder_13,350279983,1742380,
131,builder_13,486999,0,
132,builder_11,21610005,22040,
133,builder_13,287940033,195000,
134,builder_13,160190000,4440300,
135,builder_13,59986001,281540,
136,builder_13,42799990,12800,
137,builder_11,91678003,11864700,
138,builder_13,175910003,1209600,
139,builder_13,59889004,1549200,
140,builder_13,5300000,0,
141,builder_13,29162999,481800,
142,builder_13,59374005,335830,
143,builder_11,7340002,0,
144,builder_13,260590003,137000,
145,builder_11,81212999,179700,
146,builder_13,146349997,540130,
147,builder_11,13090000,0,
148,builder_13,258039002,108000,
149,builder_11,15365001,5180,
150,builder_13,350279983,1742380,
151,builder_13,486999,0,
152,builder_11,21610005,22040,
153,builder_13,287940033,195000,
154,builder_13,160190000,4440300,
155,builder_13,59986001,281540,
156,builder_13,42799990,12800,
157,builder_11,91678003,11864700,
158,builder_13,175910003,1209600,
159,builder_13,59889004,1549200,
160,builder_13,5300000,0,
161,builder_13,29162999,481800,
162,builder_13,59374005,335830,
163,builder_11,7340002,0,
164,builder_13,260590003,137000,
165,builder_11,81212999,179700,
166,builder_13,146349997,540130,
167,builder_11,13090000,0,
168,builder_13,258039002,108000,
169,builder_11,15365001,5180,
170,builder_13,350279983,1742380,
171,builder_13,486999,0,
172,builder_11,21610005,22040,
173,builder_13,287940033,195000,
174,builder_13,160190000,4440300,
175,builder_13,59986001,281540,
176,builder_13,42799990,12800,
177,builder_11,91678003,11864700,
178,builder_13,175910003,1209600,
179,builder_13,59889004,1549200,
180,builder_13,5300000,0,
181,builder_13,29162999,481800,
182,builder_13,59374005,335830,
183,builder_11,7340002,0,
184,builder_13,260590003,137000,
185,builder_11,81212999,179700,
186,builder_13,146349997,540130,
187,builder_11,13090000,0,
188,builder_13,258039002,108000,
189,builder_11,15365001,5180,
190,builder_13,350279983,1742380,
191,builder_13,486999,0,
192,builder_11,21610005,22040,
193,builder_13,287940033,195000,
194,builder_13,160190000,4440300,
195,builder_13,59986001,281540,
196,builder_13,42799990,12800,
197,builder_11,91678003,11864700,
198,builder_13,175910003,1209600,
199,builder_13,59889004,1549200,
200,builder_13,5300000,0,
201,builder_13,29162999,481800,
202,builder_13,59374005,335830,
203,builder_11,7340002,0,
204,builder_13,260590003,137000,
205,builder_11,81212999,179700,
206,builder_13,146349997,540130,
207,builder_11,13090000,0,
208,builder_13,258039002,108000,
209,builder_11,15365001,5180,
210,builder_13,350279983,1742380,
211,builder_13,486999,0,
212,builder_11,21610005,22040,
213,builder_13,287940033,195000,
214,builder_13,160190000,4440300,
215,builder_13,59986001,281540,
216,builder_13,42799990,12800,
217,builder_11,91678003,11864700,
218,builder_13,175910003,1209600,
219,builder_13,59889004,1549200,
220,builder_13,5300000,0,
221,builder_13,29162999,481800,
222,builder_13,59374005,335830,
223,builder_11,7340002,0,
224,builder_13,260590003,137000,
225,builder_11,81212999,179700,
226,builder_13,146349997,540130,
227,builder_11,13090000,0,
228,builder_13,258039002,108000,
229,builder_11,15365001,5180,
230,builder_13,350279983,1742380,
231,builder_13,486999,0,
232,builder_11,21610005,22040,
233,builder_13,287940033,195000,
234,builder_13,160190000,4440300,
235,builder_13,59986001,281540,
236,builder_13,42799990,12800,
237,builder_11,91678003,11864700,
238,builder_13,175910003,1209600,
239,builder_13,59889004,1549200,
240,builder_13,5300000,0,
241,builder_13,29162999,481800,
242,builder_13,59374005,335830,
243,builder_11,7340002,0,
244,builder_13,260590003,137000,
245,builder_11,81212999,179700,
246,builder_13,146349997,540130,
247,builder_11,13090000,0,
248,builder_13,258039002,108000,
249,builder_11,15365001,5180,
250,builder_13,350279983,1742380,
251,builder_13,486999,0,
252,builder_11,21610005,22040,
253,builder_13,287940033,195000,
254,builder_13,160190000,4440300,
255,builder_13,59986001,281540,
256,builder_13,42799990,12800,
257,builder_11,91678003,11864700,
258,builder_13,175910003,1209600,
259,builder_13,59889004,1549200,
260,builder_13,5460000,0,
261,builder_13,9293000,0,
262,builder_11,57271999,1298200,
263,builder_11,40220002,0,
264,builder_13,171558996,1315120,
265,builder_13,9680001,0,
266,builder_2,68407008,635500,
267,builder_13,288110015,2452370,
268,builder_13,60776999,283700,
269,builder_13,9200000,0,
270,builder_11,3199999,322000,
271,builder_13,336500000,1525900,
272,builder_13,38215001,549300,
273,builder_13,198486994,477740,
274,builder_13,72986003,544700,
275,builder_13,28369992,0,
276,builder_13,50047998,33100,
277,builder_13,196370000,937470,
278,builder_13,2445002,889400,
279,builder_11,996999,0,
280,builder_13,5460000,0,
281,builder_13,9293000,0,
282,builder_11,57271999,1298200,
283,builder_11,40220002,0,
284,builder_13,171558996,1315120,
285,builder_13,9680001,0,
286,builder_2,68407008,635500,
287,builder_13,288110015,2452370,
288,builder_13,60776999,283700,
289,builder_13,9200000,0,
290,builder_11,3199999,322000,
291,builder_13,336500000,1525900,
292,builder_13,38215001,549300,
293,builder_13,198486994,477740,
294,builder_13,72986003,544700,
295,builder_13,28369992,0,
296,builder_13,50047998,33100,
297,builder_13,196370000,937470,
298,builder_13,2445002,889400,
299,builder_11,996999,0,
300,builder_13,5460000,0,
301,builder_13,9293000,0,
302,builder_11,57271999,1298200,
303,builder_11,40220002,0,
304,builder_13,171558996,1315120,
305,builder_13,9680001,0,
306,builder_2,68407008,635500,
307,builder_13,288110015,2452370,
308,builder_13,60776999,283700,
309,builder_13,9200000,0,
310,builder_11,3199999,322000,
311,builder_13,336500000,1525900,
312,builder_13,38215001,549300,
313,builder_13,198486994,477740,
314,builder_13,72986003,544700,
315,builder_13,28369992,0,
316,builder_13,50047998,33100,
317,builder_13,196370000,937470,
318,builder_13,2445002,889400,
319,builder_11,996999,0,
320,builder_13,5460000,0,
321,builder_13,9293000,0,
322,builder_11,57271999,1298200,
323,builder_11,40220002,0,
324,builder_13,171558996,1315120,
325,builder_13,9680001,0,
326,builder_2,68407008,635500,
327,builder_13,288110015,2452370,
328,builder_13,60776999,283700,
329,builder_13,9200000,0,
330,builder_11,3199999,322000,
331,builder_13,336500000,1525900,
332,builder_13,38215001,549300,
333,builder_13,198486994,477740,
334,builder_13,72986003,544700,
335,builder_13,28369992,0,
336,builder_13,50047998,33100,
337,builder_13,196370000,937470,
338,builder_13,2445002,889400,
339,builder_11,996999,0,
340,builder_13,5460000,0,
341,builder_13,9293000,0,
342,builder_11,57271999,1298200,
343,builder_11,40220002,0,
344,builder_13,171558996,1315120,
345,builder_13,9680001,0,
346,builder_2,68407008,635500,
347,builder_13,288110015,2452370,
348,builder_13,60776999,283700,
349,builder_13,9200000,0,
350,builder_11,3199999,322000,
351,builder_13,336500000,1525900,
352,builder_13,38215001,549300,
353,builder_13,198486994,477740,
354,builder_13,72986003,544700,
355,builder_13,28369992,0,
356,builder_13,50047998,33100,
357,builder_13,196370000,937470,
358,builder_13,2445002,889400,
359,builder_11,996999,0,
360,builder_13,5460000,0,
361,builder_13,9293000,0,
362,builder_11,57271999,1298200,
363,builder_11,40220002,0,
364,builder_13,171558996,1315120,
365,builder_13,9680001,0,
366,builder_2,68407008,635500,
367,builder_13,288110015,2452370,
368,builder_13,60776999,283700,
369,builder_13,9200000,0,
370,builder_11,3199999,322000,
371,builder_13,336500000,1525900,
372,builder_13,38215001,549300,
373,builder_13,198486994,477740,
374,builder_13,72986003,544700,
375,builder_13,28369992,0,
376,builder_13,50047998,33100,
377,builder_13,196370000,937470,
378,builder_13,2445002,889400,
379,builder_11,996999,0,
380,builder_13,5460000,0,
381,builder_13,9293000,0,
382,builder_11,57271999,1298200,
383,builder_11,40220002,0,
384,builder_13,171558996,1315120,
385,builder_13,9680001,0,
386,builder_2,68407008,635500,
387,builder_13,288110015,2452370,
388,builder_13,60776999,283700,
389,builder_13,9200000,0,
390,builder_11,3199999,322000,
391,builder_13,336500000,1525900,
392,builder_13,38215001,549300,
393,builder_13,198486994,477740,
394,builder_13,72986003,544700,
395,builder_13,28369992,0,
396,builder_13,50047998,33100,
397,builder_13,196370000,937470,
398,builder_13,2445002,889400,
399,builder_11,996999,0,
400,builder_13,5460000,0,
401,builder_13,9293000,0,
402,builder_11,57271999,1298200,
403,builder_11,40220002,0,
404,builder_13,171558996,1315120,
405,builder_13,9680001,0,
406,builder_2,68407008,635500,
407,builder_13,288110015,2452370,
408,builder_13,60776999,283700,
409,builder_13,9200000,0,
410,builder_11,3199999,322000,
411,builder_13,336500000,1525900,
412,builder_13,38215001,549300,
413,builder_13,198486994,477740,
414,builder_13,72986003,544700,
415,builder_13,28369992,0,
416,builder_13,50047998,33100,
417,builder_13,196370000,937470,
418,builder_13,2445002,889400,
419,builder_11,996999,0,
420,builder_13,5460000,0,
421,builder_13,9293000,0,
422,builder_11,57271999,1298200,
423,builder_11,40220002,0,
424,builder_13,171558996,1315120,
425,builder_13,9680001,0,
426,builder_2,68407008,635500,
427,builder_13,288110015,2452370,
428,builder_13,60776999,283700,
429,builder_13,9200000,0,
430,builder_11,3199999,322000,
431,builder_13,336500000,1525900,
432,builder_13,38215001,549300,
433,builder_13,198486994,477740,
434,builder_13,72986003,544700,
435,builder_13,28369992,0,
436,builder_13,50047998,33100,
437,builder_13,196370000,937470,
438,builder_13,2445002,889400,
439,builder_11,996999,0,
440,builder_13,5460000,0,
441,builder_13,9293000,0,
442,builder_11,57271999,1298200,
443,builder_11,40220002,0,
444,builder_13,171558996,1315120,
445,builder_13,9680001,0,
446,builder_2,68407008,635500,
447,builder_13,288110015,2452370,
448,builder_13,60776999,283700,
449,builder_13,9200000,0,
450,builder_11,3199999,322000,
451,builder_13,336500000,1525900,
452,builder_13,38215001,549300,
453,builder_13,198486994,477740,
454,builder_13,72986003,544700,
455,builder_13,28369992,0,
456,builder_13,50047998,33100,
457,builder_13,196370000,937470,
458,builder_13,2445002,889400,
459,builder_11,996999,0,
460,builder_13,5460000,0,
461,builder_13,9293000,0,
462,builder_11,57271999,1298200,
463,builder_11,40220002,0,
464,builder_13,171558996,1315120,
465,builder_13,9680001,0,
466,builder_2,68407008,635500,
467,builder_13,288110015,2452370,
468,builder_13,60776999,283700,
469,builder_13,9200000,0,
470,builder_11,3199999,322000,
471,builder_13,336500000,1525900,
472,builder_13,38215001,549300,
473,builder_13,198486994,477740,
474,builder_13,72986003,544700,
475,builder_13,28369992,0,
476,builder_13,50047998,33100,
477,builder_13,196370000,937470,
478,builder_13,2445002,889400,
479,builder_11,996999,0,
480,builder_13,5460000,0,
481,builder_13,9293000,0,
482,builder_11,57271999,1298200,
483,builder_11,40220002,0,
484,builder_13,171558996,1315120,
485,builder_13,9680001,0,
486,builder_2,68407008,635500,
487,builder_13,288110015,2452370,
488,builder_13,60776999,283700,
489,builder_13,9200000,0,
490,builder_11,3199999,322000,
491,builder_13,336500000,1525900,
492,builder_13,38215001,549300,
493,builder_13,198486994,477740,
494,builder_13,72986003,544700,
495,builder_13,28369992,0,
496,builder_13,50047998,33100,
497,builder_13,196370000,937470,
498,builder_13,2445002,889400,
499,builder_11,996999,0,
500,builder_13,5460000,0,
501,builder_13,9293000,0,
502,builder_11,57271999,1298200,
503,builder_11,40220002,0,
504,builder_13,171558996,1315120,
505,builder_13,9680001,0,
506,builder_2,68407008,635500,
507,builder_13,288110015,2452370,
508,builder_13,60776999,283700,
509,builder_13,9200000,0,
510,builder_11,3199999,322000,
511,builder_13,336500000,1525900,
512,builder_13,38215001,549300,
513,builder_13,198486994,477740,
514,builder_13,72986003,544700,
515,builder_13,28369992,0,
516,builder_13,50047998,33100,
517,builder_13,196370000,937470,
518,builder_13,2445002,889400,
519,builder_11,996999,0,
520,builder_13,1300000,0,
521,builder_13,50216003,779000,
522,builder_11,34683001,1489000,
523,builder_13,22889003,822300,
524,builder_2,126063995,942520,
525,builder_13,175034990,1201220,
526,builder_13,216099993,961800,
527,builder_11,28998998,553310,
528,builder_13,23976995,0,
529,builder_11,176563009,133100,
530,builder_13,340010007,712910,
531,builder_13,490490989,19700,
532,builder_13,57670000,0,
533,builder_13,1114840012,259100,
534,builder_13,410943992,2139500,
535,builder_13,114616003,7840,
536,builder_13,179837997,108000,
537,builder_11,41570994,249000,
538,builder_13,390399990,483900,
539,builder_13,120329994,111100,
540,builder_13,1300000,0,
541,builder_13,50216003,779000,
542,builder_11,34683001,1489000,
543,builder_13,22889003,822300,
544,builder_2,126063995,942520,
545,builder_13,175034990,1201220,
546,builder_13,216099993,961800,
547,builder_11,28998998,553310,
548,builder_13,23976995,0,
549,builder_11,176563009,133100,
550,builder_13,340010007,712910,
551,builder_13,490490989,19700,
552,builder_13,57670000,0,
553,builder_13,1114840012,259100,
554,builder_13,410943992,2139500,
555,builder_13,114616003,7840,
556,builder_13,179837997,108000,
557,builder_11,41570994,249000,
558,builder_13,390399990,483900,
559,builder_13,120329994,111100,
560,builder_13,1300000,0,
561,builder_13,50216003,779000,
562,builder_11,34683001,1489000,
563,builder_13,22889003,822300,
564,builder_2,126063995,942520,
565,builder_13,175034990,1201220,
566,builder_13,216099993,961800,
567,builder_11,28998998,553310,
568,builder_13,23976995,0,
569,builder_11,176563009,133100,
570,builder_13,340010007,712910,
571,builder_13,490490989,19700,
572,builder_13,57670000,0,
573,builder_13,1114840012,259100,
574,builder_13,410943992,2139500,
575,builder_13,114616003,7840,
576,builder_13,179837997,108000,
577,builder_11,41570994,249000,
578,builder_13,390399990,483900,
579,builder_13,120329994,111100,
580,builder_13,1300000,0,
581,builder_13,50216003,779000,
582,builder_11,34683001,1489000,
583,builder_13,22889003,822300,
584,builder_2,126063995,942520,
585,builder_13,175034990,1201220,
586,builder_13,216099993,961800,
587,builder_11,28998998,553310,
588,builder_13,23976995,0,
589,builder_11,176563009,133100,
590,builder_13,340010007,712910,
591,builder_13,490490989,19700,
592,builder_13,57670000,0,
593,builder_13,1114840012,259100,
594,builder_13,410943992,2139500,
595,builder_13,114616003,7840,
596,builder_13,179837997,108000,
597,builder_11,41570994,249000,
598,builder_13,390399990,483900,
599,builder_13,120329994,111100,
600,builder_13,1300000,0,
601,builder_13,50216003,779000,
602,builder_11,34683001,1489000,
603,builder_13,22889003,822300,
604,builder_2,126063995,942520,
605,builder_13,175034990,1201220,
606,builder_13,216099993,961800,
607,builder_11,28998998,553310,
608,builder_13,23976995,0,
609,builder_11,176563009,133100,
610,builder_13,340010007,712910,
611,builder_13,490490989,19700,
612,builder_13,57670000,0,
613,builder_13,1114840012,259100,
614,builder_13,410943992,2139500,
615,builder_13,114616003,7840,
616,builder_13,179837997,108000,
617,builder_11,41570994,249000,
618,builder_13,390399990,483900,
619,builder_13,120329994,111100,
620,builder_13,1300000,0,
621,builder_13,50216003,779000,
622,builder_11,34683001,1489000,
623,builder_13,22889003,822300,
624,builder_2,126063995,942520,
625,builder_13,175034990,1201220,
626,builder_13,216099993,961800,
627,builder_11,28998998,553310,
628,builder_13,23976995,0,
629,builder_11,176563009,133100,
630,builder_13,340010007,712910,
631,builder_13,490490989,19700,
632,builder_13,57670000,0,
633,builder_13,1114840012,259100,
634,builder_13,410943992,2139500,
635,builder_13,114616003,7840,
636,builder_13,179837997,108000,
637,builder_11,41570994,249000,
638,builder_13,390399990,483900,
639,builder_13,120329994,111100,
640,builder_13,1300000,0,
641,builder_13,50216003,779000,
642,builder_11,34683001,1489000,
643,builder_13,22889003,822300,
644,builder_2,126063995,942520,
645,builder_13,175034990,1201220,
646,builder_13,216099993,961800,
647,builder_11,28998998,553310,
648,builder_13,23976995,0,
649,builder_11,176563009,133100,
650,builder_13,340010007,712910,
651,builder_13,490490989,19700,
652,builder_13,57670000,0,
653,builder_13,1114840012,259100,
654,builder_13,410943992,2139500,
655,builder_13,114616003,7840,
656,builder_13,179837997,108000,
657,builder_11,41570994,249000,
658,builder_13,390399990,483900,
659,builder_13,120329994,111100,
660,builder_13,1300000,0,
661,builder_13,50216003,779000,
662,builder_11,34683001,1489000,
663,builder_13,22889003,822300,
664,builder_2,126063995,942520,
665,builder_13,175034990,1201220,
666,builder_13,216099993,961800,
667,builder_11,28998998,553310,
668,builder_13,23976995,0,
669,builder_11,176563009,133100,
670,builder_13,340010007,712910,
671,builder_13,490490989,19700,
672,builder_13,57670000,0,
673,builder_13,1114840012,259100,
674,builder_13,410943992,2139500,
675,builder_13,114616003,7840,
676,builder_13,179837997,108000,
677,builder_11,41570994,249000,
678,builder_13,390399990,483900,
679,builder_13,120329994,111100,
680,builder_13,1300000,0,
681,builder_13,50216003,779000,
682,builder_11,34683001,1489000,
683,builder_13,22889003,822300,
684,builder_2,126063995,942520,
685,builder_13,175034990,1201220,
686,builder_13,216099993,961800,
687,builder_11,28998998,553310,
688,builder_13,23976995,0,
689,builder_11,176563009,133100,
690,builder_13,340010007,712910,
691,builder_13,490490989,19700,
692,builder_13,57670000,0,
693,builder_13,1114840012,259100,
694,builder_13,410943992,2139500,
695,builder_13,114616003,7840,
696,builder_13,179837997,108000,
697,builder_11,41570994,249000,
698,builder_13,390399990,483900,
699,builder_13,120329994,111100,
700,builder_13,1300000,0,
701,builder_13,50216003,779000,
702,builder_11,34683001,1489000,
703,builder_13,22889003,822300,
704,builder_2,126063995,942520,
705,builder_13,175034990,1201220,
706,builder_13,216099993,961800,
707,builder_11,28998998,553310,
708,builder_13,23976995,0,
709,builder_11,176563009,133100,
710,builder_13,340010007,712910,
711,builder_13,490490989,19700,
712,builder_13,57670000,0,
713,builder_13,1114840012,259100,
714,builder_13,410943992,2139500,
715,builder_13,114616003,7840,
716,builder_13,179837997,108000,
717,builder_11,41570994,249000,
718,builder_13,390399990,483900,
719,builder_13,120329994,111100,
720,builder_13,1300000,0,
721,builder_13,50216003,779000,
722,builder_11,34683001,1489000,
723,builder_13,22889003,822300,
724,builder_2,126063995,942520,
725,builder_13,175034990,1201220,
726,builder_13,216099993,961800,
727,builder_11,28998998,553310,
728,builder_13,23976995,0,
729,builder_11,176563009,133100,
730,builder_13,340010007,712910,
731,builder_13,490490989,19700,
732,builder_13,57670000,0,
733,builder_13,1114840012,259100,
734,builder_13,410943992,2139500,
735,builder_13,114616003,7840,
736,builder_13,179837997,108000,
737,builder_11,41570994,249000,
738,builder_13,390399990,483900,
739,builder_13,120329994,111100,
740,builder_13,1300000,0,
741,builder_13,50216003,779000,
742,builder_11,34683001,1489000,
743,builder_13,22889003,822300,
744,builder_2,126063995,942520,
745,builder_13,175034990,1201220,
746,builder_13,216099993,961800,
747,builder_11,28998998,553310,
748,builder_13,23976995,0,
749,builder_11,176563009,133100,
750,builder_13,340010007,712910,
751,builder_13,490490989,19700,
752,builder_13,57670000,0,
753,builder_13,1114840012,259100,
754,builder_13,410943992,2139500,
755,builder_13,114616003,7840,
756,builder_13,179837997,108000,
757,builder_11,41570994,249000,
758,builder_13,390399990,483900,
759,builder_13,120329994,111100,
760,builder_13,1300000,0,
761,builder_13,50216003,779000,
762,builder_11,34683001,1489000,
763,builder_13,22889003,822300,
764,builder_2,126063995,942520,
765,builder_13,175034990,1201220,
766,builder_13,216099993,961800,
767,builder_11,28998998,553310,
768,builder_13,23976995,0,
769,builder_11,176563009,133100,
770,builder_13,340010007,712910,
771,builder_13,490490989,19700,
772,builder_13,57670000,0,
773,builder_13,1114840012,259100,
774,builder_13,410943992,2139500,
775,builder_13,114616003,7840,
776,builder_13,179837997,108000,
777,builder_11,41570994,249000,
778,builder_13,390399990,483900,
779,builder_13,120329994,111100,
780,builder_13,2600000,0,
781,builder_11,21559998,1616650,
782,builder_13,40492001,7480200,
783,builder_13,42588003,23500,
784,builder_13,35031994,1656050,
785,builder_13,132311998,40172880,
786,builder_13,59292004,125300,
787,builder_13,42269998,38730,
788,builder_13,167569992,806340,
789,builder_13,6959999,0,
790,builder_13,71044001,4569800,
791,builder_13,223420010,444690,
792,builder_13,106183997,26127100,
793,builder_13,72279000,510840,
794,builder_13,40860005,0,
795,builder_11,55409998,1100000,
796,builder_13,167516992,817720,
797,builder_13,84257994,676800,
798,builder_13,130271999,1869000,
799,builder_13,85886998,1204100,
800,builder_13,2600000,0,
801,builder_11,21559998,1616650,
802,builder_13,40492001,7480200,
803,builder_13,42588003,23500,
804,builder_13,35031994,1656050,
805,builder_13,132311998,40172880,
806,builder_13,59292004,125300,
807,builder_13,42269998,38730,
808,builder_13,167569992,806340,
809,builder_13,6959999,0,
810,builder_13,71044001,4569800,
811,builder_13,223420010,444690,
812,builder_13,106183997,26127100,
813,builder_13,72279000,510840,
814,builder_13,40860005,0,
815,builder_11,55409998,1100000,
816,builder_13,167516992,817720,
817,builder_13,84257994,676800,
818,builder_13,130271999,1869000,
819,builder_13,85886998,1204100,
820,builder_13,2600000,0,
821,builder_11,21559998,1616650,
822,builder_13,40492001,7480200,
823,builder_13,42588003,23500,
824,builder_13,35031994,1656050,
825,builder_13,132311998,40172880,
826,builder_13,59292004,125300,
827,builder_13,42269998,38730,
828,builder_13,167569992,806340,
829,builder_13,6959999,0,
830,builder_13,71044001,4569800,
831,builder_13,223420010,444690,
832,builder_13,106183997,26127100,
833,builder_13,72279000,510840,
834,builder_13,40860005,0,
835,builder_11,55409998,1100000,
836,builder_13,167516992,817720,
837,builder_13,84257994,676800,
838,builder_13,130271999,1869000,
839,builder_13,85886998,1204100,
840,builder_13,2600000,0,
841,builder_11,21559998,1616650,
842,builder_13,40492001,7480200,
843,builder_13,42588003,23500,
844,builder_13,35031994,1656050,
845,builder_13,132311998,40172880,
846,builder_13,59292004,125300,
847,builder_13,42269998,38730,
848,builder_13,167569992,806340,
849,builder_13,6959999,0,
850,builder_13,71044001,4569800,
851,builder_13,223420010,444690,
852,builder_13,106183997,26127100,
853,builder_13,72279000,510840,
854,builder_13,40860005,0,
855,builder_11,55409998,1100000,
856,builder_13,167516992,817720,
857,builder_13,84257994,676800,
858,builder_13,130271999,1869000,
859,builder_13,85886998,1204100,
860,builder_13,2600000,0,
861,builder_11,21559998,1616650,
862,builder_13,40492001,7480200,
863,builder_13,42588003,23500,
864,builder_13,35031994,1656050,
865,builder_13,132311998,40172880,
866,builder_13,59292004,125300,
867,builder_13,42269998,38730,
868,builder_13,167569992,806340,
869,builder_13,6959999,0,
870,builder_13,71044001,4569800,
871,builder_13,223420010,444690,
872,builder_13,106183997,26127100,
873,builder_13,72279000,510840,
874,builder_13,40860005,0,
875,builder_11,55409998,1100000,
876,builder_13,167516992,817720,
877,builder_13,84257994,676800,
878,builder_13,130271999,1869000,
879,builder_13,85886998,1204100,
880,builder_13,2600000,0,
881,builder_11,21559998,1616650,
882,builder_13,40492001,7480200,
883,builder_13,42588003,23500,
884,builder_13,35031994,1656050,
885,builder_13,132311998,40172880,
886,builder_13,59292004,125300,
887,builder_13,42269998,38730,
888,builder_13,167569992,806340,
889,builder_13,6959999,0,
890,builder_13,71044001,4569800,
891,builder_13,223420010,444690,
892,builder_13,106183997,26127100,
893,builder_13,72279000,510840,
894,builder_13,40860005,0,
895,builder_11,55409998,1100000,
896,builder_13,167516992,817720,
897,builder_13,84257994,676800,
898,builder_13,130271999,1869000,
899,builder_13,85886998,1204100,
900,builder_13,2600000,0,
901,builder_11,21559998,1616650,
902,builder_13,40492001,7480200,
903,builder_13,42588003,23500,
904,builder_13,35031994,1656050,
905,builder_13,132311998,40172880,
906,builder_13,59292004,125300,
907,builder_13,42269998,38730,
908,builder_13,167569992,806340,
909,builder_13,6959999,0,
910,builder_13,71044001,4569800,
911,builder_13,223420010,444690,
912,builder_13,106183997,26127100,
913,builder_13,72279000,510840,
914,builder_13,40860005,0,
915,builder_11,55409998,1100000,
916,builder_13,167516992,817720,
917,builder_13,84257994,676800,
918,builder_13,130271999,1869000,
919,builder_13,85886998,1204100,
920,builder_13,2600000,0,
921,builder_11,21559998,1616650,
922,builder_13,40492001,7480200,
923,builder_13,42588003,23500,
924,builder_13,35031994,1656050,
925,builder_13,132311998,40172880,
926,builder_13,59292004,125300,
927,builder_13,42269998,38730,
928,builder_13,167569992,806340,
929,builder_13,6959999,0,
930,builder_13,71044001,4569800,
931,builder_13,223420010,444690,
932,builder_13,106183997,26127100,
933,builder_13,72279000,510840,
934,builder_13,40860005,0,
935,builder_11,55409998,1100000,
936,builder_13,167516992,817720,
937,builder_13,84257994,676800,
938,builder_13,130271999,1869000,
939,builder_13,85886998,1204100,
940,builder_13,2600000,0,
941,builder_11,21559998,1616650,
942,builder_13,40492001,7480200,
943,builder_13,42588003,23500,
944,builder_13,35031994,1656050,
945,builder_13,132311998,40172880,
946,builder_13,59292004,125300,
947,builder_13,42269998,38730,
948,builder_13,167569992,806340,
949,builder_13,6959999,0,
950,builder_13,71044001,4569800,
951,builder_13,223420010,444690,
952,builder_13,106183997,26127100,
953,builder_13,72279000,510840,
954,builder_13,40860005,0,
955,builder_11,55409998,1100000,
956,builder_13,167516992,817720,
957,builder_13,84257994,676800,
958,builder_13,130271999,1869000,
959,builder_13,85886998,1204100,
960,builder_13,2600000,0,
961,builder_11,21559998,1616650,
962,builder_13,40492001,7480200,
963,builder_13,42588003,23500,
964,builder_13,35031994,1656050,
965,builder_13,132311998,40172880,
966,builder_13,59292004,125300,
967,builder_13,42269998,38730,
968,builder_13,167569992,806340,
969,builder_13,6959999,0,
970,builder_13,71044001,4569800,
971,builder_13,223420010,444690,
972,builder_13,106183997,26127100,
973,builder_13,72279000,510840,
974,builder_13,40860005,0,
975,builder_11,55409998,1100000,
976,builder_13,167516992,817720,
977,builder_13,84257994,676800,
978,builder_13,130271999,1869000,
979,builder_13,85886998,1204100,
980,builder_13,2600000,0,
981,builder_11,21559998,1616650,
982,builder_13,40492001,7480200,
983,builder_13,42588003,23500,
984,builder_13,35031994,1656050,
985,builder_13,132311998,40172880,
986,builder_13,59292004,125300,
987,builder_13,42269998,38730,
988,builder_13,167569992,806340,
989,builder_13,6959999,0,
990,builder_13,71044001,4569800,
991,builder_13,223420010,444690,
992,builder_13,106183997,26127100,
993,builder_13,72279000,510840,
994,builder_13,40860005,0,
995,builder_11,55409998,1100000,
996,builder_13,167516992,817720,
997,builder_13,84257994,676800,
998,builder_13,130271999,1869000,
999,builder_13,85886998,1204100,
