block_num,builder_id,proposer_id,builder_stake,proposer_stake,total_gas_fee,total_mev_available,bid_value,builder_reinvestment_factor,proposer_reinvestment_factor
0,builder_11,proposer_17,256000000000.0,32000000000.0,31659999,18600,31680087.0,True,True
1,builder_16,proposer_9,32000000000.0,160000000000.0,27320001,0,27320001.0,True,False
2,builder_2,proposer_8,256000000000.0,160000000000.0,30430000,0,30430000.0,True,False
3,builder_7,proposer_4,256000000000.0,64000000000.0,43360001,0,43360001.0,False,False
4,builder_11,proposer_10,256000000000.0,160000000000.0,31060000,0,31060000.0,True,False
5,builder_0,proposer_15,64000000000.0,320000000000.0,54359997,84800,54446493.0,False,False
6,builder_0,proposer_17,64000000000.0,32000000000.0,31800002,769000,32584382.0,False,True
7,builder_1,proposer_19,32000000000.0,320000000000.0,10840001,17700000,28717001.0,False,False
8,builder_11,proposer_8,256000000000.0,160000000000.0,6970000,0,6970000.0,True,False
9,builder_17,proposer_16,64000000000.0,32000000000.0,46499999,0,46499999.0,True,False
10,builder_7,proposer_8,256000000000.0,160000000000.0,21049999,0,21049999.0,False,False
11,builder_0,proposer_2,64000000000.0,160000000000.0,31659997,73100,31734559.0,False,True
12,builder_19,proposer_6,64000000000.0,160000000000.0,45600001,0,45600001.0,True,True
13,builder_7,proposer_0,256000000000.0,160000000000.0,116150002,16400,116167714.0,False,True
14,builder_16,proposer_7,32000000000.0,32000000000.0,6250001,0,6250001.0,True,False
15,builder_1,proposer_4,32000000000.0,64000000000.0,49299999,35600,49335955.0,False,False
16,builder_11,proposer_3,256000000000.0,160000000000.0,35000000,0,35000000.0,True,True
17,builder_19,proposer_11,64000000000.0,64000000000.0,44199999,0,44199999.0,True,True
18,builder_15,proposer_8,32000000000.0,160000000000.0,44429999,231000,44663309.0,True,False
19,builder_6,proposer_0,32000000000.0,160000000000.0,44690001,0,44690001.0,True,True
20,builder_13,proposer_10,32000000000.0,160000000000.0,43190001,34700,43225048.0,True,False
21,builder_5,proposer_18,256000000000.0,32000000000.0,35350000,0,35350000.0,False,False
22,builder_2,proposer_3,256000000000.0,160000000000.0,43419999,0,43419999.0,True,True
23,builder_14,proposer_9,96000000000.0,160000000000.0,43149999,0,43149999.0,False,False
24,builder_9,proposer_9,64000000000.0,160000000000.0,49410001,0,49410001.0,False,False
25,builder_16,proposer_11,32000000000.0,64000000000.0,6290001,0,6290001.0,True,True
26,builder_10,proposer_3,32000000000.0,160000000000.0,43150001,0,43150001.0,True,True
27,builder_6,proposer_14,32000000000.0,64000000000.0,54149998,1100000,55260998.0,True,True
28,builder_4,proposer_15,32000000000.0,320000000000.0,63370002,959000,64338592.0,True,False
29,builder_5,proposer_3,256000000000.0,160000000000.0,43320000,0,43320000.0,False,True
30,builder_3,proposer_2,32000000000.0,160000000000.0,30409998,0,30409998.0,True,True
31,builder_16,proposer_1,32000000000.0,64000000000.0,30120001,0,30120001.0,True,True
32,builder_16,proposer_12,32000000000.0,32000000000.0,43590001,0,43590001.0,True,True
33,builder_9,proposer_16,64000000000.0,32000000000.0,44660001,49100,44710083.0,False,False
34,builder_5,proposer_7,256000000000.0,32000000000.0,54310001,195000,54520601.0,False,False
35,builder_2,proposer_15,256000000000.0,320000000000.0,31620000,0,31620000.0,True,False
36,builder_11,proposer_8,256000000000.0,160000000000.0,32084999,0,32084999.0,True,False
37,builder_15,proposer_10,32000000000.0,160000000000.0,27119999,0,27119999.0,True,False
38,builder_17,proposer_5,64000000000.0,32000000000.0,30119999,66100,30187421.0,True,False
39,builder_14,proposer_19,96000000000.0,320000000000.0,44000001,1100000,45133001.0,False,False
40,builder_0,proposer_2,64000000000.0,160000000000.0,3205001,283000,3493661.0,False,True
41,builder_5,proposer_15,256000000000.0,320000000000.0,5440000,0,5440000.0,False,False
42,builder_19,proposer_5,64000000000.0,32000000000.0,43080001,0,43080001.0,True,False
43,builder_11,proposer_17,256000000000.0,32000000000.0,44600000,0,44600000.0,True,True
44,builder_13,proposer_9,32000000000.0,160000000000.0,4450000,0,4450000.0,True,False
45,builder_0,proposer_7,64000000000.0,32000000000.0,6419999,0,6419999.0,False,False
46,builder_3,proposer_12,32000000000.0,32000000000.0,60430000,18600,60448786.0,True,True
47,builder_13,proposer_9,32000000000.0,160000000000.0,43217999,0,43217999.0,True,False
48,builder_6,proposer_10,32000000000.0,160000000000.0,7120002,47700,7168179.0,True,False
49,builder_5,proposer_16,256000000000.0,32000000000.0,86379998,47700,86431514.0,False,False
50,builder_1,proposer_15,32000000000.0,320000000000.0,45100002,0,45100002.0,False,False
51,builder_8,proposer_14,96000000000.0,64000000000.0,44710000,0,44710000.0,False,True
52,builder_8,proposer_0,96000000000.0,160000000000.0,21600000,0,21600000.0,False,True
53,builder_12,proposer_19,256000000000.0,320000000000.0,21720001,618000,22387441.0,True,False
54,builder_8,proposer_1,96000000000.0,64000000000.0,7489998,381000,7882428.0,False,True
55,builder_12,proposer_11,256000000000.0,64000000000.0,6489999,296000,6809679.0,True,True
56,builder_8,proposer_8,96000000000.0,160000000000.0,13200001,108000,13311241.0,False,False
57,builder_8,proposer_15,96000000000.0,320000000000.0,5139997,7236500,12593592.0,False,False
58,builder_11,proposer_14,256000000000.0,64000000000.0,33219999,0,33219999.0,True,True
59,builder_9,proposer_15,64000000000.0,320000000000.0,19440002,14200,19454486.0,False,False
60,builder_3,proposer_10,32000000000.0,160000000000.0,43960000,14200,43974342.0,True,False
61,builder_3,proposer_18,32000000000.0,32000000000.0,30289999,0,30289999.0,True,False
62,builder_4,proposer_1,32000000000.0,64000000000.0,10218002,6390,10224455.9,True,True
63,builder_18,proposer_13,64000000000.0,32000000000.0,27119999,0,27119999.0,True,True
64,builder_11,proposer_1,256000000000.0,64000000000.0,43493000,5640,43499091.2,True,True
65,builder_11,proposer_14,256000000000.0,64000000000.0,5189999,0,5189999.0,True,True
66,builder_5,proposer_9,256000000000.0,160000000000.0,5700000,0,5700000.0,False,False
67,builder_19,proposer_4,64000000000.0,64000000000.0,340001,7190000,7673801.0,True,False
68,builder_8,proposer_7,96000000000.0,32000000000.0,30202999,0,30202999.0,False,False
69,builder_13,proposer_12,32000000000.0,32000000000.0,27085000,0,27085000.0,True,True
70,builder_5,proposer_6,256000000000.0,160000000000.0,54730000,277500,55029700.0,False,True
71,builder_6,proposer_14,32000000000.0,64000000000.0,10380001,13900,10394040.0,True,True
72,builder_13,proposer_10,32000000000.0,160000000000.0,4500000,0,4500000.0,True,False
73,builder_17,proposer_3,64000000000.0,160000000000.0,33600000,67900,33669258.0,True,True
74,builder_19,proposer_4,64000000000.0,64000000000.0,48200000,12300,48212546.0,True,False
75,builder_5,proposer_19,256000000000.0,320000000000.0,55900001,256000,56176481.0,False,False
76,builder_1,proposer_8,32000000000.0,160000000000.0,43240000,0,43240000.0,False,False
77,builder_14,proposer_15,96000000000.0,320000000000.0,31919999,381000,32312429.0,False,False
78,builder_19,proposer_2,64000000000.0,160000000000.0,43383001,13900,43397179.0,True,True
79,builder_15,proposer_17,32000000000.0,32000000000.0,44750000,146000,44897460.0,True,True
80,builder_19,proposer_14,64000000000.0,64000000000.0,44300001,0,44300001.0,True,True
81,builder_15,proposer_16,32000000000.0,32000000000.0,24120001,0,24120001.0,True,False
82,builder_1,proposer_9,32000000000.0,160000000000.0,27540000,23500,27563735.0,False,False
83,builder_4,proposer_10,32000000000.0,160000000000.0,10120001,0,10120001.0,True,False
84,builder_19,proposer_17,64000000000.0,32000000000.0,30119999,0,30119999.0,True,True
85,builder_13,proposer_9,32000000000.0,160000000000.0,11219999,0,11219999.0,True,False
86,builder_1,proposer_11,32000000000.0,64000000000.0,43197000,0,43197000.0,False,True
87,builder_10,proposer_13,32000000000.0,32000000000.0,7550001,0,7550001.0,True,True
88,builder_11,proposer_5,256000000000.0,32000000000.0,21699999,60700,21765555.0,True,False
89,builder_6,proposer_15,32000000000.0,320000000000.0,11090002,381000,11474812.0,True,False
90,builder_11,proposer_6,256000000000.0,160000000000.0,44420000,0,44420000.0,True,True
91,builder_5,proposer_15,256000000000.0,320000000000.0,6617999,4320000,11283599.0,False,False
92,builder_3,proposer_3,32000000000.0,160000000000.0,43203001,0,43203001.0,True,True
93,builder_2,proposer_0,256000000000.0,160000000000.0,42919997,35000,42957797.0,True,True
94,builder_18,proposer_19,64000000000.0,320000000000.0,27339999,5180,27345282.6,True,False
95,builder_4,proposer_11,32000000000.0,64000000000.0,86580001,215000,86797151.0,True,True
96,builder_19,proposer_13,64000000000.0,32000000000.0,20100000,0,20100000.0,True,True
97,builder_7,proposer_3,256000000000.0,160000000000.0,86204999,46500,86255219.0,False,True
98,builder_11,proposer_7,256000000000.0,32000000000.0,43119999,0,43119999.0,True,False
99,builder_13,proposer_0,32000000000.0,160000000000.0,6920000,0,6920000.0,True,True
100,builder_0,proposer_1,64000000000.0,64000000000.0,12803000,26700,12830234.0,False,True
101,builder_0,proposer_18,64000000000.0,32000000000.0,9484998,84800,9571494.0,False,False
102,builder_9,proposer_6,64000000000.0,160000000000.0,92182999,30200,92213803.0,False,True
103,builder_17,proposer_6,64000000000.0,160000000000.0,47500000,215000,47719300.0,True,True
104,builder_11,proposer_12,256000000000.0,32000000000.0,4900001,0,4900001.0,True,True
105,builder_7,proposer_7,256000000000.0,32000000000.0,5649999,0,5649999.0,False,False
106,builder_13,proposer_16,32000000000.0,32000000000.0,5420001,0,5420001.0,True,False
107,builder_2,proposer_13,256000000000.0,32000000000.0,65077006,175200,65266222.0,True,True
108,builder_2,proposer_17,256000000000.0,32000000000.0,48350000,0,48350000.0,True,True
109,builder_19,proposer_7,64000000000.0,32000000000.0,7900000,0,7900000.0,True,False
110,builder_7,proposer_6,256000000000.0,160000000000.0,12820000,19700,12841276.0,False,True
111,builder_14,proposer_9,96000000000.0,160000000000.0,30149999,0,30149999.0,False,False
112,builder_11,proposer_11,256000000000.0,64000000000.0,10560000,283000,10865640.0,True,True
113,builder_3,proposer_9,32000000000.0,160000000000.0,86220002,16400,86236566.0,True,False
114,builder_12,proposer_11,256000000000.0,64000000000.0,43820001,0,43820001.0,True,True
115,builder_8,proposer_2,96000000000.0,160000000000.0,55249997,19700,55270288.0,False,True
116,builder_15,proposer_14,32000000000.0,64000000000.0,27149999,15300,27165452.0,True,True
117,builder_16,proposer_0,32000000000.0,160000000000.0,43309999,0,43309999.0,True,True
118,builder_7,proposer_8,256000000000.0,160000000000.0,30459999,67900,30533331.0,False,False
119,builder_7,proposer_9,256000000000.0,160000000000.0,27309999,0,27309999.0,False,False
120,builder_6,proposer_14,32000000000.0,64000000000.0,35298001,0,35298001.0,True,True
121,builder_2,proposer_14,256000000000.0,64000000000.0,10350000,0,10350000.0,True,True
122,builder_1,proposer_19,32000000000.0,320000000000.0,43499999,0,43499999.0,False,False
123,builder_16,proposer_8,32000000000.0,160000000000.0,9400001,19700,9419898.0,True,False
124,builder_9,proposer_11,64000000000.0,64000000000.0,31789999,12300,31802545.0,False,True
125,builder_16,proposer_19,32000000000.0,320000000000.0,43470000,0,43470000.0,True,False
126,builder_15,proposer_16,32000000000.0,32000000000.0,19170001,0,19170001.0,True,False
127,builder_2,proposer_3,256000000000.0,160000000000.0,31420000,0,31420000.0,True,True
128,builder_3,proposer_19,32000000000.0,320000000000.0,7784998,0,7784998.0,True,False
129,builder_15,proposer_10,32000000000.0,160000000000.0,30219999,0,30219999.0,True,False
130,builder_19,proposer_8,64000000000.0,160000000000.0,31375000,88800,31465576.0,True,False
131,builder_5,proposer_2,256000000000.0,160000000000.0,35119999,0,35119999.0,False,True
132,builder_0,proposer_3,64000000000.0,160000000000.0,43239998,0,43239998.0,False,True
133,builder_5,proposer_18,256000000000.0,32000000000.0,21300001,0,21300001.0,False,False
134,builder_17,proposer_5,64000000000.0,32000000000.0,30419999,0,30419999.0,True,False
135,builder_18,proposer_2,64000000000.0,160000000000.0,32000001,0,32000001.0,True,True
136,builder_17,proposer_2,64000000000.0,160000000000.0,6299999,0,6299999.0,True,True
137,builder_6,proposer_15,32000000000.0,320000000000.0,61820000,11200,61831312.0,True,False
138,builder_1,proposer_6,32000000000.0,160000000000.0,44120000,0,44120000.0,False,True
139,builder_7,proposer_13,256000000000.0,32000000000.0,35999999,18600,36020087.0,False,True
140,builder_3,proposer_9,32000000000.0,160000000000.0,4559999,151300,4712812.0,True,False
141,builder_4,proposer_9,32000000000.0,160000000000.0,3719999,0,3719999.0,True,False
142,builder_8,proposer_3,96000000000.0,160000000000.0,31970000,0,31970000.0,False,True
143,builder_1,proposer_2,32000000000.0,160000000000.0,6419999,0,6419999.0,False,True
144,builder_17,proposer_11,64000000000.0,64000000000.0,43119999,0,43119999.0,True,True
145,builder_17,proposer_9,64000000000.0,160000000000.0,43170000,0,43170000.0,True,False
146,builder_10,proposer_8,32000000000.0,160000000000.0,6490001,73100,6563832.0,True,False
147,builder_11,proposer_6,256000000000.0,160000000000.0,7169999,56200,7230695.0,True,True
148,builder_4,proposer_8,32000000000.0,160000000000.0,11120003,285000,11407853.0,True,False
149,builder_11,proposer_5,256000000000.0,32000000000.0,43499999,0,43499999.0,True,False
150,builder_9,proposer_14,64000000000.0,64000000000.0,55620002,73100,55694564.0,False,True
151,builder_18,proposer_4,64000000000.0,64000000000.0,27119999,0,27119999.0,True,False
152,builder_1,proposer_5,32000000000.0,32000000000.0,27839999,0,27839999.0,False,False
153,builder_5,proposer_19,256000000000.0,320000000000.0,60120000,68100,60193548.0,False,False
154,builder_1,proposer_15,32000000000.0,320000000000.0,7820001,0,7820001.0,False,False
155,builder_16,proposer_7,32000000000.0,32000000000.0,1430000,35400000,37184000.0,True,False
156,builder_17,proposer_14,64000000000.0,64000000000.0,5120001,0,5120001.0,True,True
157,builder_6,proposer_4,32000000000.0,64000000000.0,1190000,7190000,8451900.0,True,False
158,builder_9,proposer_4,64000000000.0,64000000000.0,4919998,7190000,12253798.0,False,False
159,builder_13,proposer_12,32000000000.0,32000000000.0,27203001,195000,27399951.0,True,True
160,builder_1,proposer_17,32000000000.0,32000000000.0,5099999,0,5099999.0,False,True
161,builder_2,proposer_5,256000000000.0,32000000000.0,54273999,55100,54333507.0,True,False
162,builder_7,proposer_11,256000000000.0,64000000000.0,28339999,0,28339999.0,False,True
163,builder_2,proposer_2,256000000000.0,160000000000.0,44219998,0,44219998.0,True,True
164,builder_15,proposer_10,32000000000.0,160000000000.0,6200000,0,6200000.0,True,False
165,builder_14,proposer_10,96000000000.0,160000000000.0,43120001,0,43120001.0,False,False
166,builder_5,proposer_4,256000000000.0,64000000000.0,56120000,47700,56171516.0,False,False
167,builder_9,proposer_3,64000000000.0,160000000000.0,46320002,67900,46389260.0,False,True
168,builder_4,proposer_1,32000000000.0,64000000000.0,54770002,231000,55003312.0,True,True
169,builder_12,proposer_2,256000000000.0,160000000000.0,31189999,0,31189999.0,True,True
170,builder_2,proposer_12,256000000000.0,32000000000.0,4839999,7190000,12605199.0,True,True
171,builder_3,proposer_8,32000000000.0,160000000000.0,31490000,0,31490000.0,True,False
172,builder_1,proposer_15,32000000000.0,320000000000.0,30407998,0,30407998.0,False,False
173,builder_10,proposer_11,32000000000.0,64000000000.0,27084999,0,27084999.0,True,True
174,builder_18,proposer_2,64000000000.0,160000000000.0,32600000,0,32600000.0,True,True
175,builder_2,proposer_5,256000000000.0,32000000000.0,48300000,0,48300000.0,True,False
176,builder_5,proposer_6,256000000000.0,160000000000.0,60119998,34700,60157474.0,False,True
177,builder_12,proposer_11,256000000000.0,64000000000.0,27120001,0,27120001.0,True,True
178,builder_5,proposer_0,256000000000.0,160000000000.0,10620000,73100,10698948.0,False,True
179,builder_7,proposer_7,256000000000.0,32000000000.0,38120002,1100000,39308002.0,False,False
180,builder_6,proposer_17,32000000000.0,32000000000.0,43082000,0,43082000.0,True,True
181,builder_19,proposer_16,64000000000.0,32000000000.0,30119999,0,30119999.0,True,False
182,builder_17,proposer_17,64000000000.0,32000000000.0,47700000,0,47700000.0,True,True
183,builder_12,proposer_15,256000000000.0,320000000000.0,32120001,0,32120001.0,True,False
184,builder_10,proposer_7,32000000000.0,32000000000.0,43380001,0,43380001.0,True,False
185,builder_18,proposer_18,64000000000.0,32000000000.0,1450001,17700000,19504001.0,True,False
186,builder_10,proposer_2,32000000000.0,160000000000.0,43430001,0,43430001.0,True,True
187,builder_4,proposer_11,32000000000.0,64000000000.0,6605003,17700000,24482003.0,True,True
188,builder_9,proposer_15,64000000000.0,320000000000.0,3319999,0,3319999.0,False,False
189,builder_5,proposer_2,256000000000.0,160000000000.0,32320001,0,32320001.0,False,True
190,builder_0,proposer_12,64000000000.0,32000000000.0,60272002,6390,60278519.8,False,True
191,builder_3,proposer_4,32000000000.0,64000000000.0,45485000,17000,45502170.0,True,False
192,builder_14,proposer_0,96000000000.0,160000000000.0,4619999,0,4619999.0,False,True
193,builder_8,proposer_14,96000000000.0,64000000000.0,27960000,121000,28084630.0,False,True
194,builder_11,proposer_15,256000000000.0,320000000000.0,8560000,0,8560000.0,True,False
195,builder_19,proposer_2,64000000000.0,160000000000.0,31585001,0,31585001.0,True,True
196,builder_0,proposer_10,64000000000.0,160000000000.0,6320000,0,6320000.0,False,False
197,builder_5,proposer_7,256000000000.0,32000000000.0,86293999,248900,86562811.0,False,False
198,builder_12,proposer_8,256000000000.0,160000000000.0,43120001,0,43120001.0,True,False
199,builder_0,proposer_11,64000000000.0,64000000000.0,55579997,43600,55624469.0,False,True
200,builder_8,proposer_3,96000000000.0,160000000000.0,37200000,0,37200000.0,False,True
201,builder_11,proposer_10,256000000000.0,160000000000.0,43357999,197700,43571515.0,True,False
202,builder_10,proposer_10,32000000000.0,160000000000.0,12600001,0,12600001.0,True,False
203,builder_15,proposer_16,32000000000.0,32000000000.0,27150001,155000,27306551.0,True,False
204,builder_17,proposer_3,64000000000.0,160000000000.0,43189999,410000,43608199.0,True,True
205,builder_15,proposer_1,32000000000.0,64000000000.0,19460000,0,19460000.0,True,True
206,builder_12,proposer_13,256000000000.0,32000000000.0,45599999,0,45599999.0,True,True
207,builder_15,proposer_6,32000000000.0,160000000000.0,47070000,0,47070000.0,True,True
208,builder_9,proposer_18,64000000000.0,32000000000.0,7800001,0,7800001.0,False,False
209,builder_8,proposer_9,96000000000.0,160000000000.0,27450002,181000,27636432.0,False,False
210,builder_13,proposer_13,32000000000.0,32000000000.0,44419999,0,44419999.0,True,True
211,builder_7,proposer_9,256000000000.0,160000000000.0,43222999,0,43222999.0,False,False
212,builder_1,proposer_15,32000000000.0,320000000000.0,47169999,32900,47203228.0,False,False
213,builder_1,proposer_17,32000000000.0,32000000000.0,27300002,0,27300002.0,False,True
214,builder_5,proposer_5,256000000000.0,32000000000.0,7999999,5640,8006090.2,False,False
215,builder_15,proposer_11,32000000000.0,64000000000.0,44370000,66100,44436761.0,True,True
216,builder_17,proposer_14,64000000000.0,64000000000.0,27169999,0,27169999.0,True,True
217,builder_14,proposer_1,96000000000.0,64000000000.0,43159999,0,43159999.0,False,True
218,builder_14,proposer_18,96000000000.0,32000000000.0,5659999,0,5659999.0,False,False
219,builder_5,proposer_18,256000000000.0,32000000000.0,15350001,779000,16191321.0,False,False
220,builder_17,proposer_15,64000000000.0,320000000000.0,6729999,13900,6744177.0,True,False
221,builder_5,proposer_4,256000000000.0,64000000000.0,41739998,72500,41818298.0,False,False
222,builder_5,proposer_16,256000000000.0,32000000000.0,43309999,0,43309999.0,False,False
223,builder_16,proposer_5,32000000000.0,32000000000.0,19149999,0,19149999.0,True,False
224,builder_3,proposer_13,32000000000.0,32000000000.0,19149999,0,19149999.0,True,True
225,builder_7,proposer_10,256000000000.0,160000000000.0,43149999,0,43149999.0,False,False
226,builder_14,proposer_7,96000000000.0,32000000000.0,44080000,0,44080000.0,False,False
227,builder_8,proposer_9,96000000000.0,160000000000.0,27149999,0,27149999.0,False,False
228,builder_13,proposer_13,32000000000.0,32000000000.0,31290001,0,31290001.0,True,True
229,builder_8,proposer_14,96000000000.0,64000000000.0,22620002,43600,22664910.0,False,True
230,builder_0,proposer_19,64000000000.0,320000000000.0,86480000,231000,86715620.0,False,False
231,builder_0,proposer_6,64000000000.0,160000000000.0,32190001,410000,32608201.0,False,True
232,builder_5,proposer_8,256000000000.0,160000000000.0,30287999,283000,30593639.0,False,False
233,builder_8,proposer_8,96000000000.0,160000000000.0,48120001,0,48120001.0,False,False
234,builder_8,proposer_18,96000000000.0,32000000000.0,61477001,545000,62038351.0,False,False
235,builder_19,proposer_4,64000000000.0,64000000000.0,44520001,0,44520001.0,True,False
236,builder_17,proposer_4,64000000000.0,64000000000.0,30909999,0,30909999.0,True,False
237,builder_12,proposer_15,256000000000.0,320000000000.0,6379000,0,6379000.0,True,False
238,builder_7,proposer_17,256000000000.0,32000000000.0,62719999,545000,63308599.0,False,True
239,builder_11,proposer_2,256000000000.0,160000000000.0,34310000,0,34310000.0,True,True
240,builder_9,proposer_17,64000000000.0,32000000000.0,30560000,0,30560000.0,False,True
241,builder_14,proposer_13,96000000000.0,32000000000.0,27120001,0,27120001.0,False,True
242,builder_15,proposer_8,32000000000.0,160000000000.0,27070000,0,27070000.0,True,False
243,builder_19,proposer_10,64000000000.0,160000000000.0,8400000,0,8400000.0,True,False
244,builder_1,proposer_6,32000000000.0,160000000000.0,28173001,0,28173001.0,False,True
245,builder_7,proposer_16,256000000000.0,32000000000.0,86279998,181000,86475478.0,False,False
246,builder_14,proposer_8,96000000000.0,160000000000.0,46219999,31700,46252650.0,False,False
247,builder_1,proposer_15,32000000000.0,320000000000.0,54204000,67500,54272175.0,False,False
248,builder_14,proposer_8,96000000000.0,160000000000.0,19770001,0,19770001.0,False,False
249,builder_6,proposer_6,32000000000.0,160000000000.0,5240000,0,5240000.0,True,True
250,builder_16,proposer_9,32000000000.0,160000000000.0,8400000,0,8400000.0,True,False
251,builder_7,proposer_5,256000000000.0,32000000000.0,10076999,36800,10116743.0,False,False
252,builder_16,proposer_16,32000000000.0,32000000000.0,44099999,0,44099999.0,True,False
253,builder_18,proposer_9,64000000000.0,160000000000.0,43540001,34700,43575395.0,True,False
254,builder_11,proposer_18,256000000000.0,32000000000.0,7820001,0,7820001.0,True,False
255,builder_10,proposer_15,32000000000.0,320000000000.0,6400000,0,6400000.0,True,False
256,builder_7,proposer_9,256000000000.0,160000000000.0,43119999,0,43119999.0,False,False
257,builder_0,proposer_14,64000000000.0,64000000000.0,4379999,0,4379999.0,False,True
258,builder_7,proposer_19,256000000000.0,320000000000.0,19670000,369000,20068520.0,False,False
259,builder_9,proposer_5,64000000000.0,32000000000.0,27289999,0,27289999.0,False,False
260,builder_6,proposer_8,32000000000.0,160000000000.0,43207001,0,43207001.0,True,False
261,builder_7,proposer_12,256000000000.0,32000000000.0,11249999,256000,11526479.0,False,True
262,builder_9,proposer_12,64000000000.0,32000000000.0,4330001,7190000,11663801.0,False,True
263,builder_6,proposer_14,32000000000.0,64000000000.0,30580001,0,30580001.0,True,True
264,builder_17,proposer_6,64000000000.0,160000000000.0,28000000,0,28000000.0,True,True
265,builder_18,proposer_8,64000000000.0,160000000000.0,6320000,0,6320000.0,True,False
266,builder_4,proposer_0,32000000000.0,160000000000.0,7440001,17000,7457171.0,True,True
267,builder_1,proposer_8,32000000000.0,160000000000.0,30439998,0,30439998.0,False,False
268,builder_0,proposer_2,64000000000.0,160000000000.0,30120001,0,30120001.0,False,True
269,builder_14,proposer_6,96000000000.0,160000000000.0,19220001,0,19220001.0,False,True
270,builder_8,proposer_11,96000000000.0,64000000000.0,4599999,0,4599999.0,False,True
271,builder_8,proposer_10,96000000000.0,160000000000.0,12799002,161000,12964832.0,False,False
272,builder_11,proposer_6,256000000000.0,160000000000.0,5404999,283000,5710639.0,True,True
273,builder_11,proposer_16,256000000000.0,32000000000.0,43539999,3130,43543379.4,True,False
274,builder_10,proposer_4,32000000000.0,64000000000.0,32620001,0,32620001.0,True,False
275,builder_5,proposer_3,256000000000.0,160000000000.0,30350000,0,30350000.0,False,True
276,builder_9,proposer_9,64000000000.0,160000000000.0,12360003,3130,12363195.6,False,False
277,builder_13,proposer_15,32000000000.0,320000000000.0,43419999,0,43419999.0,True,False
278,builder_18,proposer_3,64000000000.0,160000000000.0,43160000,283000,43448660.0,True,True
279,builder_11,proposer_8,256000000000.0,160000000000.0,27120001,0,27120001.0,True,False
280,builder_7,proposer_14,256000000000.0,64000000000.0,6930000,0,6930000.0,False,True
281,builder_4,proposer_19,32000000000.0,320000000000.0,43119999,0,43119999.0,True,False
282,builder_13,proposer_1,32000000000.0,64000000000.0,28160001,43600,28204037.0,True,True
283,builder_0,proposer_19,64000000000.0,320000000000.0,11519999,108000,11630159.0,False,False
284,builder_5,proposer_4,256000000000.0,64000000000.0,38249998,42000,38295358.0,False,False
285,builder_11,proposer_8,256000000000.0,160000000000.0,20220000,0,20220000.0,True,False
286,builder_9,proposer_14,64000000000.0,64000000000.0,60509999,172600,60686051.0,False,True
287,builder_16,proposer_0,32000000000.0,160000000000.0,44100001,121000,44222211.0,True,True
288,builder_14,proposer_3,96000000000.0,160000000000.0,43518000,0,43518000.0,False,True
289,builder_8,proposer_19,96000000000.0,320000000000.0,5649999,0,5649999.0,False,False
290,builder_5,proposer_6,256000000000.0,160000000000.0,13990000,959000,15025720.0,False,True
291,builder_2,proposer_15,256000000000.0,320000000000.0,28419998,0,28419998.0,True,False
292,builder_6,proposer_1,32000000000.0,64000000000.0,30119999,0,30119999.0,True,True
293,builder_6,proposer_8,32000000000.0,160000000000.0,43340000,0,43340000.0,True,False
294,builder_6,proposer_10,32000000000.0,160000000000.0,21290001,0,21290001.0,True,False
295,builder_12,proposer_10,256000000000.0,160000000000.0,43150000,0,43150000.0,True,False
296,builder_3,proposer_12,32000000000.0,32000000000.0,54240002,283000,54525832.0,True,True
297,builder_19,proposer_18,64000000000.0,32000000000.0,30119999,42000,30162839.0,True,False
298,builder_3,proposer_16,32000000000.0,32000000000.0,39520001,36800,39557169.0,True,False
299,builder_11,proposer_3,256000000000.0,160000000000.0,49419999,0,49419999.0,True,True
300,builder_0,proposer_15,64000000000.0,320000000000.0,32080000,0,32080000.0,False,False
301,builder_9,proposer_7,64000000000.0,32000000000.0,22819999,0,22819999.0,False,False
302,builder_16,proposer_18,32000000000.0,32000000000.0,6719999,75000,6795749.0,True,False
303,builder_12,proposer_19,256000000000.0,320000000000.0,43360000,0,43360000.0,True,False
304,builder_4,proposer_2,32000000000.0,160000000000.0,10310003,6390,10316456.9,True,True
305,builder_0,proposer_7,64000000000.0,32000000000.0,10389998,0,10389998.0,False,False
306,builder_8,proposer_9,96000000000.0,160000000000.0,38629999,13900,38644316.0,False,False
307,builder_2,proposer_11,256000000000.0,64000000000.0,45860000,0,45860000.0,True,True
308,builder_18,proposer_13,64000000000.0,32000000000.0,32200001,0,32200001.0,True,True
309,builder_8,proposer_5,96000000000.0,32000000000.0,466001,17700000,18697001.0,False,False
310,builder_13,proposer_0,32000000000.0,160000000000.0,32300000,0,32300000.0,True,True
311,builder_15,proposer_19,32000000000.0,320000000000.0,31099999,0,31099999.0,True,False
312,builder_18,proposer_3,64000000000.0,160000000000.0,35000000,0,35000000.0,True,True
313,builder_16,proposer_12,32000000000.0,32000000000.0,48199999,0,48199999.0,True,True
314,builder_8,proposer_4,96000000000.0,64000000000.0,60149998,33100,60184091.0,False,False
315,builder_6,proposer_7,32000000000.0,32000000000.0,48299999,18600,48318785.0,True,False
316,builder_8,proposer_10,96000000000.0,160000000000.0,32350002,0,32350002.0,False,False
317,builder_18,proposer_19,64000000000.0,320000000000.0,19219999,0,19219999.0,True,False
318,builder_7,proposer_9,256000000000.0,160000000000.0,55399999,34700,55437475.0,False,False
319,builder_0,proposer_6,64000000000.0,160000000000.0,32350000,0,32350000.0,False,True
320,builder_17,proposer_19,64000000000.0,320000000000.0,10320001,0,10320001.0,True,False
321,builder_8,proposer_12,96000000000.0,32000000000.0,44650001,0,44650001.0,False,True
322,builder_17,proposer_19,64000000000.0,320000000000.0,48000001,0,48000001.0,True,False
323,builder_7,proposer_16,256000000000.0,32000000000.0,14419998,510000,14970798.0,False,False
324,builder_4,proposer_13,32000000000.0,32000000000.0,11619998,7840,11627916.4,True,True
325,builder_6,proposer_19,32000000000.0,320000000000.0,11050000,42000,11092420.0,True,False
326,builder_11,proposer_12,256000000000.0,32000000000.0,4650001,0,4650001.0,True,True
327,builder_5,proposer_0,256000000000.0,160000000000.0,7550002,0,7550002.0,False,True
328,builder_3,proposer_16,32000000000.0,32000000000.0,30260001,0,30260001.0,True,False
329,builder_7,proposer_7,256000000000.0,32000000000.0,30389999,0,30389999.0,False,False
330,builder_13,proposer_12,32000000000.0,32000000000.0,43189999,0,43189999.0,True,True
331,builder_8,proposer_14,96000000000.0,64000000000.0,86346999,36800,86384903.0,False,True
332,builder_7,proposer_14,256000000000.0,64000000000.0,3720001,0,3720001.0,False,True
333,builder_19,proposer_14,64000000000.0,64000000000.0,43530000,13900,43544178.0,True,True
334,builder_5,proposer_5,256000000000.0,32000000000.0,43839999,0,43839999.0,False,False
335,builder_6,proposer_14,32000000000.0,64000000000.0,41600001,30200,41630503.0,True,True
336,builder_1,proposer_10,32000000000.0,160000000000.0,30420002,0,30420002.0,False,False
337,builder_15,proposer_1,32000000000.0,64000000000.0,33000000,12800,33012928.0,True,True
338,builder_11,proposer_6,256000000000.0,160000000000.0,20000001,36800,20039745.0,True,True
339,builder_11,proposer_8,256000000000.0,160000000000.0,27120001,0,27120001.0,True,False
340,builder_4,proposer_19,32000000000.0,320000000000.0,43240000,0,43240000.0,True,False
341,builder_11,proposer_15,256000000000.0,320000000000.0,19120000,0,19120000.0,True,False
342,builder_7,proposer_11,256000000000.0,64000000000.0,10520000,43600,10567088.0,False,True
343,builder_10,proposer_1,32000000000.0,64000000000.0,8199999,14200,8214341.0,True,True
344,builder_9,proposer_13,64000000000.0,32000000000.0,27119999,0,27119999.0,False,True
345,builder_17,proposer_1,64000000000.0,64000000000.0,43197001,146000,43345921.0,True,True
346,builder_0,proposer_9,64000000000.0,160000000000.0,27310000,0,27310000.0,False,False
347,builder_12,proposer_12,256000000000.0,32000000000.0,26300000,0,26300000.0,True,True
348,builder_2,proposer_17,256000000000.0,32000000000.0,32319998,0,32319998.0,True,True
349,builder_13,proposer_17,32000000000.0,32000000000.0,43219999,12800,43232927.0,True,True
350,builder_11,proposer_6,256000000000.0,160000000000.0,27219999,0,27219999.0,True,True
351,builder_0,proposer_18,64000000000.0,32000000000.0,86710000,32900,86743558.0,False,False
352,builder_6,proposer_0,32000000000.0,160000000000.0,27379999,0,27379999.0,True,True
353,builder_8,proposer_1,96000000000.0,64000000000.0,54190000,33100,54224093.0,False,True
354,builder_16,proposer_15,32000000000.0,320000000000.0,2530000,17700000,20407000.0,True,False
355,builder_5,proposer_8,256000000000.0,160000000000.0,31919999,0,31919999.0,False,False
356,builder_8,proposer_1,96000000000.0,64000000000.0,54630001,12800,54643185.0,False,True
357,builder_8,proposer_2,96000000000.0,160000000000.0,55100000,43600,55144908.0,False,True
358,builder_7,proposer_17,256000000000.0,32000000000.0,54690002,128000,54828242.0,False,True
359,builder_5,proposer_11,256000000000.0,64000000000.0,43889999,0,43889999.0,False,True
360,builder_15,proposer_9,32000000000.0,160000000000.0,30167000,0,30167000.0,True,False
361,builder_8,proposer_4,96000000000.0,64000000000.0,43192999,0,43192999.0,False,False
362,builder_17,proposer_7,64000000000.0,32000000000.0,43969999,0,43969999.0,True,False
363,builder_16,proposer_18,32000000000.0,32000000000.0,29760000,75000,29835750.0,True,False
364,builder_8,proposer_8,96000000000.0,160000000000.0,89930000,49100,89980573.0,False,False
365,builder_4,proposer_7,32000000000.0,32000000000.0,6709999,17000,6727169.0,True,False
366,builder_5,proposer_5,256000000000.0,32000000000.0,88459999,17700000,107575999.0,False,False
367,builder_6,proposer_17,32000000000.0,32000000000.0,28090001,0,28090001.0,True,True
368,builder_12,proposer_13,256000000000.0,32000000000.0,27120001,0,27120001.0,True,True
369,builder_7,proposer_2,256000000000.0,160000000000.0,27200000,0,27200000.0,False,True
370,builder_0,proposer_17,64000000000.0,32000000000.0,31419998,0,31419998.0,False,True
371,builder_8,proposer_3,96000000000.0,160000000000.0,30400000,0,30400000.0,False,True
372,builder_1,proposer_16,32000000000.0,32000000000.0,44099999,0,44099999.0,False,False
373,builder_3,proposer_17,32000000000.0,32000000000.0,32120001,0,32120001.0,True,True
374,builder_4,proposer_12,32000000000.0,32000000000.0,8200001,0,8200001.0,True,True
375,builder_9,proposer_11,64000000000.0,64000000000.0,44300001,15700,44316015.0,False,True
376,builder_14,proposer_17,96000000000.0,32000000000.0,49300000,0,49300000.0,False,True
377,builder_7,proposer_2,256000000000.0,160000000000.0,7090000,0,7090000.0,False,True
378,builder_0,proposer_2,64000000000.0,160000000000.0,6219998,0,6219998.0,False,True
379,builder_5,proposer_15,256000000000.0,320000000000.0,25219999,0,25219999.0,False,False
380,builder_9,proposer_19,64000000000.0,320000000000.0,8300003,20590,8321004.8,False,False
381,builder_8,proposer_8,96000000000.0,160000000000.0,27539999,0,27539999.0,False,False
382,builder_7,proposer_11,256000000000.0,64000000000.0,6650000,0,6650000.0,False,True
383,builder_3,proposer_15,32000000000.0,320000000000.0,7319998,0,7319998.0,True,False
384,builder_16,proposer_19,32000000000.0,320000000000.0,27409998,0,27409998.0,True,False
385,builder_17,proposer_2,64000000000.0,160000000000.0,19120001,0,19120001.0,True,True
386,builder_4,proposer_6,32000000000.0,160000000000.0,7519999,441700,7966116.0,True,True
387,builder_4,proposer_2,32000000000.0,160000000000.0,60439997,67900,60508576.0,True,True
388,builder_5,proposer_2,256000000000.0,160000000000.0,55259999,42000,55305359.0,False,True
389,builder_9,proposer_13,64000000000.0,32000000000.0,38650000,0,38650000.0,False,True
390,builder_2,proposer_4,256000000000.0,64000000000.0,46200001,0,46200001.0,True,False
391,builder_17,proposer_3,64000000000.0,160000000000.0,6259999,1100000,7381999.0,True,True
392,builder_2,proposer_19,256000000000.0,320000000000.0,19350000,0,19350000.0,True,False
393,builder_5,proposer_9,256000000000.0,160000000000.0,30340002,0,30340002.0,False,False
394,builder_4,proposer_1,32000000000.0,64000000000.0,19270001,0,19270001.0,True,True
395,builder_3,proposer_19,32000000000.0,320000000000.0,60200001,11200,60211313.0,True,False
396,builder_17,proposer_11,64000000000.0,64000000000.0,45620001,42000,45662841.0,True,True
397,builder_0,proposer_4,64000000000.0,64000000000.0,55329999,43600,55374471.0,False,False
398,builder_9,proposer_15,64000000000.0,320000000000.0,31100000,0,31100000.0,False,False
399,builder_18,proposer_8,64000000000.0,160000000000.0,27120001,75000,27196501.0,True,False
400,builder_4,proposer_1,32000000000.0,64000000000.0,43954999,0,43954999.0,True,True
401,builder_11,proposer_10,256000000000.0,160000000000.0,43109999,75000,43190999.0,True,False
402,builder_7,proposer_3,256000000000.0,160000000000.0,43082000,0,43082000.0,False,True
403,builder_11,proposer_5,256000000000.0,32000000000.0,29970001,0,29970001.0,True,False
404,builder_2,proposer_3,256000000000.0,160000000000.0,5989998,0,5989998.0,True,True
405,builder_0,proposer_15,64000000000.0,320000000000.0,12820002,66100,12887424.0,False,False
406,builder_12,proposer_9,256000000000.0,160000000000.0,30190001,39400,30232553.0,True,False
407,builder_9,proposer_16,64000000000.0,32000000000.0,52559999,0,52559999.0,False,False
408,builder_14,proposer_16,96000000000.0,32000000000.0,43120001,0,43120001.0,False,False
409,builder_16,proposer_12,32000000000.0,32000000000.0,6450001,18600,6468787.0,True,True
410,builder_12,proposer_19,256000000000.0,320000000000.0,20670001,0,20670001.0,True,False
411,builder_18,proposer_0,64000000000.0,160000000000.0,30150001,0,30150001.0,True,True
412,builder_0,proposer_9,64000000000.0,160000000000.0,2350000,0,2350000.0,False,False
413,builder_9,proposer_5,64000000000.0,32000000000.0,43070000,0,43070000.0,False,False
414,builder_16,proposer_19,32000000000.0,320000000000.0,1530000,7203900,8805939.0,True,False
415,builder_7,proposer_6,256000000000.0,160000000000.0,86989997,231000,87239477.0,False,True
416,builder_15,proposer_17,32000000000.0,32000000000.0,6450001,0,6450001.0,True,True
417,builder_18,proposer_19,64000000000.0,320000000000.0,43129999,0,43129999.0,True,False
418,builder_17,proposer_6,64000000000.0,160000000000.0,27150001,0,27150001.0,True,True
419,builder_9,proposer_19,64000000000.0,320000000000.0,5879999,47700,5928653.0,False,False
420,builder_8,proposer_0,96000000000.0,160000000000.0,12300001,0,12300001.0,False,True
421,builder_8,proposer_5,96000000000.0,32000000000.0,6600000,0,6600000.0,False,False
422,builder_11,proposer_8,256000000000.0,160000000000.0,19110000,0,19110000.0,True,False
423,builder_17,proposer_11,64000000000.0,64000000000.0,27460001,0,27460001.0,True,True
424,builder_18,proposer_17,64000000000.0,32000000000.0,30809999,0,30809999.0,True,True
425,builder_15,proposer_4,32000000000.0,64000000000.0,43820001,0,43820001.0,True,False
426,builder_16,proposer_18,32000000000.0,32000000000.0,30150001,47700,30198178.0,True,False
427,builder_4,proposer_13,32000000000.0,32000000000.0,6639998,0,6639998.0,True,True
428,builder_2,proposer_15,256000000000.0,320000000000.0,86359999,73100,86438947.0,True,False
429,builder_3,proposer_1,32000000000.0,64000000000.0,87220001,64600,87285247.0,True,True
430,builder_15,proposer_0,32000000000.0,160000000000.0,5789999,0,5789999.0,True,True
431,builder_2,proposer_10,256000000000.0,160000000000.0,5404998,0,5404998.0,True,False
432,builder_11,proposer_0,256000000000.0,160000000000.0,44220001,0,44220001.0,True,True
433,builder_10,proposer_8,32000000000.0,160000000000.0,30119999,0,30119999.0,True,False
434,builder_19,proposer_14,64000000000.0,64000000000.0,31999999,0,31999999.0,True,True
435,builder_12,proposer_11,256000000000.0,64000000000.0,30098001,0,30098001.0,True,True
436,builder_11,proposer_18,256000000000.0,32000000000.0,43580000,54340,43638687.2,True,False
437,builder_6,proposer_14,32000000000.0,64000000000.0,28120002,0,28120002.0,True,True
438,builder_8,proposer_12,96000000000.0,32000000000.0,25520000,0,25520000.0,False,True
439,builder_7,proposer_6,256000000000.0,160000000000.0,43550000,0,43550000.0,False,True
440,builder_15,proposer_7,32000000000.0,32000000000.0,33100000,0,33100000.0,True,False
441,builder_15,proposer_1,32000000000.0,64000000000.0,3620001,7190000,10881901.0,True,True
442,builder_6,proposer_9,32000000000.0,160000000000.0,48119999,0,48119999.0,True,False
443,builder_3,proposer_8,32000000000.0,160000000000.0,7385000,0,7385000.0,True,False
444,builder_9,proposer_5,64000000000.0,32000000000.0,12720000,64600,12785892.0,False,False
445,builder_6,proposer_3,32000000000.0,160000000000.0,30780001,0,30780001.0,True,True
446,builder_2,proposer_4,256000000000.0,64000000000.0,12720001,201390,12937502.2,True,False
447,builder_7,proposer_14,256000000000.0,64000000000.0,87220000,7840,87228467.2,False,True
448,builder_19,proposer_16,64000000000.0,32000000000.0,30119999,0,30119999.0,True,False
449,builder_19,proposer_9,64000000000.0,160000000000.0,30190001,0,30190001.0,True,False
450,builder_11,proposer_15,256000000000.0,320000000000.0,43240000,0,43240000.0,True,False
451,builder_19,proposer_1,64000000000.0,64000000000.0,43120001,0,43120001.0,True,True
452,builder_17,proposer_10,64000000000.0,160000000000.0,31219999,231000,31455619.0,True,False
453,builder_0,proposer_7,64000000000.0,32000000000.0,1404999,17700000,19458999.0,False,False
454,builder_1,proposer_12,32000000000.0,32000000000.0,43240002,0,43240002.0,False,True
455,builder_17,proposer_9,64000000000.0,160000000000.0,19289999,283000,19578659.0,True,False
456,builder_13,proposer_10,32000000000.0,160000000000.0,8219999,0,8219999.0,True,False
457,builder_17,proposer_16,64000000000.0,32000000000.0,5500001,283000,5788661.0,True,False
458,builder_17,proposer_10,64000000000.0,160000000000.0,8500001,0,8500001.0,True,False
459,builder_18,proposer_10,64000000000.0,160000000000.0,43120001,0,43120001.0,True,False
460,builder_1,proposer_17,32000000000.0,32000000000.0,44220001,0,44220001.0,False,True
461,builder_12,proposer_7,256000000000.0,32000000000.0,60119999,769000,60950519.0,True,False
462,builder_3,proposer_12,32000000000.0,32000000000.0,6480000,0,6480000.0,True,True
463,builder_6,proposer_9,32000000000.0,160000000000.0,4300001,0,4300001.0,True,False
464,builder_14,proposer_19,96000000000.0,320000000000.0,45600000,10700,45611021.0,False,False
465,builder_9,proposer_5,64000000000.0,32000000000.0,49399999,14200,49414483.0,False,False
466,builder_5,proposer_12,256000000000.0,32000000000.0,43204999,0,43204999.0,False,True
467,builder_18,proposer_1,64000000000.0,64000000000.0,45600001,0,45600001.0,True,True
468,builder_15,proposer_3,32000000000.0,160000000000.0,43379999,0,43379999.0,True,True
469,builder_3,proposer_8,32000000000.0,160000000000.0,31084999,0,31084999.0,True,False
470,builder_16,proposer_5,32000000000.0,32000000000.0,27189999,0,27189999.0,True,False
471,builder_7,proposer_0,256000000000.0,160000000000.0,29584999,0,29584999.0,False,True
472,builder_6,proposer_12,32000000000.0,32000000000.0,3720000,0,3720000.0,True,True
473,builder_18,proposer_4,64000000000.0,64000000000.0,5120001,16400,5136729.0,True,False
474,builder_10,proposer_15,32000000000.0,320000000000.0,19220001,0,19220001.0,True,False
475,builder_13,proposer_18,32000000000.0,32000000000.0,43219999,24700,43244946.0,True,False
476,builder_9,proposer_7,64000000000.0,32000000000.0,5790001,5630,5795743.6,False,False
477,builder_2,proposer_15,256000000000.0,320000000000.0,30289999,0,30289999.0,True,False
478,builder_12,proposer_16,256000000000.0,32000000000.0,5530001,0,5530001.0,True,False
479,builder_15,proposer_19,32000000000.0,320000000000.0,27120001,0,27120001.0,True,False
480,builder_9,proposer_12,64000000000.0,32000000000.0,43119999,0,43119999.0,False,True
481,builder_5,proposer_10,256000000000.0,160000000000.0,27189999,0,27189999.0,False,False
482,builder_7,proposer_10,256000000000.0,160000000000.0,7320000,23500,7345380.0,False,False
483,builder_6,proposer_6,32000000000.0,160000000000.0,54380002,7190000,61641902.0,True,True
484,builder_7,proposer_9,256000000000.0,160000000000.0,86200000,283000,86505640.0,False,False
485,builder_6,proposer_18,32000000000.0,32000000000.0,10085002,32900,10118231.0,True,False
486,builder_6,proposer_3,32000000000.0,160000000000.0,8300002,7600000,15976002.0,True,True
487,builder_9,proposer_3,64000000000.0,160000000000.0,60419999,67900,60489257.0,False,True
488,builder_15,proposer_8,32000000000.0,160000000000.0,47500000,0,47500000.0,True,False
489,builder_2,proposer_2,256000000000.0,160000000000.0,38600002,16400,38617714.0,True,True
490,builder_0,proposer_12,64000000000.0,32000000000.0,27444999,0,27444999.0,False,True
491,builder_6,proposer_11,32000000000.0,64000000000.0,86279998,959000,87248588.0,True,True
492,builder_6,proposer_11,32000000000.0,64000000000.0,61379999,995800,62385757.0,True,True
493,builder_6,proposer_19,32000000000.0,320000000000.0,11619999,139000,11760389.0,True,False
494,builder_0,proposer_1,64000000000.0,64000000000.0,31520002,0,31520002.0,False,True
495,builder_3,proposer_17,32000000000.0,32000000000.0,44509998,0,44509998.0,True,True
496,builder_11,proposer_4,256000000000.0,64000000000.0,27130000,0,27130000.0,True,False
497,builder_9,proposer_7,64000000000.0,32000000000.0,7320000,0,7320000.0,False,False
498,builder_19,proposer_1,64000000000.0,64000000000.0,43083000,545000,43638900.0,True,True
499,builder_15,proposer_3,32000000000.0,160000000000.0,43269999,56200,43326761.0,True,True
500,builder_9,proposer_0,64000000000.0,160000000000.0,44550001,64600,44615893.0,False,True
501,builder_18,proposer_18,64000000000.0,32000000000.0,43070000,0,43070000.0,True,False
502,builder_5,proposer_4,256000000000.0,64000000000.0,34369999,161000,34543879.0,False,False
503,builder_9,proposer_2,64000000000.0,160000000000.0,30319999,0,30319999.0,False,True
504,builder_8,proposer_6,96000000000.0,160000000000.0,33999999,296000,34304879.0,False,True
505,builder_7,proposer_15,256000000000.0,320000000000.0,10190000,17000,10208360.0,False,False
506,builder_13,proposer_2,32000000000.0,160000000000.0,45819999,0,45819999.0,True,True
507,builder_16,proposer_8,32000000000.0,160000000000.0,35199999,0,35199999.0,True,False
508,builder_0,proposer_0,64000000000.0,160000000000.0,10400000,0,10400000.0,False,True
509,builder_2,proposer_0,256000000000.0,160000000000.0,9349998,195000,9560598.0,True,True
510,builder_18,proposer_15,64000000000.0,320000000000.0,19170001,0,19170001.0,True,False
511,builder_6,proposer_10,32000000000.0,160000000000.0,43299999,0,43299999.0,True,False
512,builder_8,proposer_5,96000000000.0,32000000000.0,10070000,0,10070000.0,False,False
513,builder_15,proposer_19,32000000000.0,320000000000.0,30160000,8520,30168605.2,True,False
514,builder_7,proposer_18,256000000000.0,32000000000.0,5200001,3130,5203381.4,False,False
515,builder_14,proposer_4,96000000000.0,64000000000.0,47199999,0,47199999.0,False,False
516,builder_12,proposer_3,256000000000.0,160000000000.0,5422999,0,5422999.0,True,True
517,builder_19,proposer_19,64000000000.0,320000000000.0,73000001,0,73000001.0,True,False
518,builder_8,proposer_18,96000000000.0,32000000000.0,45109997,215000,45331447.0,False,False
519,builder_2,proposer_15,256000000000.0,320000000000.0,7870001,0,7870001.0,True,False
520,builder_0,proposer_10,64000000000.0,160000000000.0,44120000,0,44120000.0,False,False
521,builder_14,proposer_9,96000000000.0,160000000000.0,31700000,0,31700000.0,False,False
522,builder_13,proposer_3,32000000000.0,160000000000.0,47500001,0,47500001.0,True,True
523,builder_17,proposer_8,64000000000.0,160000000000.0,19190001,33300,19223967.0,True,False
524,builder_1,proposer_7,32000000000.0,32000000000.0,11520000,0,11520000.0,False,False
525,builder_3,proposer_8,32000000000.0,160000000000.0,27150001,0,27150001.0,True,False
526,builder_16,proposer_18,32000000000.0,32000000000.0,449999,17700000,18326999.0,True,False
527,builder_3,proposer_17,32000000000.0,32000000000.0,19430001,0,19430001.0,True,True
528,builder_7,proposer_4,256000000000.0,64000000000.0,8550002,128000,8688242.0,False,False
529,builder_1,proposer_16,32000000000.0,32000000000.0,58650000,24700,58674947.0,False,False
530,builder_10,proposer_15,32000000000.0,320000000000.0,30219999,0,30219999.0,True,False
531,builder_7,proposer_15,256000000000.0,320000000000.0,27589999,0,27589999.0,False,False
532,builder_12,proposer_15,256000000000.0,320000000000.0,43119999,0,43119999.0,True,False
533,builder_13,proposer_11,32000000000.0,64000000000.0,43079999,0,43079999.0,True,True
534,builder_1,proposer_7,32000000000.0,32000000000.0,60340001,17700000,78217001.0,False,False
535,builder_17,proposer_10,64000000000.0,160000000000.0,32000001,0,32000001.0,True,False
536,builder_4,proposer_3,32000000000.0,160000000000.0,31719998,0,31719998.0,True,True
537,builder_2,proposer_9,256000000000.0,160000000000.0,105120000,108000,105236640.0,True,False
538,builder_14,proposer_1,96000000000.0,64000000000.0,43119999,0,43119999.0,False,True
539,builder_6,proposer_15,32000000000.0,320000000000.0,29099998,0,29099998.0,True,False
540,builder_5,proposer_16,256000000000.0,32000000000.0,60240001,7190000,68005201.0,False,False
541,builder_5,proposer_5,256000000000.0,32000000000.0,30229999,0,30229999.0,False,False
542,builder_0,proposer_10,64000000000.0,160000000000.0,38240000,146000,38388920.0,False,False
543,builder_8,proposer_0,96000000000.0,160000000000.0,44073000,0,44073000.0,False,True
544,builder_10,proposer_2,32000000000.0,160000000000.0,8520001,0,8520001.0,True,True
545,builder_9,proposer_15,64000000000.0,320000000000.0,55120001,64600,55185893.0,False,False
546,builder_9,proposer_9,64000000000.0,160000000000.0,49220001,0,49220001.0,False,False
547,builder_9,proposer_0,64000000000.0,160000000000.0,6440000,155000,6598100.0,False,True
548,builder_6,proposer_2,32000000000.0,160000000000.0,43119999,0,43119999.0,True,True
549,builder_7,proposer_14,256000000000.0,64000000000.0,44290002,0,44290002.0,False,True
550,builder_19,proposer_5,64000000000.0,32000000000.0,7100001,0,7100001.0,True,False
551,builder_11,proposer_16,256000000000.0,32000000000.0,29384999,42000,29430359.0,True,False
552,builder_1,proposer_8,32000000000.0,160000000000.0,31185000,0,31185000.0,False,False
553,builder_6,proposer_5,32000000000.0,32000000000.0,6220000,0,6220000.0,True,False
554,builder_14,proposer_6,96000000000.0,160000000000.0,44220001,0,44220001.0,False,True
555,builder_18,proposer_10,64000000000.0,160000000000.0,19120001,0,19120001.0,True,False
556,builder_18,proposer_15,64000000000.0,320000000000.0,19120001,12800,19133057.0,True,False
557,builder_5,proposer_7,256000000000.0,32000000000.0,43269999,0,43269999.0,False,False
558,builder_12,proposer_2,256000000000.0,160000000000.0,27240002,0,27240002.0,True,True
559,builder_4,proposer_19,32000000000.0,320000000000.0,43220001,0,43220001.0,True,False
560,builder_14,proposer_2,96000000000.0,160000000000.0,27120001,3130,27123224.9,False,True
561,builder_6,proposer_11,32000000000.0,64000000000.0,49100000,0,49100000.0,True,True
562,builder_11,proposer_2,256000000000.0,160000000000.0,35130000,779000,35971320.0,True,True
563,builder_8,proposer_12,96000000000.0,32000000000.0,8710001,15100,8725554.0,False,True
564,builder_4,proposer_3,32000000000.0,160000000000.0,5439998,0,5439998.0,True,True
565,builder_14,proposer_19,96000000000.0,320000000000.0,43310000,0,43310000.0,False,False
566,builder_12,proposer_18,256000000000.0,32000000000.0,9420001,0,9420001.0,True,False
567,builder_16,proposer_2,32000000000.0,160000000000.0,43110000,0,43110000.0,True,True
568,builder_3,proposer_17,32000000000.0,32000000000.0,30239998,0,30239998.0,True,True
569,builder_12,proposer_8,256000000000.0,160000000000.0,44873000,0,44873000.0,True,False
570,builder_18,proposer_19,64000000000.0,320000000000.0,6420001,5180,6425284.6,True,False
571,builder_5,proposer_6,256000000000.0,160000000000.0,45110001,13900,45125013.0,False,True
572,builder_1,proposer_13,32000000000.0,32000000000.0,58320000,285000,58607850.0,False,True
573,builder_9,proposer_12,64000000000.0,32000000000.0,32200000,0,32200000.0,False,True
574,builder_8,proposer_5,96000000000.0,32000000000.0,54310003,100000,54413003.0,False,False
575,builder_8,proposer_18,96000000000.0,32000000000.0,8019999,0,8019999.0,False,False
576,builder_9,proposer_14,64000000000.0,64000000000.0,11920000,3130,11923192.6,False,True
577,builder_4,proposer_19,32000000000.0,320000000000.0,48419998,0,48419998.0,True,False
578,builder_4,proposer_11,32000000000.0,64000000000.0,32019999,0,32019999.0,True,True
579,builder_14,proposer_15,96000000000.0,320000000000.0,19649999,0,19649999.0,False,False
580,builder_12,proposer_7,256000000000.0,32000000000.0,30120001,0,30120001.0,True,False
581,builder_19,proposer_15,64000000000.0,320000000000.0,30419999,67500,30488849.0,True,False
582,builder_6,proposer_2,32000000000.0,160000000000.0,27120001,0,27120001.0,True,True
583,builder_12,proposer_13,256000000000.0,32000000000.0,32600000,784640,33447411.2,True,True
584,builder_6,proposer_19,32000000000.0,320000000000.0,5620001,195000,5816951.0,True,False
585,builder_19,proposer_0,64000000000.0,160000000000.0,45600001,33100,45633763.0,True,True
586,builder_5,proposer_6,256000000000.0,160000000000.0,43240002,0,43240002.0,False,True
587,builder_12,proposer_19,256000000000.0,320000000000.0,30220001,0,30220001.0,True,False
588,builder_9,proposer_15,64000000000.0,320000000000.0,6339998,0,6339998.0,False,False
589,builder_12,proposer_10,256000000000.0,160000000000.0,11620001,0,11620001.0,True,False
590,builder_10,proposer_3,32000000000.0,160000000000.0,6590001,350000,6943501.0,True,True
591,builder_5,proposer_8,256000000000.0,160000000000.0,12840001,17000,12858361.0,False,False
592,builder_0,proposer_10,64000000000.0,160000000000.0,54300000,108000,54410160.0,False,False
593,builder_4,proposer_10,32000000000.0,160000000000.0,44439999,4320000,48803199.0,True,False
594,builder_13,proposer_8,32000000000.0,160000000000.0,30120001,0,30120001.0,True,False
595,builder_0,proposer_1,64000000000.0,64000000000.0,6539998,0,6539998.0,False,True
596,builder_6,proposer_0,32000000000.0,160000000000.0,11620003,161000,11782613.0,True,True
597,builder_7,proposer_10,256000000000.0,160000000000.0,7200001,84800,7291585.0,False,False
598,builder_14,proposer_7,96000000000.0,32000000000.0,6700000,0,6700000.0,False,False
599,builder_1,proposer_3,32000000000.0,160000000000.0,38380003,60700,38441310.0,False,True
600,builder_1,proposer_8,32000000000.0,160000000000.0,44850002,215000,45067152.0,False,False
601,builder_4,proposer_15,32000000000.0,320000000000.0,43190001,0,43190001.0,True,False
602,builder_10,proposer_14,32000000000.0,64000000000.0,7110000,215000,7327150.0,True,True
603,builder_7,proposer_19,256000000000.0,320000000000.0,30190001,0,30190001.0,False,False
604,builder_15,proposer_1,32000000000.0,64000000000.0,30190001,0,30190001.0,True,True
605,builder_15,proposer_16,32000000000.0,32000000000.0,7800001,285000,8087851.0,True,False
606,builder_2,proposer_16,256000000000.0,32000000000.0,43289999,0,43289999.0,True,False
607,builder_14,proposer_15,96000000000.0,320000000000.0,45599999,7840,45608074.2,False,False
608,builder_5,proposer_18,256000000000.0,32000000000.0,35390000,0,35390000.0,False,False
609,builder_8,proposer_7,96000000000.0,32000000000.0,7150000,215000,7371450.0,False,False
610,builder_8,proposer_8,96000000000.0,160000000000.0,11620001,0,11620001.0,False,False
611,builder_17,proposer_0,64000000000.0,160000000000.0,50300001,0,50300001.0,True,True
612,builder_5,proposer_18,256000000000.0,32000000000.0,4350001,0,4350001.0,False,False
613,builder_15,proposer_2,32000000000.0,160000000000.0,32550001,43600,32594037.0,True,True
614,builder_17,proposer_5,64000000000.0,32000000000.0,27220001,779000,28014581.0,True,False
615,builder_11,proposer_19,256000000000.0,320000000000.0,31130001,0,31130001.0,True,False
616,builder_7,proposer_10,256000000000.0,160000000000.0,30680001,283000,30985641.0,False,False
617,builder_8,proposer_2,96000000000.0,160000000000.0,1329998,17700000,19560998.0,False,True
618,builder_16,proposer_12,32000000000.0,32000000000.0,7400001,510000,7915101.0,True,True
619,builder_18,proposer_19,64000000000.0,320000000000.0,31600000,0,31600000.0,True,False
620,builder_7,proposer_8,256000000000.0,160000000000.0,7550003,959000,8585723.0,False,False
621,builder_6,proposer_11,32000000000.0,64000000000.0,32660000,0,32660000.0,True,True
622,builder_9,proposer_2,64000000000.0,160000000000.0,48100000,18600,48118972.0,False,True
623,builder_18,proposer_10,64000000000.0,160000000000.0,27820001,0,27820001.0,True,False
624,builder_9,proposer_10,64000000000.0,160000000000.0,4320000,0,4320000.0,False,False
625,builder_7,proposer_14,256000000000.0,64000000000.0,43269998,0,43269998.0,False,True
626,builder_13,proposer_3,32000000000.0,160000000000.0,30750001,0,30750001.0,True,True
627,builder_15,proposer_12,32000000000.0,32000000000.0,4040000,17700000,21917000.0,True,True
628,builder_13,proposer_10,32000000000.0,160000000000.0,43318001,0,43318001.0,True,False
629,builder_2,proposer_5,256000000000.0,32000000000.0,30120002,0,30120002.0,True,False
630,builder_9,proposer_3,64000000000.0,160000000000.0,38240000,49100,38290082.0,False,True
631,builder_17,proposer_19,64000000000.0,320000000000.0,35800001,68100,35869463.0,True,False
632,builder_7,proposer_14,256000000000.0,64000000000.0,33000001,0,33000001.0,False,True
633,builder_10,proposer_7,32000000000.0,32000000000.0,30310000,0,30310000.0,True,False
634,builder_0,proposer_17,64000000000.0,32000000000.0,10240002,510000,10760202.0,False,True
635,builder_5,proposer_8,256000000000.0,160000000000.0,43240002,0,43240002.0,False,False
636,builder_15,proposer_2,32000000000.0,160000000000.0,1167000,7190000,8428900.0,True,True
637,builder_2,proposer_13,256000000000.0,32000000000.0,30239999,0,30239999.0,True,True
638,builder_8,proposer_7,96000000000.0,32000000000.0,66220000,13900,66234317.0,False,False
639,builder_8,proposer_12,96000000000.0,32000000000.0,7739998,71800,7813952.0,False,True
640,builder_18,proposer_15,64000000000.0,320000000000.0,30082000,0,30082000.0,True,False
641,builder_10,proposer_11,32000000000.0,64000000000.0,27120001,0,27120001.0,True,True
642,builder_19,proposer_4,64000000000.0,64000000000.0,31000001,0,31000001.0,True,False
643,builder_19,proposer_17,64000000000.0,32000000000.0,31700000,0,31700000.0,True,True
644,builder_8,proposer_3,96000000000.0,160000000000.0,44219998,0,44219998.0,False,True
645,builder_17,proposer_8,64000000000.0,160000000000.0,31319999,161000,31484219.0,True,False
646,builder_13,proposer_15,32000000000.0,320000000000.0,27120001,0,27120001.0,True,False
647,builder_2,proposer_16,256000000000.0,32000000000.0,43530000,0,43530000.0,True,False
648,builder_11,proposer_6,256000000000.0,160000000000.0,28960000,0,28960000.0,True,True
649,builder_13,proposer_1,32000000000.0,64000000000.0,7619999,231000,7853309.0,True,True
650,builder_2,proposer_0,256000000000.0,160000000000.0,30440001,0,30440001.0,True,True
651,builder_0,proposer_15,64000000000.0,320000000000.0,87220001,350000,87577001.0,False,False
652,builder_0,proposer_3,64000000000.0,160000000000.0,7220000,181000,7404620.0,False,True
653,builder_18,proposer_3,64000000000.0,160000000000.0,63440002,0,63440002.0,True,True
654,builder_0,proposer_19,64000000000.0,320000000000.0,43250001,0,43250001.0,False,False
655,builder_9,proposer_14,64000000000.0,64000000000.0,8809997,7190000,16143797.0,False,True
656,builder_7,proposer_9,256000000000.0,160000000000.0,30193001,0,30193001.0,False,False
657,builder_10,proposer_13,32000000000.0,32000000000.0,27168000,128000,27297280.0,True,True
658,builder_12,proposer_6,256000000000.0,160000000000.0,30085001,0,30085001.0,True,True
659,builder_14,proposer_9,96000000000.0,160000000000.0,21510000,0,21510000.0,False,False
660,builder_8,proposer_9,96000000000.0,160000000000.0,12393002,60700,12455523.0,False,False
661,builder_13,proposer_17,32000000000.0,32000000000.0,20170000,0,20170000.0,True,True
662,builder_19,proposer_3,64000000000.0,160000000000.0,7800001,0,7800001.0,True,True
663,builder_5,proposer_15,256000000000.0,320000000000.0,54530000,410000,54972800.0,False,False
664,builder_5,proposer_2,256000000000.0,160000000000.0,3285001,0,3285001.0,False,True
665,builder_0,proposer_16,64000000000.0,32000000000.0,14059999,56200,14117323.0,False,False
666,builder_9,proposer_0,64000000000.0,160000000000.0,28519999,0,28519999.0,False,True
667,builder_1,proposer_13,32000000000.0,32000000000.0,30440000,0,30440000.0,False,True
668,builder_3,proposer_3,32000000000.0,160000000000.0,20090001,0,20090001.0,True,True
669,builder_4,proposer_19,32000000000.0,320000000000.0,113205003,21800,113227021.0,True,False
670,builder_0,proposer_12,64000000000.0,32000000000.0,55285000,36800,55322536.0,False,True
671,builder_14,proposer_19,96000000000.0,320000000000.0,36949999,0,36949999.0,False,False
672,builder_12,proposer_17,256000000000.0,32000000000.0,31200000,964630,32241800.4,True,True
673,builder_15,proposer_3,32000000000.0,160000000000.0,30119999,0,30119999.0,True,True
674,builder_0,proposer_9,64000000000.0,160000000000.0,55190003,35100,55225805.0,False,False
675,builder_12,proposer_17,256000000000.0,32000000000.0,43499999,0,43499999.0,True,True
676,builder_5,proposer_3,256000000000.0,160000000000.0,10120002,769000,10950522.0,False,True
677,builder_7,proposer_5,256000000000.0,32000000000.0,54289999,66100,54361387.0,False,False
678,builder_19,proposer_17,64000000000.0,32000000000.0,19120001,0,19120001.0,True,True
679,builder_7,proposer_19,256000000000.0,320000000000.0,45684000,0,45684000.0,False,False
680,builder_2,proposer_13,256000000000.0,32000000000.0,6675001,66100,6746389.0,True,True
681,builder_13,proposer_16,32000000000.0,32000000000.0,44119999,16400,44136563.0,True,False
682,builder_10,proposer_9,32000000000.0,160000000000.0,31583000,0,31583000.0,True,False
683,builder_13,proposer_19,32000000000.0,320000000000.0,30169999,99700,30270696.0,True,False
684,builder_7,proposer_17,256000000000.0,32000000000.0,6580000,0,6580000.0,False,True
685,builder_15,proposer_2,32000000000.0,160000000000.0,43189999,0,43189999.0,True,True
686,builder_5,proposer_13,256000000000.0,32000000000.0,4600000,994100,5673628.0,False,True
687,builder_13,proposer_7,32000000000.0,32000000000.0,35660000,0,35660000.0,True,False
688,builder_17,proposer_15,64000000000.0,320000000000.0,28299999,0,28299999.0,True,False
689,builder_8,proposer_11,96000000000.0,64000000000.0,54370001,21800,54392455.0,False,True
690,builder_18,proposer_6,64000000000.0,160000000000.0,43119999,0,43119999.0,True,True
691,builder_8,proposer_4,96000000000.0,64000000000.0,1696999,7190000,9102699.0,False,False
692,builder_11,proposer_1,256000000000.0,64000000000.0,27340000,0,27340000.0,True,True
693,builder_8,proposer_19,96000000000.0,320000000000.0,44659999,75000,44737249.0,False,False
694,builder_16,proposer_10,32000000000.0,160000000000.0,43085001,0,43085001.0,True,False
695,builder_12,proposer_17,256000000000.0,32000000000.0,27119999,0,27119999.0,True,True
696,builder_9,proposer_14,64000000000.0,64000000000.0,30600000,0,30600000.0,False,True
697,builder_0,proposer_10,64000000000.0,160000000000.0,30240000,0,30240000.0,False,False
698,builder_15,proposer_7,32000000000.0,32000000000.0,27120001,0,27120001.0,True,False
699,builder_8,proposer_4,96000000000.0,64000000000.0,43840001,39400,43880583.0,False,False
700,builder_4,proposer_16,32000000000.0,32000000000.0,8400001,0,8400001.0,True,False
701,builder_0,proposer_11,64000000000.0,64000000000.0,13700002,0,13700002.0,False,True
702,builder_19,proposer_13,64000000000.0,32000000000.0,43319999,0,43319999.0,True,True
703,builder_13,proposer_17,32000000000.0,32000000000.0,29600001,0,29600001.0,True,True
704,builder_8,proposer_13,96000000000.0,32000000000.0,30359999,0,30359999.0,False,True
705,builder_17,proposer_9,64000000000.0,160000000000.0,46600000,7700000,54454000.0,True,False
706,builder_4,proposer_5,32000000000.0,32000000000.0,32750001,0,32750001.0,True,False
707,builder_6,proposer_13,32000000000.0,32000000000.0,10200000,0,10200000.0,True,True
708,builder_15,proposer_7,32000000000.0,32000000000.0,48349998,0,48349998.0,True,False
709,builder_4,proposer_6,32000000000.0,160000000000.0,44820000,0,44820000.0,True,True
710,builder_0,proposer_0,64000000000.0,160000000000.0,54390002,67500,54458852.0,False,True
711,builder_17,proposer_16,64000000000.0,32000000000.0,35200001,0,35200001.0,True,False
712,builder_14,proposer_12,96000000000.0,32000000000.0,27270001,0,27270001.0,False,True
713,builder_0,proposer_8,64000000000.0,160000000000.0,7550000,0,7550000.0,False,False
714,builder_8,proposer_7,96000000000.0,32000000000.0,54190002,66100,54258085.0,False,False
715,builder_13,proposer_0,32000000000.0,160000000000.0,43149999,17000,43167169.0,True,True
716,builder_0,proposer_17,64000000000.0,32000000000.0,44350002,0,44350002.0,False,True
717,builder_10,proposer_9,32000000000.0,160000000000.0,7399999,108000,7509079.0,True,False
718,builder_0,proposer_1,64000000000.0,64000000000.0,6440000,0,6440000.0,False,True
719,builder_0,proposer_0,64000000000.0,160000000000.0,9650001,410000,10068201.0,False,True
720,builder_1,proposer_15,32000000000.0,320000000000.0,5479998,0,5479998.0,False,False
721,builder_5,proposer_17,256000000000.0,32000000000.0,48189998,0,48189998.0,False,True
722,builder_9,proposer_0,64000000000.0,160000000000.0,8670000,545000,9225900.0,False,True
723,builder_12,proposer_6,256000000000.0,160000000000.0,34100000,0,34100000.0,True,True
724,builder_14,proposer_4,96000000000.0,64000000000.0,31000000,12800,31013184.0,False,False
725,builder_8,proposer_5,96000000000.0,32000000000.0,30343001,0,30343001.0,False,False
726,builder_18,proposer_4,64000000000.0,64000000000.0,43149999,0,43149999.0,True,False
727,builder_16,proposer_8,32000000000.0,160000000000.0,23200000,35100,23235451.0,True,False
728,builder_10,proposer_19,32000000000.0,320000000000.0,19430000,0,19430000.0,True,False
729,builder_6,proposer_19,32000000000.0,320000000000.0,27429999,0,27429999.0,True,False
730,builder_2,proposer_8,256000000000.0,160000000000.0,7960000,0,7960000.0,True,False
731,builder_5,proposer_2,256000000000.0,160000000000.0,30380002,0,30380002.0,False,True
732,builder_8,proposer_19,96000000000.0,320000000000.0,33320000,769000,34112070.0,False,False
733,builder_6,proposer_5,32000000000.0,32000000000.0,19339998,0,19339998.0,True,False
734,builder_9,proposer_4,64000000000.0,64000000000.0,38459999,100000,38561999.0,False,False
735,builder_6,proposer_3,32000000000.0,160000000000.0,36220002,0,36220002.0,True,True
736,builder_6,proposer_12,32000000000.0,32000000000.0,14600001,24700,14624948.0,True,True
737,builder_4,proposer_19,32000000000.0,320000000000.0,5439999,164000,5605639.0,True,False
738,builder_9,proposer_15,64000000000.0,320000000000.0,28420001,0,28420001.0,False,False
739,builder_6,proposer_19,32000000000.0,320000000000.0,46600001,0,46600001.0,True,False
740,builder_5,proposer_18,256000000000.0,32000000000.0,4720000,0,4720000.0,False,False
741,builder_3,proposer_6,32000000000.0,160000000000.0,27779999,0,27779999.0,True,True
742,builder_18,proposer_6,64000000000.0,160000000000.0,27120001,231000,27355621.0,True,True
743,builder_16,proposer_14,32000000000.0,64000000000.0,30220001,215000,30437151.0,True,True
744,builder_2,proposer_14,256000000000.0,64000000000.0,19289999,0,19289999.0,True,True
745,builder_7,proposer_7,256000000000.0,32000000000.0,1759998,7190000,9525198.0,False,False
746,builder_1,proposer_0,32000000000.0,160000000000.0,28120000,0,28120000.0,False,True
747,builder_10,proposer_10,32000000000.0,160000000000.0,19304998,0,19304998.0,True,False
748,builder_8,proposer_16,96000000000.0,32000000000.0,7720001,0,7720001.0,False,False
749,builder_6,proposer_10,32000000000.0,160000000000.0,49120001,0,49120001.0,True,False
750,builder_13,proposer_1,32000000000.0,64000000000.0,45100001,256000,45358561.0,True,True
751,builder_7,proposer_4,256000000000.0,64000000000.0,29120000,0,29120000.0,False,False
752,builder_14,proposer_15,96000000000.0,320000000000.0,19239999,0,19239999.0,False,False
753,builder_5,proposer_13,256000000000.0,32000000000.0,28510000,0,28510000.0,False,True
754,builder_19,proposer_7,64000000000.0,32000000000.0,20500000,0,20500000.0,True,False
755,builder_1,proposer_13,32000000000.0,32000000000.0,87419999,7190000,94681899.0,False,True
756,builder_12,proposer_1,256000000000.0,64000000000.0,5219999,195000,5430599.0,True,True
757,builder_13,proposer_13,32000000000.0,32000000000.0,43780001,0,43780001.0,True,True
758,builder_0,proposer_14,64000000000.0,64000000000.0,44619999,0,44619999.0,False,True
759,builder_10,proposer_1,32000000000.0,64000000000.0,30580001,0,30580001.0,True,True
760,builder_14,proposer_5,96000000000.0,32000000000.0,28300000,46500,28347895.0,False,False
761,builder_17,proposer_19,64000000000.0,320000000000.0,20100001,71800,20173237.0,True,False
762,builder_4,proposer_15,32000000000.0,320000000000.0,46740000,0,46740000.0,True,False
763,builder_13,proposer_0,32000000000.0,160000000000.0,27539999,0,27539999.0,True,True
764,builder_14,proposer_18,96000000000.0,32000000000.0,7519999,0,7519999.0,False,False
765,builder_6,proposer_2,32000000000.0,160000000000.0,8160000,779000,8946790.0,True,True
766,builder_1,proposer_19,32000000000.0,320000000000.0,30459998,5180,30465229.8,False,False
767,builder_0,proposer_1,64000000000.0,64000000000.0,30435001,0,30435001.0,False,True
768,builder_1,proposer_14,32000000000.0,64000000000.0,39220003,108000,39329083.0,False,True
769,builder_10,proposer_13,32000000000.0,32000000000.0,30310000,0,30310000.0,True,True
770,builder_17,proposer_3,64000000000.0,160000000000.0,30569999,10700,30580913.0,True,True
771,builder_3,proposer_17,32000000000.0,32000000000.0,27440000,0,27440000.0,True,True
772,builder_3,proposer_16,32000000000.0,32000000000.0,86280000,68100,86348781.0,True,False
773,builder_4,proposer_0,32000000000.0,160000000000.0,30800000,0,30800000.0,True,True
774,builder_10,proposer_15,32000000000.0,320000000000.0,43119999,0,43119999.0,True,False
775,builder_17,proposer_15,64000000000.0,320000000000.0,30084999,0,30084999.0,True,False
776,builder_7,proposer_6,256000000000.0,160000000000.0,19189999,0,19189999.0,False,True
777,builder_16,proposer_2,32000000000.0,160000000000.0,43119999,0,43119999.0,True,True
778,builder_8,proposer_11,96000000000.0,64000000000.0,5120001,0,5120001.0,False,True
779,builder_6,proposer_8,32000000000.0,160000000000.0,29120001,0,29120001.0,True,False
780,builder_13,proposer_1,32000000000.0,64000000000.0,29600001,0,29600001.0,True,True
781,builder_5,proposer_19,256000000000.0,320000000000.0,16200002,99800,16307786.0,False,False
782,builder_0,proposer_2,64000000000.0,160000000000.0,43240000,0,43240000.0,False,True
783,builder_4,proposer_13,32000000000.0,32000000000.0,12790002,322000,13115222.0,True,True
784,builder_12,proposer_18,256000000000.0,32000000000.0,30119999,0,30119999.0,True,False
785,builder_19,proposer_0,64000000000.0,160000000000.0,6300001,0,6300001.0,True,True
786,builder_17,proposer_10,64000000000.0,160000000000.0,43119999,0,43119999.0,True,False
787,builder_8,proposer_9,96000000000.0,160000000000.0,6539998,0,6539998.0,False,False
788,builder_3,proposer_3,32000000000.0,160000000000.0,6489998,0,6489998.0,True,True
789,builder_12,proposer_6,256000000000.0,160000000000.0,49119999,0,49119999.0,True,True
790,builder_4,proposer_3,32000000000.0,160000000000.0,21419999,0,21419999.0,True,True
791,builder_13,proposer_19,32000000000.0,320000000000.0,27239999,13900,27254038.0,True,False
792,builder_10,proposer_1,32000000000.0,64000000000.0,19120001,47700,19168178.0,True,True
793,builder_16,proposer_4,32000000000.0,64000000000.0,20520001,0,20520001.0,True,False
794,builder_6,proposer_13,32000000000.0,32000000000.0,7499999,0,7499999.0,True,True
795,builder_1,proposer_3,32000000000.0,160000000000.0,10230002,71800,10302520.0,False,True
796,builder_13,proposer_9,32000000000.0,160000000000.0,27220001,0,27220001.0,True,False
797,builder_17,proposer_0,64000000000.0,160000000000.0,27230001,75000,27306501.0,True,True
798,builder_1,proposer_6,32000000000.0,160000000000.0,54239999,322000,54565219.0,False,True
799,builder_9,proposer_5,64000000000.0,32000000000.0,28319999,0,28319999.0,False,False
800,builder_19,proposer_16,64000000000.0,32000000000.0,43084999,0,43084999.0,True,False
801,builder_11,proposer_9,256000000000.0,160000000000.0,3819999,7190000,11585199.0,True,False
802,builder_6,proposer_0,32000000000.0,160000000000.0,32120000,3130,32123161.3,True,True
803,builder_5,proposer_16,256000000000.0,32000000000.0,31860000,0,31860000.0,False,False
804,builder_8,proposer_8,96000000000.0,160000000000.0,86119998,181000,86306428.0,False,False
805,builder_12,proposer_14,256000000000.0,64000000000.0,44719999,0,44719999.0,True,True
806,builder_1,proposer_8,32000000000.0,160000000000.0,28920002,0,28920002.0,False,False
807,builder_6,proposer_6,32000000000.0,160000000000.0,43699999,285000,43987849.0,True,True
808,builder_3,proposer_5,32000000000.0,32000000000.0,27119999,0,27119999.0,True,False
809,builder_8,proposer_8,96000000000.0,160000000000.0,86270000,43600,86314908.0,False,False
810,builder_19,proposer_10,64000000000.0,160000000000.0,289999,17700000,18343999.0,True,False
811,builder_10,proposer_7,32000000000.0,32000000000.0,43790001,0,43790001.0,True,False
812,builder_1,proposer_8,32000000000.0,160000000000.0,43720000,0,43720000.0,False,False
813,builder_3,proposer_0,32000000000.0,160000000000.0,43239998,0,43239998.0,True,True
814,builder_17,proposer_15,64000000000.0,320000000000.0,32899999,0,32899999.0,True,False
815,builder_1,proposer_11,32000000000.0,64000000000.0,43240000,0,43240000.0,False,True
816,builder_4,proposer_0,32000000000.0,160000000000.0,8596998,36800,8634166.0,True,True
817,builder_4,proposer_17,32000000000.0,32000000000.0,5220001,0,5220001.0,True,True
818,builder_7,proposer_3,256000000000.0,160000000000.0,10170000,0,10170000.0,False,True
819,builder_4,proposer_16,32000000000.0,32000000000.0,19290001,0,19290001.0,True,False
820,builder_6,proposer_3,32000000000.0,160000000000.0,51200000,0,51200000.0,True,True
821,builder_5,proposer_3,256000000000.0,160000000000.0,12940000,21800,12963544.0,False,True
822,builder_9,proposer_15,64000000000.0,320000000000.0,6760000,21800,6782236.0,False,False
823,builder_14,proposer_9,96000000000.0,160000000000.0,28099999,0,28099999.0,False,False
824,builder_7,proposer_18,256000000000.0,32000000000.0,30379999,0,30379999.0,False,False
825,builder_9,proposer_16,64000000000.0,32000000000.0,64200001,256000,64461121.0,False,False
826,builder_14,proposer_3,96000000000.0,160000000000.0,19349999,0,19349999.0,False,True
827,builder_11,proposer_8,256000000000.0,160000000000.0,43280000,12300,43293284.0,True,False
828,builder_15,proposer_7,32000000000.0,32000000000.0,19082000,0,19082000.0,True,False
829,builder_16,proposer_6,32000000000.0,160000000000.0,31800001,0,31800001.0,True,True
830,builder_8,proposer_12,96000000000.0,32000000000.0,31420001,0,31420001.0,False,True
831,builder_5,proposer_8,256000000000.0,160000000000.0,5519998,21800,5543542.0,False,False
832,builder_4,proposer_7,32000000000.0,32000000000.0,30239998,0,30239998.0,True,False
833,builder_7,proposer_16,256000000000.0,32000000000.0,9490002,164000,9667122.0,False,False
834,builder_4,proposer_19,32000000000.0,320000000000.0,30119999,0,30119999.0,True,False
835,builder_9,proposer_13,64000000000.0,32000000000.0,43360000,0,43360000.0,False,True
836,builder_10,proposer_11,32000000000.0,64000000000.0,5085001,15300,5100454.0,True,True
837,builder_2,proposer_14,256000000000.0,64000000000.0,12890000,35600,12928448.0,True,True
838,builder_1,proposer_18,32000000000.0,32000000000.0,43205000,0,43205000.0,False,False
839,builder_12,proposer_10,256000000000.0,160000000000.0,30085001,0,30085001.0,True,False
840,builder_8,proposer_12,96000000000.0,32000000000.0,4185003,17700000,22416003.0,False,True
841,builder_18,proposer_19,64000000000.0,320000000000.0,30670000,1100000,31792000.0,True,False
842,builder_0,proposer_9,64000000000.0,160000000000.0,43719998,0,43719998.0,False,False
843,builder_8,proposer_1,96000000000.0,64000000000.0,20220000,0,20220000.0,False,True
844,builder_14,proposer_15,96000000000.0,320000000000.0,6419998,0,6419998.0,False,False
845,builder_19,proposer_8,64000000000.0,160000000000.0,5500001,1100000,6622001.0,True,False
846,builder_2,proposer_11,256000000000.0,64000000000.0,30309999,0,30309999.0,True,True
847,builder_0,proposer_7,64000000000.0,32000000000.0,43340000,0,43340000.0,False,False
848,builder_14,proposer_15,96000000000.0,320000000000.0,6600000,66100,6668083.0,False,False
849,builder_4,proposer_19,32000000000.0,320000000000.0,87340003,562000,87907623.0,True,False
850,builder_1,proposer_2,32000000000.0,160000000000.0,28784999,0,28784999.0,False,True
851,builder_13,proposer_10,32000000000.0,160000000000.0,23700000,0,23700000.0,True,False
852,builder_5,proposer_5,256000000000.0,32000000000.0,7509999,164000,7687119.0,False,False
853,builder_18,proposer_1,64000000000.0,64000000000.0,27220000,0,27220000.0,True,True
854,builder_9,proposer_15,64000000000.0,320000000000.0,6760001,0,6760001.0,False,False
855,builder_15,proposer_3,32000000000.0,160000000000.0,31099999,5180,31105230.8,True,True
856,builder_17,proposer_18,64000000000.0,32000000000.0,30160001,0,30160001.0,True,False
857,builder_9,proposer_9,64000000000.0,160000000000.0,19120001,0,19120001.0,False,False
858,builder_11,proposer_9,256000000000.0,160000000000.0,28119999,288640,28431730.2,True,False
859,builder_3,proposer_3,32000000000.0,160000000000.0,7880000,5630,7885686.3,True,True
860,builder_1,proposer_10,32000000000.0,160000000000.0,380001,17700000,18257001.0,False,False
861,builder_18,proposer_9,64000000000.0,160000000000.0,43260000,67900,43329258.0,True,False
862,builder_1,proposer_15,32000000000.0,320000000000.0,9520002,21800,9542020.0,False,False
863,builder_8,proposer_6,96000000000.0,160000000000.0,39820001,75000,39897251.0,False,True
864,builder_1,proposer_8,32000000000.0,160000000000.0,31219998,0,31219998.0,False,False
865,builder_2,proposer_5,256000000000.0,32000000000.0,27360000,0,27360000.0,True,False
866,builder_16,proposer_14,32000000000.0,64000000000.0,30220001,283000,30505831.0,True,True
867,builder_10,proposer_0,32000000000.0,160000000000.0,28820001,0,28820001.0,True,True
868,builder_19,proposer_16,64000000000.0,32000000000.0,6100000,296000,6401920.0,True,False
869,builder_1,proposer_1,32000000000.0,64000000000.0,61210000,381000,61594810.0,False,True
870,builder_8,proposer_19,96000000000.0,320000000000.0,31150001,30200,31181107.0,False,False
871,builder_4,proposer_4,32000000000.0,64000000000.0,44619999,0,44619999.0,True,False
872,builder_14,proposer_16,96000000000.0,32000000000.0,33500000,5180,33505335.4,False,False
873,builder_4,proposer_4,32000000000.0,64000000000.0,7320000,0,7320000.0,True,False
874,builder_2,proposer_4,256000000000.0,64000000000.0,20220000,0,20220000.0,True,False
875,builder_15,proposer_1,32000000000.0,64000000000.0,43119999,43600,43164035.0,True,True
876,builder_12,proposer_8,256000000000.0,160000000000.0,21210000,67500,21282900.0,True,False
877,builder_6,proposer_15,32000000000.0,320000000000.0,27490001,0,27490001.0,True,False
878,builder_8,proposer_0,96000000000.0,160000000000.0,28850000,0,28850000.0,False,True
879,builder_5,proposer_8,256000000000.0,160000000000.0,4620001,0,4620001.0,False,False
880,builder_6,proposer_0,32000000000.0,160000000000.0,53349999,594000,53949939.0,True,True
881,builder_9,proposer_9,64000000000.0,160000000000.0,27199999,0,27199999.0,False,False
882,builder_16,proposer_19,32000000000.0,320000000000.0,43000000,0,43000000.0,True,False
883,builder_6,proposer_2,32000000000.0,160000000000.0,8319998,13800,8333936.0,True,True
884,builder_13,proposer_6,32000000000.0,160000000000.0,46310000,0,46310000.0,True,True
885,builder_6,proposer_12,32000000000.0,32000000000.0,12920000,42000,12962420.0,True,True
886,builder_12,proposer_16,256000000000.0,32000000000.0,36220001,13800,36234905.0,True,False
887,builder_4,proposer_8,32000000000.0,160000000000.0,61839999,7840,61847917.4,True,False
888,builder_5,proposer_6,256000000000.0,160000000000.0,86479998,16400,86497710.0,False,True
889,builder_5,proposer_18,256000000000.0,32000000000.0,30269999,0,30269999.0,False,False
890,builder_5,proposer_5,256000000000.0,32000000000.0,86300000,177700,86491916.0,False,False
891,builder_4,proposer_8,32000000000.0,160000000000.0,43119999,0,43119999.0,True,False
892,builder_14,proposer_4,96000000000.0,64000000000.0,43120001,0,43120001.0,False,False
893,builder_11,proposer_13,256000000000.0,32000000000.0,32119999,12300,32133283.0,True,True
894,builder_13,proposer_18,32000000000.0,32000000000.0,43440001,0,43440001.0,True,False
895,builder_8,proposer_6,96000000000.0,160000000000.0,38120000,43600,38164908.0,False,True
896,builder_5,proposer_15,256000000000.0,320000000000.0,30340001,0,30340001.0,False,False
897,builder_8,proposer_14,96000000000.0,64000000000.0,4059999,13800,4074213.0,False,True
898,builder_2,proposer_8,256000000000.0,160000000000.0,27835002,0,27835002.0,True,False
899,builder_14,proposer_19,96000000000.0,320000000000.0,8699999,0,8699999.0,False,False
900,builder_0,proposer_1,64000000000.0,64000000000.0,38440003,33300,38473969.0,False,True
901,builder_5,proposer_1,256000000000.0,64000000000.0,13470001,19700,13491277.0,False,True
902,builder_0,proposer_2,64000000000.0,160000000000.0,17720002,369000,18096382.0,False,True
903,builder_6,proposer_8,32000000000.0,160000000000.0,43580000,0,43580000.0,True,False
904,builder_3,proposer_17,32000000000.0,32000000000.0,43239998,0,43239998.0,True,True
905,builder_8,proposer_8,96000000000.0,160000000000.0,27274000,283000,27565490.0,False,False
906,builder_10,proposer_18,32000000000.0,32000000000.0,31510000,0,31510000.0,True,False
907,builder_1,proposer_19,32000000000.0,320000000000.0,54250002,195000,54446952.0,False,False
908,builder_11,proposer_1,256000000000.0,64000000000.0,5539998,0,5539998.0,True,True
909,builder_7,proposer_8,256000000000.0,160000000000.0,43390001,75000,43471001.0,False,False
910,builder_18,proposer_19,64000000000.0,320000000000.0,8790001,0,8790001.0,True,False
911,builder_3,proposer_17,32000000000.0,32000000000.0,43240002,0,43240002.0,True,True
912,builder_4,proposer_13,32000000000.0,32000000000.0,32699999,0,32699999.0,True,True
913,builder_7,proposer_19,256000000000.0,320000000000.0,60720000,42000,60765360.0,False,False
914,builder_5,proposer_9,256000000000.0,160000000000.0,30399999,369000,30798519.0,False,False
915,builder_19,proposer_10,64000000000.0,160000000000.0,32400000,22040,32422480.8,True,False
916,builder_15,proposer_5,32000000000.0,32000000000.0,43159999,0,43159999.0,True,False
917,builder_5,proposer_10,256000000000.0,160000000000.0,10755000,108000,10871640.0,False,False
918,builder_13,proposer_15,32000000000.0,320000000000.0,349999,17700000,18226999.0,True,False
919,builder_9,proposer_7,64000000000.0,32000000000.0,5487999,3130,5491191.6,False,False
920,builder_17,proposer_3,64000000000.0,160000000000.0,4359999,0,4359999.0,True,True
921,builder_1,proposer_15,32000000000.0,320000000000.0,10239999,108000,10349079.0,False,False
922,builder_1,proposer_6,32000000000.0,160000000000.0,54205003,13900,54219042.0,False,True
923,builder_12,proposer_1,256000000000.0,64000000000.0,33620001,0,33620001.0,True,True
924,builder_1,proposer_4,32000000000.0,64000000000.0,86309999,15100,86325250.0,False,False
925,builder_15,proposer_15,32000000000.0,320000000000.0,5189999,0,5189999.0,True,False
926,builder_6,proposer_0,32000000000.0,160000000000.0,11420001,0,11420001.0,True,True
927,builder_0,proposer_2,64000000000.0,160000000000.0,7519998,0,7519998.0,False,True
928,builder_8,proposer_7,96000000000.0,32000000000.0,61370000,28500,61399355.0,False,False
929,builder_0,proposer_4,64000000000.0,64000000000.0,43305001,0,43305001.0,False,False
930,builder_12,proposer_6,256000000000.0,160000000000.0,38100000,33300,38135964.0,True,True
931,builder_2,proposer_2,256000000000.0,160000000000.0,54310001,381000,54721481.0,True,True
932,builder_3,proposer_19,32000000000.0,320000000000.0,43239998,0,43239998.0,True,False
933,builder_11,proposer_7,256000000000.0,32000000000.0,31920002,0,31920002.0,True,False
934,builder_16,proposer_15,32000000000.0,320000000000.0,31385000,16400,31401564.0,True,False
935,builder_8,proposer_15,96000000000.0,320000000000.0,6519998,66100,6588081.0,False,False
936,builder_4,proposer_3,32000000000.0,160000000000.0,56720000,12300,56732423.0,True,True
937,builder_14,proposer_4,96000000000.0,64000000000.0,6569999,0,6569999.0,False,False
938,builder_11,proposer_6,256000000000.0,160000000000.0,30280000,0,30280000.0,True,True
939,builder_6,proposer_14,32000000000.0,64000000000.0,62720000,146000,62867460.0,True,True
940,builder_3,proposer_11,32000000000.0,64000000000.0,6540000,0,6540000.0,True,True
941,builder_8,proposer_6,96000000000.0,160000000000.0,32719999,0,32719999.0,False,True
942,builder_16,proposer_10,32000000000.0,160000000000.0,24000000,0,24000000.0,True,False
943,builder_0,proposer_2,64000000000.0,160000000000.0,43229999,0,43229999.0,False,True
944,builder_17,proposer_8,64000000000.0,160000000000.0,43120000,75000,43196500.0,True,False
945,builder_13,proposer_19,32000000000.0,320000000000.0,21000000,49100,21049591.0,True,False
946,builder_1,proposer_14,32000000000.0,64000000000.0,3920000,0,3920000.0,False,True
947,builder_9,proposer_19,64000000000.0,320000000000.0,60780000,296000,61081920.0,False,False
948,builder_2,proposer_17,256000000000.0,32000000000.0,30310002,0,30310002.0,True,True
949,builder_7,proposer_1,256000000000.0,64000000000.0,27460000,0,27460000.0,False,True
950,builder_18,proposer_10,64000000000.0,160000000000.0,44100001,0,44100001.0,True,False
951,builder_2,proposer_0,256000000000.0,160000000000.0,28189999,0,28189999.0,True,True
952,builder_8,proposer_7,96000000000.0,32000000000.0,8040000,13900,8054317.0,False,False
953,builder_9,proposer_10,64000000000.0,160000000000.0,30120000,0,30120000.0,False,False
954,builder_7,proposer_13,256000000000.0,32000000000.0,43119999,0,43119999.0,False,True
955,builder_6,proposer_13,32000000000.0,32000000000.0,8640001,21800,8662019.0,True,True
956,builder_9,proposer_5,64000000000.0,32000000000.0,7459998,21800,7482234.0,False,False
957,builder_8,proposer_19,96000000000.0,320000000000.0,55420000,18600,55439158.0,False,False
958,builder_7,proposer_14,256000000000.0,64000000000.0,9020000,35100,9057908.0,False,True
959,builder_1,proposer_2,32000000000.0,160000000000.0,81339999,195000,81536949.0,False,True
960,builder_13,proposer_11,32000000000.0,64000000000.0,19219999,0,19219999.0,True,True
961,builder_7,proposer_4,256000000000.0,64000000000.0,11560001,491900,12091253.0,False,False
962,builder_3,proposer_10,32000000000.0,160000000000.0,14120000,35100,14155451.0,True,False
963,builder_10,proposer_11,32000000000.0,64000000000.0,31320001,0,31320001.0,True,True
964,builder_11,proposer_7,256000000000.0,32000000000.0,62120001,7840,62128468.2,True,False
965,builder_8,proposer_7,96000000000.0,32000000000.0,43379998,0,43379998.0,False,False
966,builder_3,proposer_16,32000000000.0,32000000000.0,10680001,350000,11033501.0,True,False
967,builder_7,proposer_3,256000000000.0,160000000000.0,10119999,0,10119999.0,False,True
968,builder_2,proposer_13,256000000000.0,32000000000.0,20619999,0,20619999.0,True,True
969,builder_19,proposer_15,64000000000.0,320000000000.0,27120001,0,27120001.0,True,False
970,builder_1,proposer_11,32000000000.0,64000000000.0,28940000,0,28940000.0,False,True
971,builder_17,proposer_3,64000000000.0,160000000000.0,7019999,164000,7187279.0,True,True
972,builder_3,proposer_13,32000000000.0,32000000000.0,34319998,33300,34353631.0,True,True
973,builder_18,proposer_3,64000000000.0,160000000000.0,27080001,0,27080001.0,True,True
974,builder_18,proposer_7,64000000000.0,32000000000.0,45599999,0,45599999.0,True,False
975,builder_12,proposer_19,256000000000.0,320000000000.0,6219999,510000,6770799.0,True,False
976,builder_14,proposer_0,96000000000.0,160000000000.0,1140000,17700000,19371000.0,False,True
977,builder_10,proposer_13,32000000000.0,32000000000.0,19082000,0,19082000.0,True,True
978,builder_9,proposer_8,64000000000.0,160000000000.0,31500000,0,31500000.0,False,False
979,builder_17,proposer_0,64000000000.0,160000000000.0,7200001,14200,7214485.0,True,True
980,builder_11,proposer_3,256000000000.0,160000000000.0,19220001,0,19220001.0,True,True
981,builder_9,proposer_0,64000000000.0,160000000000.0,54220000,959000,55198180.0,False,True
982,builder_9,proposer_0,64000000000.0,160000000000.0,27279998,0,27279998.0,False,True
983,builder_6,proposer_15,32000000000.0,320000000000.0,6420001,0,6420001.0,True,False
984,builder_3,proposer_18,32000000000.0,32000000000.0,38339998,545000,38890448.0,True,False
985,builder_13,proposer_9,32000000000.0,160000000000.0,45120001,0,45120001.0,True,False
986,builder_5,proposer_9,256000000000.0,160000000000.0,49700000,0,49700000.0,False,False
987,builder_17,proposer_14,64000000000.0,64000000000.0,25419999,0,25419999.0,True,True
988,builder_11,proposer_6,256000000000.0,160000000000.0,48120001,33300,48155965.0,True,True
989,builder_5,proposer_15,256000000000.0,320000000000.0,410000,17700000,19526000.0,False,False
990,builder_15,proposer_19,32000000000.0,320000000000.0,6780001,195000,6976951.0,True,False
991,builder_0,proposer_10,64000000000.0,160000000000.0,38310001,33300,38343967.0,False,False
992,builder_8,proposer_4,96000000000.0,64000000000.0,13420000,17700000,31651000.0,False,False
993,builder_0,proposer_1,64000000000.0,64000000000.0,24320000,0,24320000.0,False,True
994,builder_7,proposer_5,256000000000.0,32000000000.0,43439999,0,43439999.0,False,False
995,builder_7,proposer_18,256000000000.0,32000000000.0,20690001,0,20690001.0,False,False
996,builder_16,proposer_19,32000000000.0,320000000000.0,19189999,0,19189999.0,True,False
997,builder_5,proposer_2,256000000000.0,160000000000.0,5160001,24890000,32041201.0,False,True
998,builder_15,proposer_11,32000000000.0,64000000000.0,8099999,0,8099999.0,True,True
999,builder_2,proposer_5,256000000000.0,32000000000.0,394003,17700000,19510003.0,True,False
