block_num,round_num,builder_id,strategy,bid,block_value
0,0,builder_0,late_enter,0,327100380
0,0,builder_1,late_enter,0,352537520
0,0,builder_2,late_enter,0,286966850
0,0,builder_3,late_enter,0,316501310
0,0,builder_4,late_enter,0,355721380
0,0,builder_10,reactive,169187810.0,338375620
0,0,builder_11,reactive,120510820.0,241021640
0,0,builder_12,reactive,168499760.0,336999520
0,0,builder_13,reactive,181228125.0,362456250
0,0,builder_14,reactive,128089010.0,256178020
0,0,builder_15,reactive,181192705.0,362385410
0,0,builder_16,reactive,184006760.0,368013520
0,0,builder_17,reactive,173692870.0,347385740
0,0,builder_18,reactive,148980425.0,297960850
0,0,builder_19,reactive,145788875.0,291577750
0,0,builder_20,reactive,177071825.0,354143650
0,0,builder_21,reactive,167411525.0,334823050
0,0,builder_22,reactive,146521135.0,293042270
0,0,builder_23,reactive,148155375.0,296310750
0,0,builder_24,reactive,136799920.0,273599840
0,1,builder_0,late_enter,0,637066400
0,1,builder_1,late_enter,0,590874870
0,1,builder_2,late_enter,0,501123540
0,1,builder_3,late_enter,0,578470330
0,1,builder_4,late_enter,0,630644230
0,1,builder_10,reactive,202407436.0,657925070
0,1,builder_11,reactive,202407436.0,504991070
0,1,builder_12,reactive,202407436.0,568630870
0,1,builder_13,reactive,202407436.0,689124770
0,1,builder_14,reactive,202407436.0,572995350
0,1,builder_15,reactive,202407436.0,616075430
0,1,builder_16,reactive,434134315.0,684261870
0,1,builder_17,reactive,202407436.0,596857870
0,1,builder_18,reactive,202407436.0,551915070
0,1,builder_19,reactive,202407436.0,521247170
0,1,builder_20,reactive,202407436.0,631050420
0,1,builder_21,reactive,202407436.0,647388470
0,1,builder_22,reactive,202407436.0,576743170
0,1,builder_23,reactive,202407436.0,572579940
0,1,builder_24,reactive,202407436.0,528344270
0,2,builder_0,late_enter,0,774098500
0,2,builder_1,late_enter,0,781936300
0,2,builder_2,late_enter,0,651227970
0,2,builder_3,late_enter,0,680675660
0,2,builder_4,late_enter,0,764223130
0,2,builder_10,reactive,477547746.5,854661130
0,2,builder_11,reactive,477547746.5,710650470
0,2,builder_12,reactive,477547746.5,748589170
0,2,builder_13,reactive,477547746.5,855661970
0,2,builder_14,reactive,477547746.5,720818970
0,2,builder_15,reactive,477547746.5,738385660
0,2,builder_16,reactive,649158142.5,864181970
0,2,builder_17,reactive,477547746.5,768316170
0,2,builder_18,reactive,477547746.5,697183300
0,2,builder_19,reactive,477547746.5,677419500
0,2,builder_20,reactive,477547746.5,832843370
0,2,builder_21,reactive,477547746.5,849843770
0,2,builder_22,reactive,477547746.5,784462100
0,2,builder_23,reactive,477547746.5,745943340
0,2,builder_24,reactive,477547746.5,687116600
0,3,builder_0,late_enter,0,986160800
0,3,builder_1,late_enter,0,1019255430
0,3,builder_2,late_enter,0,833532200
0,3,builder_3,late_enter,0,906643030
0,3,builder_4,late_enter,0,984867430
0,3,builder_10,reactive,714073956.75,1058262430
0,3,builder_11,reactive,714073956.75,884859430
0,3,builder_12,reactive,714073956.75,895418730
0,3,builder_13,reactive,714073956.75,1022782430
0,3,builder_14,reactive,714073956.75,943880830
0,3,builder_15,reactive,714073956.75,907906330
0,3,builder_16,reactive,864970786.25,1080783430
0,3,builder_17,reactive,714073956.75,905173730
0,3,builder_18,reactive,714073956.75,862833730
0,3,builder_19,reactive,714073956.75,835460030
0,3,builder_20,reactive,714073956.75,1049042400
0,3,builder_21,reactive,714073956.75,1065212730
0,3,builder_22,reactive,714073956.75,977299830
0,3,builder_23,reactive,714073956.75,926074800
0,3,builder_24,reactive,714073956.75,903124830
0,4,builder_0,late_enter,0,1132466900
0,4,builder_1,late_enter,0,1191752470
0,4,builder_2,late_enter,0,1035672240
0,4,builder_3,late_enter,0,1073892870
0,4,builder_4,late_enter,0,1190512370
0,4,builder_10,reactive,951467864.875,1207921330
0,4,builder_11,reactive,951467864.875,1009511170
0,4,builder_12,reactive,951467864.875,1049629630
0,4,builder_13,reactive,951467864.875,1219535370
0,4,builder_14,reactive,951467864.875,1087493170
0,4,builder_15,reactive,951467864.875,1085966670
0,4,builder_16,reactive,1072700478.125,1280430170
0,4,builder_17,reactive,951467864.875,1081575470
0,4,builder_18,reactive,951467864.875,1077960470
0,4,builder_19,reactive,951467864.875,1029211170
0,4,builder_20,reactive,951467864.875,1240300740
0,4,builder_21,reactive,951467864.875,1256468770
0,4,builder_22,reactive,951467864.875,1090337030
0,4,builder_23,reactive,951467864.875,1092781740
0,4,builder_24,reactive,951467864.875,1104178170
0,5,builder_0,late_enter,0,1187933600
0,5,builder_1,late_enter,0,1219459170
0,5,builder_2,late_enter,0,1075665840
0,5,builder_3,late_enter,0,1136030570
0,5,builder_4,late_enter,0,1251393070
0,5,builder_10,reactive,1179970525.9375,1260682030
0,5,builder_11,reactive,1071462170,1071462170
0,5,builder_12,reactive,1092616330,1092616330
0,5,builder_13,reactive,1179970525.9375,1260312070
0,5,builder_14,reactive,1152859870,1152859870
0,5,builder_15,reactive,1125914370,1125914370
0,5,builder_16,reactive,1203495674.0625,1334290870
0,5,builder_17,reactive,1123760170,1123760170
0,5,builder_18,reactive,1121347170,1121347170
0,5,builder_19,reactive,1071169870,1071169870
0,5,builder_20,reactive,1179970525.9375,1298422740
0,5,builder_21,reactive,1179970525.9375,1319794470
0,5,builder_22,reactive,1150225330,1150225330
0,5,builder_23,reactive,1137399440,1137399440
0,5,builder_24,reactive,1149720770,1149720770
0,6,builder_0,late_enter,0,1320858600
0,6,builder_1,late_enter,0,1361904170
0,6,builder_2,late_enter,0,1188017840
0,6,builder_3,late_enter,0,1246976570
0,6,builder_4,late_enter,0,1382074070
0,6,builder_10,reactive,1323845241.46875,1398763030
0,6,builder_11,reactive,1220827170,1220827170
0,6,builder_12,reactive,1244877330,1244877330
0,6,builder_13,reactive,1323845241.46875,1361918070
0,6,builder_14,reactive,1287220870,1287220870
0,6,builder_15,reactive,1207756370,1207756370
0,6,builder_16,reactive,1337573772.03125,1471651870
0,6,builder_17,reactive,1285146170,1285146170
0,6,builder_18,reactive,1227289170,1227289170
0,6,builder_19,reactive,1092930870,1092930870
0,6,builder_20,reactive,1323845241.46875,1413308740
0,6,builder_21,reactive,1323845241.46875,1408798470
0,6,builder_22,reactive,1265137330,1265137330
0,6,builder_23,reactive,1269964440,1269964440
0,6,builder_24,reactive,1305395770,1305395770
0,7,builder_0,late_enter,0,1432062430
0,7,builder_1,late_enter,0,1476019700
0,7,builder_2,late_enter,0,1237827740
0,7,builder_3,late_enter,0,1304229700
0,7,builder_4,late_enter,0,1475210400
0,7,builder_10,reactive,1471331149.234375,1506166860
0,7,builder_11,reactive,1336731000,1336731000
0,7,builder_12,reactive,1364650160,1364650160
0,7,builder_13,reactive,1471331149.234375,1476166100
0,7,builder_14,reactive,1376144400,1376144400
0,7,builder_15,reactive,1285347000,1285347000
0,7,builder_16,reactive,1461464736.015625,1585355700
0,7,builder_17,reactive,1357078570,1357078570
0,7,builder_18,reactive,1321062000,1321062000
0,7,builder_19,reactive,1152617500,1152617500
0,7,builder_20,reactive,1471331149.234375,1508424270
0,7,builder_21,reactive,1471331149.234375,1486530870
0,7,builder_22,reactive,1367863960,1367863960
0,7,builder_23,reactive,1359768270,1359768270
0,7,builder_24,reactive,1353628170,1353628170
0,8,builder_0,late_enter,0,1534562430
0,8,builder_1,late_enter,0,1629144200
0,8,builder_2,late_enter,0,1269995840
0,8,builder_3,late_enter,0,1448597800
0,8,builder_4,late_enter,0,1634401000
0,8,builder_10,reactive,1546227204.6171875,1621123260
0,8,builder_11,reactive,1458599100,1458599100
0,8,builder_12,reactive,1508318260,1508318260
0,8,builder_13,reactive,1528916824.6171875,1586502500
0,8,builder_14,reactive,1484312500,1484312500
0,8,builder_15,reactive,1416983400,1416983400
0,8,builder_16,reactive,1618464264.1578126,1741087400
0,8,builder_17,reactive,1476014970,1476014970
0,8,builder_18,reactive,1475108300,1475108300
0,8,builder_19,reactive,1238085600,1238085600
0,8,builder_20,reactive,1545145909.6171875,1618960670
0,8,builder_21,reactive,1539865059.6171875,1608398970
0,8,builder_22,reactive,1504263960,1504263960
0,8,builder_23,reactive,1427836370,1427836370
0,8,builder_24,reactive,1502296270,1502296270
0,9,builder_0,late_enter,0,1641662430
0,9,builder_1,late_enter,0,1776068500
0,9,builder_2,late_enter,0,1382207740
0,9,builder_3,late_enter,0,1588366100
0,9,builder_4,late_enter,0,1770761000
0,9,builder_10,reactive,1768047560,1768047560
0,9,builder_11,reactive,1622655500,1622655500
0,9,builder_12,reactive,1612796460,1612796460
0,9,builder_13,reactive,1745380700,1745380700
0,9,builder_14,reactive,1605780800,1605780800
0,9,builder_15,reactive,1483283400,1483283400
0,9,builder_16,reactive,1757100332.0789063,1895736400
0,9,builder_17,reactive,1628814970,1628814970
0,9,builder_18,reactive,1576530800,1576530800
0,9,builder_19,reactive,1373153900,1373153900
0,9,builder_20,reactive,1756038870,1756038870
0,9,builder_21,reactive,1754955370,1754955370
0,9,builder_22,reactive,1592563960,1592563960
0,9,builder_23,reactive,1570114570,1570114570
0,9,builder_24,reactive,1633296270,1633296270
0,10,builder_0,late_enter,0,1824308530
0,10,builder_1,late_enter,0,1886668500
0,10,builder_2,late_enter,0,1487371640
0,10,builder_3,late_enter,0,1725980000
0,10,builder_4,late_enter,0,1925104600
0,10,builder_10,reactive,1845359360.0,1922671160
0,10,builder_11,reactive,1754003400,1754003400
0,10,builder_12,reactive,1794822560,1794822560
0,10,builder_13,reactive,1821536000,1821536000
0,10,builder_14,reactive,1789856100,1789856100
0,10,builder_15,reactive,1657005200,1657005200
0,10,builder_16,reactive,1944852316.0,1976280000
0,10,builder_17,reactive,1794040270,1794040270
0,10,builder_18,reactive,1706834400,1706834400
0,10,builder_19,reactive,1536611400,1536611400
0,10,builder_20,reactive,1855933170,1855933170
0,10,builder_21,reactive,1886127970,1886127970
0,10,builder_22,reactive,1742963960,1742963960
0,10,builder_23,reactive,1665082470,1665082470
0,10,builder_24,reactive,1773876270,1773876270
0,11,builder_0,late_enter,0,1966367830
0,11,builder_1,late_enter,0,2022347800
0,11,builder_2,late_enter,0,1516860940
0,11,builder_3,late_enter,0,1889075800
0,11,builder_4,late_enter,0,2079016070
0,11,builder_10,reactive,2027544830,2027544830
0,11,builder_11,reactive,1889682700,1889682700
0,11,builder_12,reactive,1899441160,1899441160
0,11,builder_13,reactive,1957215300,1957215300
0,11,builder_14,reactive,1858054700,1858054700
0,11,builder_15,reactive,1745008500,1745008500
0,11,builder_16,reactive,2040538143.0,2136223970
0,11,builder_17,reactive,1906918570,1906918570
0,11,builder_18,reactive,1774553000,1774553000
0,11,builder_19,reactive,1663147900,1663147900
0,11,builder_20,reactive,1955462470,1955462470
0,11,builder_21,reactive,2021807270,2021807270
0,11,builder_22,reactive,1861559960,1861559960
0,11,builder_23,reactive,1770041770,1770041770
0,11,builder_24,reactive,1915935570,1915935570
0,12,builder_0,late_enter,0,2083669230
0,12,builder_1,late_enter,0,2084876070
0,12,builder_2,late_enter,0,1581903440
0,12,builder_3,late_enter,0,1994395800
0,12,builder_4,late_enter,0,2182536070
0,12,builder_10,reactive,2156415130,2156415130
0,12,builder_11,reactive,2001097070,2001097070
0,12,builder_12,reactive,1986961160,1986961160
0,12,builder_13,reactive,2031629670,2031629670
0,12,builder_14,reactive,1956054700,1956054700
0,12,builder_15,reactive,1857029500,1857029500
0,12,builder_16,reactive,2140141056.5,2239743970
0,12,builder_17,reactive,1993918570,1993918570
0,12,builder_18,reactive,1885967370,1885967370
0,12,builder_19,reactive,1770438900,1770438900
0,12,builder_20,reactive,2060063870,2060063870
0,12,builder_21,reactive,2114359440,2114359440
0,12,builder_22,reactive,1903779960,1903779960
0,12,builder_23,reactive,1838561770,1838561770
0,12,builder_24,reactive,1977555570,1977555570
0,13,builder_0,late_enter,0,2160498030
0,13,builder_1,late_enter,0,2158415970
0,13,builder_2,late_enter,0,1671907740
0,13,builder_3,late_enter,0,2071930070
0,13,builder_4,late_enter,0,2265360270
0,13,builder_10,reactive,2209885080.0,2263355030
0,13,builder_11,reactive,2114707270,2114707270
0,13,builder_12,reactive,2043209730,2043209730
0,13,builder_13,reactive,2151334570,2151334570
0,13,builder_14,reactive,2082870370,2082870370
0,13,builder_15,reactive,1915969400,1915969400
0,13,builder_16,reactive,2359268170,2359268170
0,13,builder_17,reactive,2099990640,2099990640
0,13,builder_18,reactive,1969154070,1969154070
0,13,builder_19,reactive,1859262400,1859262400
0,13,builder_20,reactive,2167136270,2167136270
0,13,builder_21,reactive,2208731840,2208731840
0,13,builder_22,reactive,2012319860,2012319860
0,13,builder_23,reactive,1934499570,1934499570
0,13,builder_24,reactive,2104060140,2104060140
0,14,builder_0,late_enter,0,2224495530
0,14,builder_1,late_enter,0,2277963670
0,14,builder_2,late_enter,0,1723337540
0,14,builder_3,late_enter,0,2172477770
0,14,builder_4,late_enter,0,2376712870
0,14,builder_10,reactive,2382906230,2382906230
0,14,builder_11,reactive,2178704770,2178704770
0,14,builder_12,reactive,2150339730,2150339730
0,14,builder_13,reactive,2251882270,2251882270
0,14,builder_14,reactive,2140756770,2140756770
0,14,builder_15,reactive,2023950170,2023950170
0,14,builder_16,reactive,2425290320.0,2491312470
0,14,builder_17,reactive,2207120640,2207120640
0,14,builder_18,reactive,2069851570,2069851570
0,14,builder_19,reactive,1860612200,1860612200
0,14,builder_20,reactive,2267683970,2267683970
0,14,builder_21,reactive,2279015140,2279015140
0,14,builder_22,reactive,2107200630,2107200630
0,14,builder_23,reactive,1990481870,1990481870
0,14,builder_24,reactive,2204757640,2204757640
0,15,builder_0,late_enter,0,2362648230
0,15,builder_1,late_enter,0,2367074570
0,15,builder_2,late_enter,0,1771167540
0,15,builder_3,late_enter,0,2291775670
0,15,builder_4,late_enter,0,2502506870
0,15,builder_10,reactive,2520493630,2520493630
0,15,builder_11,reactive,2278873170,2278873170
0,15,builder_12,reactive,2214161730,2214161730
0,15,builder_13,reactive,2362743570,2362743570
0,15,builder_14,reactive,2204578770,2204578770
0,15,builder_15,reactive,2100472170,2100472170
0,15,builder_16,reactive,2505875395.0,2586460470
0,15,builder_17,reactive,2250028640,2250028640
0,15,builder_18,reactive,2182643670,2182643670
0,15,builder_19,reactive,1987592970,1987592970
0,15,builder_20,reactive,2365844570,2365844570
0,15,builder_21,reactive,2417146440,2417146440
0,15,builder_22,reactive,2201230630,2201230630
0,15,builder_23,reactive,2116081970,2116081970
0,15,builder_24,reactive,2300226040,2300226040
0,16,builder_0,late_enter,0,2452956630
0,16,builder_1,late_enter,0,2417454570
0,16,builder_2,late_enter,0,1815967540
0,16,builder_3,late_enter,0,2361444670
0,16,builder_4,late_enter,0,2549733870
0,16,builder_10,reactive,2563073630.0,2605653630
0,16,builder_11,reactive,2348537570,2348537570
0,16,builder_12,reactive,2285547530,2285547530
0,16,builder_13,reactive,2452767570,2452767570
0,16,builder_14,reactive,2237978770,2237978770
0,16,builder_15,reactive,2157572170,2157572170
0,16,builder_16,reactive,2603687470,2603687470
0,16,builder_17,reactive,2291428640,2291428640
0,16,builder_18,reactive,2272991670,2272991670
0,16,builder_19,reactive,2065525470,2065525470
0,16,builder_20,reactive,2425868570,2425868570
0,16,builder_21,reactive,2506706440,2506706440
0,16,builder_22,reactive,2291616430,2291616430
0,16,builder_23,reactive,2206415370,2206415370
0,16,builder_24,reactive,2342890440,2342890440
0,17,builder_0,late_enter,0,2605733630
0,17,builder_1,late_enter,0,2548694570
0,17,builder_2,late_enter,0,2008177040
0,17,builder_3,late_enter,0,2562918670
0,17,builder_4,late_enter,0,2610043870
0,17,builder_10,reactive,2678190630,2678190630
0,17,builder_11,reactive,2509187570,2509187570
0,17,builder_12,reactive,2547350830,2547350830
0,17,builder_13,reactive,2601234570,2601234570
0,17,builder_14,reactive,2516407870,2516407870
0,17,builder_15,reactive,2335035870,2335035870
0,17,builder_16,reactive,2636637470.0,2669587470
0,17,builder_17,reactive,2509846740,2509846740
0,17,builder_18,reactive,2449575670,2449575670
0,17,builder_19,reactive,2281551570,2281551570
0,17,builder_20,reactive,2567065570,2567065570
0,17,builder_21,reactive,2577223440,2577223440
0,17,builder_22,reactive,2534908730,2534908730
0,17,builder_23,reactive,2440893370,2440893370
0,17,builder_24,reactive,2469684440,2469684440
0,18,builder_0,late_enter,0,2643524930
0,18,builder_1,late_enter,2596706870,2596706870
0,18,builder_2,late_enter,0,2134295240
0,18,builder_3,late_enter,0,2576709970
0,18,builder_4,late_enter,0,2647835170
0,18,builder_10,reactive,2697086280.0,2715981930
0,18,builder_11,reactive,2525199870,2525199870
0,18,builder_12,reactive,2654272130,2654272130
0,18,builder_13,reactive,2647013570,2647013570
0,18,builder_14,reactive,2575649170,2575649170
0,18,builder_15,reactive,2418151570,2418151570
0,18,builder_16,reactive,2707378770,2707378770
0,18,builder_17,reactive,2626566040,2626566040
0,18,builder_18,reactive,2493273970,2493273970
0,18,builder_19,reactive,2349994970,2349994970
0,18,builder_20,reactive,2604856870,2604856870
0,18,builder_21,reactive,2607014740,2607014740
0,18,builder_22,reactive,2582601030,2582601030
0,18,builder_23,reactive,2463895370,2463895370
0,18,builder_24,reactive,2507475740,2507475740
0,19,builder_0,late_enter,2664780930,2664780930
0,19,builder_1,late_enter,0,2617962870
0,19,builder_2,late_enter,2266855240,2266855240
0,19,builder_3,late_enter,2597965970,2597965970
0,19,builder_4,late_enter,2679835170,2679835170
0,19,builder_10,reactive,2737237930,2737237930
0,19,builder_11,reactive,2546455870,2546455870
0,19,builder_12,reactive,2686272130,2686272130
0,19,builder_13,reactive,2636269570,2636269570
0,19,builder_14,reactive,2572905170,2572905170
0,19,builder_15,reactive,2515694570,2515694570
0,19,builder_16,reactive,2714006770.0,2720634770
0,19,builder_17,reactive,2641045040,2641045040
0,19,builder_18,reactive,2525273970,2525273970
0,19,builder_19,reactive,2459717970,2459717970
0,19,builder_20,reactive,2618112870,2618112870
0,19,builder_21,reactive,2639014740,2639014740
0,19,builder_22,reactive,2601307030,2601307030
0,19,builder_23,reactive,2485151370,2485151370
0,19,builder_24,reactive,2504731740,2504731740
1,0,builder_0,late_enter,0,2699780930
1,0,builder_1,late_enter,0,2652962870
1,0,builder_2,late_enter,0,2276535240
1,0,builder_3,late_enter,0,2632965970
1,0,builder_4,late_enter,0,2714835170
1,0,builder_10,reactive,1368618965.0,935762330
1,0,builder_11,reactive,1273227935.0,2581455870
1,0,builder_12,reactive,1343136065.0,2697272130
1,0,builder_13,reactive,1318134785.0,2671269570
1,0,builder_14,reactive,1286452585.0,2607905170
1,0,builder_15,reactive,1257847285.0,2550694570
1,0,builder_16,reactive,1357003385.0,2755634770
1,0,builder_17,reactive,1320522520.0,2665045040
1,0,builder_18,reactive,1262636985.0,2536273970
1,0,builder_19,reactive,1229858985.0,2514940970
1,0,builder_20,reactive,1309056435.0,2653112870
1,0,builder_21,reactive,1319507370.0,2663014740
1,0,builder_22,reactive,1300653515.0,2636307030
1,0,builder_23,reactive,1242575685.0,2496151370
1,0,builder_24,reactive,1252365870.0,2528731740
1,1,builder_0,late_enter,0,2771852730
1,1,builder_1,late_enter,0,2712034670
1,1,builder_2,late_enter,0,2391142240
1,1,builder_3,late_enter,0,2697037770
1,1,builder_4,late_enter,0,2824767070
1,1,builder_10,reactive,1258326547.5,1148034130
1,1,builder_11,reactive,1505480861.5,2656527670
1,1,builder_12,reactive,1505480861.5,2732343930
1,1,builder_13,reactive,1505480861.5,2754341370
1,1,builder_14,reactive,1505480861.5,2658976970
1,1,builder_15,reactive,1505480861.5,2617694570
1,1,builder_16,reactive,1505480861.5,2913026770
1,1,builder_17,reactive,1505480861.5,2737116840
1,1,builder_18,reactive,1505480861.5,2590273970
1,1,builder_19,reactive,1505480861.5,2616940970
1,1,builder_20,reactive,1505480861.5,2792936770
1,1,builder_21,reactive,1505480861.5,2711086540
1,1,builder_22,reactive,1505480861.5,2695378830
1,1,builder_23,reactive,1505480861.5,2547223170
1,1,builder_24,reactive,1505480861.5,2576803540
1,2,builder_0,late_enter,0,2874780930
1,2,builder_1,late_enter,0,2803894770
1,2,builder_2,late_enter,0,2468365240
1,2,builder_3,late_enter,0,2751037770
1,2,builder_4,late_enter,0,2905659070
1,2,builder_10,reactive,1291984130,1291984130
1,2,builder_11,reactive,2126970215.75,2748459570
1,2,builder_12,reactive,2151412395.75,2797343930
1,2,builder_13,reactive,2155911115.75,2806341370
1,2,builder_14,reactive,2114728915.75,2723976970
1,2,builder_15,reactive,2094087715.75,2682694570
1,2,builder_16,reactive,2210753815.75,2916026770
1,2,builder_17,reactive,2130798850.75,2756116840
1,2,builder_18,reactive,2080377415.75,2655273970
1,2,builder_19,reactive,2078710915.75,2651940970
1,2,builder_20,reactive,2187958815.75,2870436770
1,2,builder_21,reactive,2150283700.75,2795086540
1,2,builder_22,reactive,2132929845.75,2760378830
1,2,builder_23,reactive,2054852015.75,2604223170
1,2,builder_24,reactive,2068142200.75,2630803540
1,3,builder_0,late_enter,0,2898672930
1,3,builder_1,late_enter,0,2846894770
1,3,builder_2,late_enter,0,2492365240
1,3,builder_3,late_enter,0,2775037770
1,3,builder_4,late_enter,0,2929459070
1,3,builder_10,reactive,1356034600,1356034600
1,3,builder_11,reactive,2431829197.325,2772387770
1,3,builder_12,reactive,2431829197.325,2797343930
1,3,builder_13,reactive,2431829197.325,2830273270
1,3,builder_14,reactive,2431829197.325,2723976970
1,3,builder_15,reactive,2431829197.325,2682694570
1,3,builder_16,reactive,2571390292.875,2932026770
1,3,builder_17,reactive,2431829197.325,2780116840
1,3,builder_18,reactive,2431829197.325,2655273970
1,3,builder_19,reactive,2431829197.325,2675940970
1,3,builder_20,reactive,2431829197.325,2886436770
1,3,builder_21,reactive,2431829197.325,2819018440
1,3,builder_22,reactive,2431829197.325,2784378830
1,3,builder_23,reactive,2431829197.325,2628223170
1,3,builder_24,reactive,2431829197.325,2673803540
1,4,builder_0,late_enter,0,2978204630
1,4,builder_1,late_enter,0,2900786770
1,4,builder_2,late_enter,0,2540365240
1,4,builder_3,late_enter,0,2786069470
1,4,builder_4,late_enter,0,2974190770
1,4,builder_10,reactive,1470994200,1470994200
1,4,builder_11,reactive,2828529322.1625,2836011470
1,4,builder_12,reactive,2828529322.1625,2856343930
1,4,builder_13,reactive,2828529322.1625,2938125170
1,4,builder_14,reactive,2812940570,2812940570
1,4,builder_15,reactive,2709726270,2709726270
1,4,builder_16,reactive,2757224381.4375,2943058470
1,4,builder_17,reactive,2828529322.1625,2839116840
1,4,builder_18,reactive,2706305670,2706305670
1,4,builder_19,reactive,2702972670,2702972670
1,4,builder_20,reactive,2828529322.1625,2897468470
1,4,builder_21,reactive,2828529322.1625,2896870340
1,4,builder_22,reactive,2828529322.1625,2830338730
1,4,builder_23,reactive,2679254870,2679254870
1,4,builder_24,reactive,2708695340,2708695340
1,5,builder_0,late_enter,0,3013204630
1,5,builder_1,late_enter,0,2977286770
1,5,builder_2,late_enter,0,2588365240
1,5,builder_3,late_enter,0,2863929570
1,5,builder_4,late_enter,0,3022190770
1,5,builder_10,reactive,1617494200,1617494200
1,5,builder_11,reactive,2857770396.08125,2887011470
1,5,builder_12,reactive,2883936626.08125,2939343930
1,5,builder_13,reactive,2904727246.08125,2980925170
1,5,builder_14,reactive,2889568770,2889568770
1,5,builder_15,reactive,2792726270,2792726270
1,5,builder_16,reactive,2978058470,2978058470
1,5,builder_17,reactive,2894289031.08125,2960048740
1,5,builder_18,reactive,2765305670,2765305670
1,5,builder_19,reactive,2750972670,2750972670
1,5,builder_20,reactive,2888498896.08125,2948468470
1,5,builder_21,reactive,2889599831.08125,2950670340
1,5,builder_22,reactive,2889780026.08125,2951030730
1,5,builder_23,reactive,2789186770,2789186770
1,5,builder_24,reactive,2805587340,2805587340
1,6,builder_0,late_enter,0,3016204630
1,6,builder_1,late_enter,0,2948337470
1,6,builder_2,late_enter,0,2615415940
1,6,builder_3,late_enter,0,2900572270
1,6,builder_4,late_enter,0,2993241470
1,6,builder_10,reactive,1704031000,1704031000
1,6,builder_11,reactive,2858062170,2858062170
1,6,builder_12,reactive,3036340830,3036340830
1,6,builder_13,reactive,2951975870,2951975870
1,6,builder_14,reactive,2865582670,2865582670
1,6,builder_15,reactive,2840808870,2840808870
1,6,builder_16,reactive,2975576870.0,2973095270
1,6,builder_17,reactive,3042419640,3042419640
1,6,builder_18,reactive,2820088270,2820088270
1,6,builder_19,reactive,2745286570,2745286570
1,6,builder_20,reactive,2973505270,2973505270
1,6,builder_21,reactive,2929684240,2929684240
1,6,builder_22,reactive,2946067530,2946067530
1,6,builder_23,reactive,2836757670,2836757670
1,6,builder_24,reactive,2815138040,2815138040
1,7,builder_0,late_enter,0,3024213150
1,7,builder_1,late_enter,0,2969345990
1,7,builder_2,late_enter,0,2655424460
1,7,builder_3,late_enter,0,2932572270
1,7,builder_4,late_enter,0,3044236090
1,7,builder_10,reactive,1819045720,1819045720
1,7,builder_11,reactive,2933042890,2933042890
1,7,builder_12,reactive,3083749350,3083749350
1,7,builder_13,reactive,2959984390,2959984390
1,7,builder_14,reactive,2900582670,2900582670
1,7,builder_15,reactive,2931217390,2931217390
1,7,builder_16,reactive,3078042190,3078042190
1,7,builder_17,reactive,3054423900.0,3066428160
1,7,builder_18,reactive,2887788270,2887788270
1,7,builder_19,reactive,2847226990,2847226990
1,7,builder_20,reactive,3035452190,3035452190
1,7,builder_21,reactive,2953692760,2953692760
1,7,builder_22,reactive,2954076050,2954076050
1,7,builder_23,reactive,2844766190,2844766190
1,7,builder_24,reactive,2847138040,2847138040
1,8,builder_0,late_enter,0,3036213150
1,8,builder_1,late_enter,0,3002345990
1,8,builder_2,late_enter,0,2677424460
1,8,builder_3,late_enter,0,2944572270
1,8,builder_4,late_enter,0,3110101190
1,8,builder_10,reactive,1970768420,1970768420
1,8,builder_11,reactive,2998874190,2998874190
1,8,builder_12,reactive,3088249350.0,3092749350
1,8,builder_13,reactive,3025956590,3025956590
1,8,builder_14,reactive,2912582670,2912582670
1,8,builder_15,reactive,2937217390,2937217390
1,8,builder_16,reactive,3143760190,3143760190
1,8,builder_17,reactive,3075428160,3075428160
1,8,builder_18,reactive,2890788270,2890788270
1,8,builder_19,reactive,2888118990,2888118990
1,8,builder_20,reactive,3101170190,3101170190
1,8,builder_21,reactive,2989692760,2989692760
1,8,builder_22,reactive,2966076050,2966076050
1,8,builder_23,reactive,2856766190,2856766190
1,8,builder_24,reactive,2853138040,2853138040
1,9,builder_0,late_enter,0,3069213150
1,9,builder_1,late_enter,0,3035332090
1,9,builder_2,late_enter,0,2677424460
1,9,builder_3,late_enter,0,2950572270
1,9,builder_4,late_enter,0,3140101190
1,9,builder_10,reactive,2044540820,2044540820
1,9,builder_11,reactive,3028874190,3028874190
1,9,builder_12,reactive,3098749350,3098749350
1,9,builder_13,reactive,3058908890,3058908890
1,9,builder_14,reactive,2918582670,2918582670
1,9,builder_15,reactive,2943217390,2943217390
1,9,builder_16,reactive,3160132190.0,3176504190
1,9,builder_17,reactive,3081428160,3081428160
1,9,builder_18,reactive,2896788270,2896788270
1,9,builder_19,reactive,2888118990,2888118990
1,9,builder_20,reactive,3133914190,3133914190
1,9,builder_21,reactive,3022678860,3022678860
1,9,builder_22,reactive,2999028350,2999028350
1,9,builder_23,reactive,2856766190,2856766190
1,9,builder_24,reactive,2859138040,2859138040
1,10,builder_0,late_enter,0,3118151550
1,10,builder_1,late_enter,0,3127270490
1,10,builder_2,late_enter,0,2744391060
1,10,builder_3,late_enter,0,2939606970
1,10,builder_4,late_enter,0,3231657190
1,10,builder_10,reactive,2185518360,2185518360
1,10,builder_11,reactive,3120457190,3120457190
1,10,builder_12,reactive,3093784050,3093784050
1,10,builder_13,reactive,3134747890,3134747890
1,10,builder_14,reactive,3007589570,3007589570
1,10,builder_15,reactive,2954252090,2954252090
1,10,builder_16,reactive,3214028690.0,3267925190
1,10,builder_17,reactive,3146428160,3146428160
1,10,builder_18,reactive,2888822970,2888822970
1,10,builder_19,reactive,2939653690,2939653690
1,10,builder_20,reactive,3225335190,3225335190
1,10,builder_21,reactive,3084617260,3084617260
1,10,builder_22,reactive,3074907350,3074907350
1,10,builder_23,reactive,2905786990,2905786990
1,10,builder_24,reactive,2891172740,2891172740
1,11,builder_0,late_enter,0,3121023550
1,11,builder_1,late_enter,0,3146130290
1,11,builder_2,late_enter,0,2779224860
1,11,builder_3,late_enter,0,2958700170
1,11,builder_4,late_enter,0,3219697990
1,11,builder_10,reactive,2253900160,2253900160
1,11,builder_11,reactive,3136187990,3136187990
1,11,builder_12,reactive,3085911950,3085911950
1,11,builder_13,reactive,3153350690,3153350690
1,11,builder_14,reactive,3010682870,3010682870
1,11,builder_15,reactive,2946379990,2946379990
1,11,builder_16,reactive,3223287990,3223287990
1,11,builder_17,reactive,3165542160,3165542160
1,11,builder_18,reactive,2877836770,2877836770
1,11,builder_19,reactive,2915781690,2915781690
1,11,builder_20,reactive,3203016590.0,3180697990
1,11,builder_21,reactive,3087624260,3087624260
1,11,builder_22,reactive,3090760150,3090760150
1,11,builder_23,reactive,2921786890,2921786890
1,11,builder_24,reactive,2910286740,2910286740
1,12,builder_0,late_enter,0,3123752850
1,12,builder_1,late_enter,0,3151590590
1,12,builder_2,late_enter,0,2764960660
1,12,builder_3,late_enter,0,2991664770
1,12,builder_4,late_enter,0,3189710290
1,12,builder_10,reactive,2311222960,2311222960
1,12,builder_11,reactive,3141582290,3141582290
1,12,builder_12,reactive,3118889550,3118889550
1,12,builder_13,reactive,3156054690,3156054690
1,12,builder_14,reactive,3016526470,3016526470
1,12,builder_15,reactive,2979357590,2979357590
1,12,builder_16,reactive,3208294140.0,3193300290
1,12,builder_17,reactive,3171385760,3171385760
1,12,builder_18,reactive,2829872570,2829872570
1,12,builder_19,reactive,2918781690,2918781690
1,12,builder_20,reactive,3150710290,3150710290
1,12,builder_21,reactive,3117624260,3117624260
1,12,builder_22,reactive,3090760150,3090760150
1,12,builder_23,reactive,2927643490,2927643490
1,12,builder_24,reactive,2916216640,2916216640
1,13,builder_0,late_enter,0,3170209850
1,13,builder_1,late_enter,0,3168047590
1,13,builder_2,late_enter,0,2764960660
1,13,builder_3,late_enter,0,3011161770
1,13,builder_4,late_enter,0,3173489290
1,13,builder_10,reactive,2330497190,2330497190
1,13,builder_11,reactive,3112361290,3112361290
1,13,builder_12,reactive,3134841850,3134841850
1,13,builder_13,reactive,3172054690,3172054690
1,13,builder_14,reactive,3063049470,3063049470
1,13,builder_15,reactive,2998967890,2998967890
1,13,builder_16,reactive,3192686715.0,3177079290
1,13,builder_17,reactive,3218003760,3218003760
1,13,builder_18,reactive,2872872570,2872872570
1,13,builder_19,reactive,2911560690,2911560690
1,13,builder_20,reactive,3121489290,3121489290
1,13,builder_21,reactive,3136824260,3136824260
1,13,builder_22,reactive,3110000150,3110000150
1,13,builder_23,reactive,2970643490,2970643490
1,13,builder_24,reactive,2919874640,2919874640
1,14,builder_0,late_enter,0,3172430850
1,14,builder_1,late_enter,0,3168047590
1,14,builder_2,late_enter,0,2767960660
1,14,builder_3,late_enter,0,3043905770
1,14,builder_4,late_enter,0,3173489290
1,14,builder_10,reactive,2304362190,2304362190
1,14,builder_11,reactive,3112361290,3112361290
1,14,builder_12,reactive,3164841850,3164841850
1,14,builder_13,reactive,3172054690,3172054690
1,14,builder_14,reactive,3065766470,3065766470
1,14,builder_15,reactive,3031806890,3031806890
1,14,builder_16,reactive,3177079290,3177079290
1,14,builder_17,reactive,3219375760.0,3220747760
1,14,builder_18,reactive,2905858670,2905858670
1,14,builder_19,reactive,2914560690,2914560690
1,14,builder_20,reactive,3121489290,3121489290
1,14,builder_21,reactive,3169502260,3169502260
1,14,builder_22,reactive,3142704150,3142704150
1,14,builder_23,reactive,2973482490,2973482490
1,14,builder_24,reactive,2952713640,2952713640
1,15,builder_0,late_enter,0,3185430850
1,15,builder_1,late_enter,0,3194047590
1,15,builder_2,late_enter,0,2786960660
1,15,builder_3,late_enter,0,3135300770
1,15,builder_4,late_enter,0,3199489290
1,15,builder_10,reactive,2341386890,2341386890
1,15,builder_11,reactive,3138361290,3138361290
1,15,builder_12,reactive,3210680850,3210680850
1,15,builder_13,reactive,3198054690,3198054690
1,15,builder_14,reactive,3111470470,3111470470
1,15,builder_15,reactive,3123267890,3123267890
1,15,builder_16,reactive,3190079290,3190079290
1,15,builder_17,reactive,3242913760.0,3266451760
1,15,builder_18,reactive,2997821270,2997821270
1,15,builder_19,reactive,3006546790,3006546790
1,15,builder_20,reactive,3134489290,3134489290
1,15,builder_21,reactive,3227723260,3227723260
1,15,builder_22,reactive,3201382150,3201382150
1,15,builder_23,reactive,3049226490,3049226490
1,15,builder_24,reactive,3044174640,3044174640
1,16,builder_0,late_enter,0,3224430850
1,16,builder_1,late_enter,0,3233047590
1,16,builder_2,late_enter,0,2818960660
1,16,builder_3,late_enter,0,3206521770
1,16,builder_4,late_enter,0,3225489290
1,16,builder_10,reactive,2397386890,2397386890
1,16,builder_11,reactive,3164361290,3164361290
1,16,builder_12,reactive,3285062850,3285062850
1,16,builder_13,reactive,3237054690,3237054690
1,16,builder_14,reactive,3154470470,3154470470
1,16,builder_15,reactive,3224945890,3224945890
1,16,builder_16,reactive,3229079290,3229079290
1,16,builder_17,reactive,3261182760.0,3279451760
1,16,builder_18,reactive,3072738870,3072738870
1,16,builder_19,reactive,3081391090,3081391090
1,16,builder_20,reactive,3160489290,3160489290
1,16,builder_21,reactive,3266723260,3266723260
1,16,builder_22,reactive,3227382150,3227382150
1,16,builder_23,reactive,3107943490,3107943490
1,16,builder_24,reactive,3102878640,3102878640
1,17,builder_0,late_enter,0,3194445950
1,17,builder_1,late_enter,0,3203062690
1,17,builder_2,late_enter,0,2824960660
1,17,builder_3,late_enter,0,3176536870
1,17,builder_4,late_enter,0,3195504390
1,17,builder_10,reactive,2397392520,2397392520
1,17,builder_11,reactive,3134376390,3134376390
1,17,builder_12,reactive,3286180900.0,3287298950
1,17,builder_13,reactive,3207069790,3207069790
1,17,builder_14,reactive,3187148470,3187148470
1,17,builder_15,reactive,3197181990,3197181990
1,17,builder_16,reactive,3199094390,3199094390
1,17,builder_17,reactive,3279451760,3279451760
1,17,builder_18,reactive,3108471970,3108471970
1,17,builder_19,reactive,3146867190,3146867190
1,17,builder_20,reactive,3130504390,3130504390
1,17,builder_21,reactive,3236738360,3236738360
1,17,builder_22,reactive,3197397250,3197397250
1,17,builder_23,reactive,3145561590,3145561590
1,17,builder_24,reactive,3137792740,3137792740
1,18,builder_0,late_enter,0,3194445950
1,18,builder_1,late_enter,0,3203062690
1,18,builder_2,late_enter,0,2854960660
1,18,builder_3,late_enter,3176536870,3176536870
1,18,builder_4,late_enter,0,3195504390
1,18,builder_10,reactive,2443392520,2443392520
1,18,builder_11,reactive,3134376390,3134376390
1,18,builder_12,reactive,3286739925.0,3287298950
1,18,builder_13,reactive,3207069790,3207069790
1,18,builder_14,reactive,3189369470,3189369470
1,18,builder_15,reactive,3197181990,3197181990
1,18,builder_16,reactive,3199094390,3199094390
1,18,builder_17,reactive,3279451760,3279451760
1,18,builder_18,reactive,3141188970,3141188970
1,18,builder_19,reactive,3146867190,3146867190
1,18,builder_20,reactive,3130504390,3130504390
1,18,builder_21,reactive,3236738360,3236738360
1,18,builder_22,reactive,3197397250,3197397250
1,18,builder_23,reactive,3145561590,3145561590
1,18,builder_24,reactive,3137792740,3137792740
1,19,builder_0,late_enter,0,3207445950
1,19,builder_1,late_enter,3203062690,3203062690
1,19,builder_2,late_enter,2870946760,2870946760
1,19,builder_3,late_enter,3189536870,3189536870
1,19,builder_4,late_enter,0,3208504390
1,19,builder_10,reactive,2467392520,2467392520
1,19,builder_11,reactive,3147376390,3147376390
1,19,builder_12,reactive,3293519437.5,3300298950
1,19,builder_13,reactive,3220069790,3220069790
1,19,builder_14,reactive,3202369470,3202369470
1,19,builder_15,reactive,3210181990,3210181990
1,19,builder_16,reactive,3212094390,3212094390
1,19,builder_17,reactive,3292451760,3292451760
1,19,builder_18,reactive,3184188970,3184188970
1,19,builder_19,reactive,3162571190,3162571190
1,19,builder_20,reactive,3143504390,3143504390
1,19,builder_21,reactive,3236738360,3236738360
1,19,builder_22,reactive,3197397250,3197397250
1,19,builder_23,reactive,3158561590,3158561590
1,19,builder_24,reactive,3137792740,3137792740
1,20,builder_0,late_enter,0,3220445950
1,20,builder_1,late_enter,3216062690,3216062690
1,20,builder_2,late_enter,2900946760,2900946760
1,20,builder_3,late_enter,3202536870,3202536870
1,20,builder_4,late_enter,3221504390,3221504390
1,20,builder_10,reactive,2494392520,2494392520
1,20,builder_11,reactive,3160376390,3160376390
1,20,builder_12,reactive,3303409193.75,3313298950
1,20,builder_13,reactive,3233069790,3233069790
1,20,builder_14,reactive,3202369470,3202369470
1,20,builder_15,reactive,3223181990,3223181990
1,20,builder_16,reactive,3225094390,3225094390
1,20,builder_17,reactive,3292451760,3292451760
1,20,builder_18,reactive,3229892970,3229892970
1,20,builder_19,reactive,3208249190,3208249190
1,20,builder_20,reactive,3156504390,3156504390
1,20,builder_21,reactive,3249738360,3249738360
1,20,builder_22,reactive,3210397250,3210397250
1,20,builder_23,reactive,3171561590,3171561590
1,20,builder_24,reactive,3150792740,3150792740
2,0,builder_0,late_enter,0,3233445950
2,0,builder_1,late_enter,0,3242062690
2,0,builder_2,late_enter,0,2916932860
2,0,builder_3,late_enter,0,3228536870
2,0,builder_4,late_enter,0,3247504390
2,0,builder_10,reactive,1247196260.0,2500492520
2,0,builder_11,reactive,1580188195.0,3186376390
2,0,builder_12,reactive,1651704596.875,1816629070
2,0,builder_13,reactive,1616534895.0,3246069790
2,0,builder_14,reactive,1601184735.0,3228369470
2,0,builder_15,reactive,1611590995.0,3249181990
2,0,builder_16,reactive,1612547195.0,3251094390
2,0,builder_17,reactive,1646225880.0,3318451760
2,0,builder_18,reactive,1614946485.0,3288570970
2,0,builder_19,reactive,1604124595.0,3251249190
2,0,builder_20,reactive,1578252195.0,3182504390
2,0,builder_21,reactive,1624869180.0,3275738360
2,0,builder_22,reactive,1605198625.0,3223397250
2,0,builder_23,reactive,1585780795.0,3184561590
2,0,builder_24,reactive,1575396370.0,3176792740
2,1,builder_0,late_enter,0,3186750650
2,1,builder_1,late_enter,0,3225082390
2,1,builder_2,late_enter,0,2966380360
2,1,builder_3,late_enter,0,3181841570
2,1,builder_4,late_enter,0,3200809090
2,1,builder_10,reactive,1816875056.5625,2560152850
2,1,builder_11,reactive,1816875056.5625,3169396090
2,1,builder_12,reactive,1744970333.4375,1838236070
2,1,builder_13,reactive,1816875056.5625,3186374490
2,1,builder_14,reactive,1816875056.5625,3211654470
2,1,builder_15,reactive,1816875056.5625,3232466990
2,1,builder_16,reactive,1816875056.5625,3204399090
2,1,builder_17,reactive,1816875056.5625,3301471460
2,1,builder_18,reactive,1816875056.5625,3274076970
2,1,builder_19,reactive,1816875056.5625,3193774890
2,1,builder_20,reactive,1816875056.5625,3135809090
2,1,builder_21,reactive,1816875056.5625,3216043060
2,1,builder_22,reactive,1816875056.5625,3193416950
2,1,builder_23,reactive,1816875056.5625,3137866290
2,1,builder_24,reactive,1816875056.5625,3130097440
2,2,builder_0,late_enter,0,3186750650
2,2,builder_1,late_enter,0,3225082390
2,2,builder_2,late_enter,0,2969219360
2,2,builder_3,late_enter,0,3181841570
2,2,builder_4,late_enter,0,3200809090
2,2,builder_10,reactive,2226878753.28125,2636882450
2,2,builder_11,reactive,2493135573.28125,3169396090
2,2,builder_12,reactive,1876236070,1876236070
2,2,builder_13,reactive,2501624773.28125,3186374490
2,2,builder_14,reactive,2514264763.28125,3211654470
2,2,builder_15,reactive,2524671023.28125,3232466990
2,2,builder_16,reactive,2510637073.28125,3204399090
2,2,builder_17,reactive,2559173258.28125,3301471460
2,2,builder_18,reactive,2545476013.28125,3274076970
2,2,builder_19,reactive,2505324973.28125,3193774890
2,2,builder_20,reactive,2476342073.28125,3135809090
2,2,builder_21,reactive,2516459058.28125,3216043060
2,2,builder_22,reactive,2505146003.28125,3193416950
2,2,builder_23,reactive,2477370673.28125,3137866290
2,2,builder_24,reactive,2473486248.28125,3130097440
2,3,builder_0,late_enter,0,3186750650
2,3,builder_1,late_enter,0,3225082390
2,3,builder_2,late_enter,0,2969219360
2,3,builder_3,late_enter,0,3181841570
2,3,builder_4,late_enter,0,3200809090
2,3,builder_10,reactive,2667282450,2667282450
2,3,builder_11,reactive,2815090584.109375,3169396090
2,3,builder_12,reactive,1860936070,1860936070
2,3,builder_13,reactive,2815090584.109375,3186374490
2,3,builder_14,reactive,2815090584.109375,3211654470
2,3,builder_15,reactive,2815090584.109375,3232466990
2,3,builder_16,reactive,2815090584.109375,3204399090
2,3,builder_17,reactive,2930322359.140625,3301471460
2,3,builder_18,reactive,2815090584.109375,3274076970
2,3,builder_19,reactive,2815090584.109375,3193774890
2,3,builder_20,reactive,2815090584.109375,3135809090
2,3,builder_21,reactive,2815090584.109375,3216043060
2,3,builder_22,reactive,2815090584.109375,3193416950
2,3,builder_23,reactive,2815090584.109375,3137866290
2,3,builder_24,reactive,2815090584.109375,3130097440
2,4,builder_0,late_enter,0,3186750650
2,4,builder_1,late_enter,0,3225082390
2,4,builder_2,late_enter,0,2969219360
2,4,builder_3,late_enter,0,3181841570
2,4,builder_4,late_enter,0,3200809090
2,4,builder_10,reactive,2670572450,2670572450
2,4,builder_11,reactive,3169396090,3169396090
2,4,builder_12,reactive,1826986070,1826986070
2,4,builder_13,reactive,3186374490,3186374490
2,4,builder_14,reactive,3211654470,3211654470
2,4,builder_15,reactive,3223354595.0546875,3232466990
2,4,builder_16,reactive,3204399090,3204399090
2,4,builder_17,reactive,3115896909.5703125,3301471460
2,4,builder_18,reactive,3223354595.0546875,3274076970
2,4,builder_19,reactive,3193774890,3193774890
2,4,builder_20,reactive,3135809090,3135809090
2,4,builder_21,reactive,3216043060,3216043060
2,4,builder_22,reactive,3193416950,3193416950
2,4,builder_23,reactive,3137866290,3137866290
2,4,builder_24,reactive,3130097440,3130097440
2,5,builder_0,late_enter,0,3186750650
2,5,builder_1,late_enter,0,3225082390
2,5,builder_2,late_enter,0,2999219360
2,5,builder_3,late_enter,0,3181841570
2,5,builder_4,late_enter,0,3200809090
2,5,builder_10,reactive,2714472450,2714472450
2,5,builder_11,reactive,3169396090,3169396090
2,5,builder_12,reactive,1805257370,1805257370
2,5,builder_13,reactive,3186374490,3186374490
2,5,builder_14,reactive,3211654470,3211654470
2,5,builder_15,reactive,3227910792.5273438,3232466990
2,5,builder_16,reactive,3204399090,3204399090
2,5,builder_17,reactive,3301471460,3301471460
2,5,builder_18,reactive,3248715782.5273438,3274076970
2,5,builder_19,reactive,3193774890,3193774890
2,5,builder_20,reactive,3135809090,3135809090
2,5,builder_21,reactive,3216043060,3216043060
2,5,builder_22,reactive,3193416950,3193416950
2,5,builder_23,reactive,3137866290,3137866290
2,5,builder_24,reactive,3130097440,3130097440
2,6,builder_0,late_enter,0,3199750650
2,6,builder_1,late_enter,0,3225082390
2,6,builder_2,late_enter,0,3044963360
2,6,builder_3,late_enter,0,3194841570
2,6,builder_4,late_enter,0,3213809090
2,6,builder_10,reactive,2827472450,2827472450
2,6,builder_11,reactive,3182396090,3182396090
2,6,builder_12,reactive,1867257370,1867257370
2,6,builder_13,reactive,3186374490,3186374490
2,6,builder_14,reactive,3224654470,3224654470
2,6,builder_15,reactive,3245466990,3245466990
2,6,builder_16,reactive,3204399090,3204399090
2,6,builder_17,reactive,3307971460.0,3314471460
2,6,builder_18,reactive,3274076970,3274076970
2,6,builder_19,reactive,3206774890,3206774890
2,6,builder_20,reactive,3148809090,3148809090
2,6,builder_21,reactive,3229043060,3229043060
2,6,builder_22,reactive,3206416950,3206416950
2,6,builder_23,reactive,3150866290,3150866290
2,6,builder_24,reactive,3143097440,3143097440
2,7,builder_0,late_enter,0,3199750650
2,7,builder_1,late_enter,0,3208093590
2,7,builder_2,late_enter,0,3063356560
2,7,builder_3,late_enter,0,3194841570
2,7,builder_4,late_enter,0,3213809090
2,7,builder_10,reactive,2823783650,2823783650
2,7,builder_11,reactive,3165407290,3165407290
2,7,builder_12,reactive,1891268570,1891268570
2,7,builder_13,reactive,3169385690,3169385690
2,7,builder_14,reactive,3207665670,3207665670
2,7,builder_15,reactive,3245466990,3245466990
2,7,builder_16,reactive,3187410290,3187410290
2,7,builder_17,reactive,3302727060.0,3297482660
2,7,builder_18,reactive,3257088170,3257088170
2,7,builder_19,reactive,3189786090,3189786090
2,7,builder_20,reactive,3131820290,3131820290
2,7,builder_21,reactive,3212054260,3212054260
2,7,builder_22,reactive,3189428150,3189428150
2,7,builder_23,reactive,3133877490,3133877490
2,7,builder_24,reactive,3126108640,3126108640
2,8,builder_0,late_enter,0,3204767980
2,8,builder_1,late_enter,0,3226110920
2,8,builder_2,late_enter,0,3137258690
2,8,builder_3,late_enter,0,3199858900
2,8,builder_4,late_enter,0,3231826420
2,8,builder_10,reactive,2852800980,2852800980
2,8,builder_11,reactive,3183424620,3183424620
2,8,builder_12,reactive,2087232430,2087232430
2,8,builder_13,reactive,3191399890,3191399890
2,8,builder_14,reactive,3225683000,3225683000
2,8,builder_15,reactive,3263484320,3263484320
2,8,builder_16,reactive,3192427620,3192427620
2,8,builder_17,reactive,3309113525.0,3315499990
2,8,builder_18,reactive,3275105500,3275105500
2,8,builder_19,reactive,3224800290,3224800290
2,8,builder_20,reactive,3153823420,3153823420
2,8,builder_21,reactive,3221068460,3221068460
2,8,builder_22,reactive,3215428150,3215428150
2,8,builder_23,reactive,3142880620,3142880620
2,8,builder_24,reactive,3131125970,3131125970
2,9,builder_0,late_enter,0,3230767980
2,9,builder_1,late_enter,0,3239110920
2,9,builder_2,late_enter,0,3150258690
2,9,builder_3,late_enter,0,3225858900
2,9,builder_4,late_enter,0,3287814120
2,9,builder_10,reactive,2858759980,2858759980
2,9,builder_11,reactive,3209424620,3209424620
2,9,builder_12,reactive,2198015130,2198015130
2,9,builder_13,reactive,3204399890,3204399890
2,9,builder_14,reactive,3238683000,3238683000
2,9,builder_15,reactive,3276484320,3276484320
2,9,builder_16,reactive,3205427620,3205427620
2,9,builder_17,reactive,3325306757.5,3341499990
2,9,builder_18,reactive,3288105500,3288105500
2,9,builder_19,reactive,3250800290,3250800290
2,9,builder_20,reactive,3179823420,3179823420
2,9,builder_21,reactive,3247068460,3247068460
2,9,builder_22,reactive,3241428150,3241428150
2,9,builder_23,reactive,3168880620,3168880620
2,9,builder_24,reactive,3144125970,3144125970
2,10,builder_0,late_enter,0,3243767980
2,10,builder_1,late_enter,0,3252110920
2,10,builder_2,late_enter,0,3163258690
2,10,builder_3,late_enter,0,3238858900
2,10,builder_4,late_enter,0,3330814120
2,10,builder_10,reactive,2874759980,2874759980
2,10,builder_11,reactive,3222424620,3222424620
2,10,builder_12,reactive,2221943330,2221943330
2,10,builder_13,reactive,3204399890,3204399890
2,10,builder_14,reactive,3251683000,3251683000
2,10,builder_15,reactive,3289484320,3289484320
2,10,builder_16,reactive,3218427620,3218427620
2,10,builder_17,reactive,3339903373.75,3354499990
2,10,builder_18,reactive,3301105500,3301105500
2,10,builder_19,reactive,3250800290,3250800290
2,10,builder_20,reactive,3192823420,3192823420
2,10,builder_21,reactive,3247068460,3247068460
2,10,builder_22,reactive,3241428150,3241428150
2,10,builder_23,reactive,3181880620,3181880620
2,10,builder_24,reactive,3157125970,3157125970
2,11,builder_0,late_enter,0,3184592980
2,11,builder_1,late_enter,0,3235704920
2,11,builder_2,late_enter,0,3146489690
2,11,builder_3,late_enter,0,3192683900
2,11,builder_4,late_enter,0,3344592020
2,11,builder_10,reactive,2827584980,2827584980
2,11,builder_11,reactive,3205655620,3205655620
2,11,builder_12,reactive,2311182330,2311182330
2,11,builder_13,reactive,3158224890,3158224890
2,11,builder_14,reactive,3205508000,3205508000
2,11,builder_15,reactive,3243309320,3243309320
2,11,builder_16,reactive,3219229120,3219229120
2,11,builder_17,reactive,3324114181.875,3308324990
2,11,builder_18,reactive,3284699500,3284699500
2,11,builder_19,reactive,3263800290,3263800290
2,11,builder_20,reactive,3206637220,3206637220
2,11,builder_21,reactive,3200893460,3200893460
2,11,builder_22,reactive,3182253150,3182253150
2,11,builder_23,reactive,3165111620,3165111620
2,11,builder_24,reactive,3110950970,3110950970
2,12,builder_0,late_enter,0,3180642080
2,12,builder_1,late_enter,0,3231754020
2,12,builder_2,late_enter,0,3172489690
2,12,builder_3,late_enter,0,3218733000
2,12,builder_4,late_enter,0,3400621420
2,12,builder_10,reactive,2932604950,2932604950
2,12,builder_11,reactive,3244693520,3244693520
2,12,builder_12,reactive,2446930730,2446930730
2,12,builder_13,reactive,3167273990,3167273990
2,12,builder_14,reactive,3214557100,3214557100
2,12,builder_15,reactive,3239358420,3239358420
2,12,builder_16,reactive,3288250820,3288250820
2,12,builder_17,reactive,3320744135.9375,3317374090
2,12,builder_18,reactive,3293748600,3293748600
2,12,builder_19,reactive,3272849390,3272849390
2,12,builder_20,reactive,3262624920,3262624920
2,12,builder_21,reactive,3196942560,3196942560
2,12,builder_22,reactive,3195253150,3195253150
2,12,builder_23,reactive,3191111620,3191111620
2,12,builder_24,reactive,3107000070,3107000070
2,13,builder_0,late_enter,0,3180642080
2,13,builder_1,late_enter,0,3274754020
2,13,builder_2,late_enter,0,3185489690
2,13,builder_3,late_enter,0,3231720700
2,13,builder_4,late_enter,0,3413589720
2,13,builder_10,reactive,2932604950,2932604950
2,13,builder_11,reactive,3287693520,3287693520
2,13,builder_12,reactive,2453630730,2453630730
2,13,builder_13,reactive,3180273990,3180273990
2,13,builder_14,reactive,3227557100,3227557100
2,13,builder_15,reactive,3252358420,3252358420
2,13,builder_16,reactive,3331250820,3331250820
2,13,builder_17,reactive,3325559112.96875,3330374090
2,13,builder_18,reactive,3306748600,3306748600
2,13,builder_19,reactive,3285849390,3285849390
2,13,builder_20,reactive,3275612620,3275612620
2,13,builder_21,reactive,3209942560,3209942560
2,13,builder_22,reactive,3195253150,3195253150
2,13,builder_23,reactive,3204111620,3204111620
2,13,builder_24,reactive,3120000070,3120000070
2,14,builder_0,late_enter,0,3193642080
2,14,builder_1,late_enter,0,3274754020
2,14,builder_2,late_enter,0,3198489690
2,14,builder_3,late_enter,0,3231720700
2,14,builder_4,late_enter,0,3456589720
2,14,builder_10,reactive,2948570250,2948570250
2,14,builder_11,reactive,3300681220,3300681220
2,14,builder_12,reactive,2502330730,2502330730
2,14,builder_13,reactive,3180273990,3180273990
2,14,builder_14,reactive,3240557100,3240557100
2,14,builder_15,reactive,3265358420,3265358420
2,14,builder_16,reactive,3337740970.0,3344231120
2,14,builder_17,reactive,3343374090,3343374090
2,14,builder_18,reactive,3319748600,3319748600
2,14,builder_19,reactive,3298849390,3298849390
2,14,builder_20,reactive,3275612620,3275612620
2,14,builder_21,reactive,3222942560,3222942560
2,14,builder_22,reactive,3208253150,3208253150
2,14,builder_23,reactive,3217111620,3217111620
2,14,builder_24,reactive,3133000070,3133000070
2,15,builder_0,late_enter,0,3193642080
2,15,builder_1,late_enter,0,3274754020
2,15,builder_2,late_enter,0,3198489690
2,15,builder_3,late_enter,0,3231720700
2,15,builder_4,late_enter,0,3456589720
2,15,builder_10,reactive,2981498450,2981498450
2,15,builder_11,reactive,3300681220,3300681220
2,15,builder_12,reactive,2536630730,2536630730
2,15,builder_13,reactive,3180273990,3180273990
2,15,builder_14,reactive,3240557100,3240557100
2,15,builder_15,reactive,3265358420,3265358420
2,15,builder_16,reactive,3344231120,3344231120
2,15,builder_17,reactive,3343374090.0,3343374090
2,15,builder_18,reactive,3319748600,3319748600
2,15,builder_19,reactive,3298849390,3298849390
2,15,builder_20,reactive,3275612620,3275612620
2,15,builder_21,reactive,3222942560,3222942560
2,15,builder_22,reactive,3208253150,3208253150
2,15,builder_23,reactive,3217111620,3217111620
2,15,builder_24,reactive,3133000070,3133000070
2,16,builder_0,late_enter,0,3219642080
2,16,builder_1,late_enter,0,3330742820
2,16,builder_2,late_enter,0,3211489690
2,16,builder_3,late_enter,0,3231720700
2,16,builder_4,late_enter,0,3469552920
2,16,builder_10,reactive,3072217450,3072217450
2,16,builder_11,reactive,3356668920,3356668920
2,16,builder_12,reactive,2605930730,2605930730
2,16,builder_13,reactive,3180273990,3180273990
2,16,builder_14,reactive,3266557100,3266557100
2,16,builder_15,reactive,3291358420,3291358420
2,16,builder_16,reactive,3372221270.0,3400211420
2,16,builder_17,reactive,3399374090,3399374090
2,16,builder_18,reactive,3345748600,3345748600
2,16,builder_19,reactive,3324849390,3324849390
2,16,builder_20,reactive,3318612620,3318612620
2,16,builder_21,reactive,3248942560,3248942560
2,16,builder_22,reactive,3234253150,3234253150
2,16,builder_23,reactive,3230111620,3230111620
2,16,builder_24,reactive,3188988870,3188988870
2,17,builder_0,late_enter,0,3275629780
2,17,builder_1,late_enter,0,3399718220
2,17,builder_2,late_enter,0,3224489690
2,17,builder_3,late_enter,0,3287708400
2,17,builder_4,late_enter,0,3525424920
2,17,builder_10,reactive,3098217450,3098217450
2,17,builder_11,reactive,3455653820,3455653820
2,17,builder_12,reactive,2659930730,2659930730
2,17,builder_13,reactive,3206273990,3206273990
2,17,builder_14,reactive,3292557100,3292557100
2,17,builder_15,reactive,3317358420,3317358420
2,17,builder_16,reactive,3456179720,3456179720
2,17,builder_17,reactive,3433862340.0,3468350590
2,17,builder_18,reactive,3384748600,3384748600
2,17,builder_19,reactive,3363849390,3363849390
2,17,builder_20,reactive,3387577820,3387577820
2,17,builder_21,reactive,3287942560,3287942560
2,17,builder_22,reactive,3260253150,3260253150
2,17,builder_23,reactive,3269111620,3269111620
2,17,builder_24,reactive,3244976570,3244976570
2,18,builder_0,late_enter,0,3288685380
2,18,builder_1,late_enter,0,3455771020
2,18,builder_2,late_enter,0,3220557590
2,18,builder_3,late_enter,3343761200,3343761200
2,18,builder_4,late_enter,0,3581261820
2,18,builder_10,reactive,3081285350,3081285350
2,18,builder_11,reactive,3481682320,3481682320
2,18,builder_12,reactive,2625031730,2625031730
2,18,builder_13,reactive,3219273990,3219273990
2,18,builder_14,reactive,3318625000,3318625000
2,18,builder_15,reactive,3343414020,3343414020
2,18,builder_16,reactive,3477679720.0,3499179720
2,18,builder_17,reactive,3524406190,3524406190
2,18,builder_18,reactive,3380816500,3380816500
2,18,builder_19,reactive,3359917290,3359917290
2,18,builder_20,reactive,3443626020,3443626020
2,18,builder_21,reactive,3330942560,3330942560
2,18,builder_22,reactive,3243321050,3243321050
2,18,builder_23,reactive,3282111620,3282111620
2,18,builder_24,reactive,3301032170,3301032170
2,19,builder_0,late_enter,3357758580,3357758580
2,19,builder_1,late_enter,3524839620,3524839620
2,19,builder_2,late_enter,0,3216665590
2,19,builder_3,late_enter,0,3356741500
2,19,builder_4,late_enter,0,3649490820
2,19,builder_10,reactive,3090393350,3090393350
2,19,builder_11,reactive,3537758620,3537758620
2,19,builder_12,reactive,2646139730,2646139730
2,19,builder_13,reactive,3288355690,3288355690
2,19,builder_14,reactive,3387709500,3387709500
2,19,builder_15,reactive,3399401720,3399401720
2,19,builder_16,reactive,3568122920,3568122920
2,19,builder_17,reactive,3558931940.0,3593457690
2,19,builder_18,reactive,3376924500,3376924500
2,19,builder_19,reactive,3372917290,3372917290
2,19,builder_20,reactive,3512665520,3512665520
2,19,builder_21,reactive,3400027060,3400027060
2,19,builder_22,reactive,3256321050,3256321050
2,19,builder_23,reactive,3265219620,3265219620
2,19,builder_24,reactive,3370105370,3370105370
2,20,builder_0,late_enter,0,3413738880
2,20,builder_1,late_enter,3580802820,3580802820
2,20,builder_2,late_enter,3242665590,3242665590
2,20,builder_3,late_enter,3399741500,3399741500
2,20,builder_4,late_enter,3704711820,3704711820
2,20,builder_10,reactive,3116393350,3116393350
2,20,builder_11,reactive,3550721820,3550721820
2,20,builder_12,reactive,2681139730,2681139730
2,20,builder_13,reactive,3344335990,3344335990
2,20,builder_14,reactive,3443697200,3443697200
2,20,builder_15,reactive,3399401720,3399401720
2,20,builder_16,reactive,3596007420.0,3623891920
2,20,builder_17,reactive,3649329690,3649329690
2,20,builder_18,reactive,3402924500,3402924500
2,20,builder_19,reactive,3372917290,3372917290
2,20,builder_20,reactive,3525537520,3525537520
2,20,builder_21,reactive,3413011960,3413011960
2,20,builder_22,reactive,3282321050,3282321050
2,20,builder_23,reactive,3291219620,3291219620
2,20,builder_24,reactive,3426085670,3426085670
