block_num,builder_id,proposer_id,winning_bid,total_gas_fee,total_mev
0,builder_15,proposer_10,15324155.489590907,31032000,17865780
1,builder_19,proposer_6,17030039.484137043,124760000,18359320
2,builder_19,proposer_9,18751174.23099985,272660000,89866940
3,builder_19,proposer_4,20701600.70770316,348780000,20536700
4,builder_19,proposer_18,23064763.388101596,442340000,19779080
5,builder_19,proposer_10,25645317.516367506,596600000,25677000
6,builder_19,proposer_10,28443144.952232454,781700000,76876400
7,builder_19,proposer_2,31411506.634728953,902800000,23558900
8,builder_19,proposer_10,34288982.644424364,809700000,24038200
9,builder_19,proposer_14,38080409.386517435,870500000,27893100
10,builder_19,proposer_16,42341173.48302262,1027000000,20278100
11,builder_19,proposer_19,46439091.16924141,1057100000,5328600
12,builder_19,proposer_5,51153198.068684675,1124600000,6654600
13,builder_15,proposer_2,55838997.08808563,1496900000,1801700
14,builder_19,proposer_15,60954376.92465714,1438900000,5617900
15,builder_15,proposer_0,66384797.95577847,1625200000,2081800
16,builder_19,proposer_2,74138282.77019809,1603500000,1283300
17,builder_19,proposer_7,83181884.95605218,1388200000,7215400
18,builder_19,proposer_13,92766719.67644802,2321500000,1489200
19,builder_19,proposer_8,101949264.57063119,1905700000,2347000
20,builder_19,proposer_16,110728981.64875014,1679700000,2235500
21,builder_19,proposer_2,121258348.35809967,1728900000,2346500
22,builder_19,proposer_11,131074405.38733016,2253100000,2768400
23,builder_19,proposer_15,144337431.26133692,2177400000,1732000
24,builder_19,proposer_11,157458520.80175608,2243800000,1322600
25,builder_19,proposer_19,175354375.46064276,2315500000,1431000
26,builder_19,proposer_7,192617361.10315993,2303100000,1479000
27,builder_19,proposer_15,208256839.45778337,2302000000,1175400
28,builder_19,proposer_0,228445042.06765968,2799000000,2452100
29,builder_19,proposer_5,248669416.49129608,2465800000,2086000
30,builder_19,proposer_8,268335924.7377669,2873000000,1490800
31,builder_19,proposer_5,291068805.8307148,2673800000,2107100
32,builder_19,proposer_16,321845386.0516661,2921100000,2066900
33,builder_19,proposer_14,356300486.1975129,3125000000,1250300
34,builder_19,proposer_4,389560805.2883404,2843800000,1422600
35,builder_19,proposer_13,423150138.0433147,2839900000,2920800
36,builder_15,proposer_10,15324155.489590907,31032000,17865780
37,builder_19,proposer_6,17030039.484137043,124760000,18359320
38,builder_19,proposer_9,18751174.23099985,272660000,89866940
39,builder_19,proposer_4,20701600.70770316,348780000,20536700
40,builder_19,proposer_18,23064763.388101596,442340000,19779080
41,builder_19,proposer_10,25645317.516367506,596600000,25677000
42,builder_19,proposer_10,28443144.952232454,781700000,76876400
43,builder_19,proposer_2,31411506.634728953,902800000,23558900
44,builder_19,proposer_10,34288982.644424364,809700000,24038200
45,builder_19,proposer_14,38080409.386517435,870500000,27893100
46,builder_19,proposer_16,42341173.48302262,1027000000,20278100
47,builder_19,proposer_19,46439091.16924141,1057100000,5328600
48,builder_19,proposer_5,51153198.068684675,1124600000,6654600
49,builder_15,proposer_2,55838997.08808563,1496900000,1801700
50,builder_19,proposer_15,60954376.92465714,1438900000,5617900
51,builder_15,proposer_0,66384797.95577847,1625200000,2081800
52,builder_19,proposer_2,74138282.77019809,1603500000,1283300
53,builder_19,proposer_7,83181884.95605218,1388200000,7215400
54,builder_19,proposer_13,92766719.67644802,2321500000,1489200
55,builder_19,proposer_8,101949264.57063119,1905700000,2347000
56,builder_19,proposer_16,110728981.64875014,1679700000,2235500
57,builder_19,proposer_2,121258348.35809967,1728900000,2346500
58,builder_19,proposer_11,131074405.38733016,2253100000,2768400
59,builder_19,proposer_15,144337431.26133692,2177400000,1732000
60,builder_19,proposer_11,157458520.80175608,2243800000,1322600
61,builder_19,proposer_19,175354375.46064276,2315500000,1431000
62,builder_19,proposer_7,192617361.10315993,2303100000,1479000
63,builder_19,proposer_15,208256839.45778337,2302000000,1175400
64,builder_19,proposer_0,228445042.06765968,2799000000,2452100
65,builder_19,proposer_5,248669416.49129608,2465800000,2086000
66,builder_19,proposer_8,268335924.7377669,2873000000,1490800
67,builder_19,proposer_5,291068805.8307148,2673800000,2107100
68,builder_19,proposer_16,321845386.0516661,2921100000,2066900
69,builder_19,proposer_14,356300486.1975129,3125000000,1250300
70,builder_19,proposer_4,389560805.2883404,2843800000,1422600
71,builder_19,proposer_13,423150138.0433147,2839900000,2920800
72,builder_15,proposer_10,15324155.489590907,31032000,17865780
73,builder_19,proposer_6,17030039.484137043,124760000,18359320
74,builder_19,proposer_9,18751174.23099985,272660000,89866940
75,builder_19,proposer_4,20701600.70770316,348780000,20536700
76,builder_19,proposer_18,23064763.388101596,442340000,19779080
77,builder_19,proposer_10,25645317.516367506,596600000,25677000
78,builder_19,proposer_10,28443144.952232454,781700000,76876400
79,builder_19,proposer_2,31411506.634728953,902800000,23558900
80,builder_19,proposer_10,34288982.644424364,809700000,24038200
81,builder_19,proposer_14,38080409.386517435,870500000,27893100
82,builder_19,proposer_16,42341173.48302262,1027000000,20278100
83,builder_19,proposer_19,46439091.16924141,1057100000,5328600
84,builder_19,proposer_5,51153198.068684675,1124600000,6654600
85,builder_15,proposer_2,55838997.08808563,1496900000,1801700
86,builder_19,proposer_15,60954376.92465714,1438900000,5617900
87,builder_15,proposer_0,66384797.95577847,1625200000,2081800
88,builder_19,proposer_2,74138282.77019809,1603500000,1283300
89,builder_19,proposer_7,83181884.95605218,1388200000,7215400
90,builder_19,proposer_13,92766719.67644802,2321500000,1489200
91,builder_19,proposer_8,101949264.57063119,1905700000,2347000
92,builder_19,proposer_16,110728981.64875014,1679700000,2235500
93,builder_19,proposer_2,121258348.35809967,1728900000,2346500
94,builder_19,proposer_11,131074405.38733016,2253100000,2768400
95,builder_19,proposer_15,144337431.26133692,2177400000,1732000
96,builder_19,proposer_11,157458520.80175608,2243800000,1322600
97,builder_19,proposer_19,175354375.46064276,2315500000,1431000
98,builder_19,proposer_7,192617361.10315993,2303100000,1479000
99,builder_19,proposer_15,208256839.45778337,2302000000,1175400
100,builder_19,proposer_0,228445042.06765968,2799000000,2452100
101,builder_19,proposer_5,248669416.49129608,2465800000,2086000
102,builder_19,proposer_8,268335924.7377669,2873000000,1490800
103,builder_19,proposer_5,291068805.8307148,2673800000,2107100
104,builder_19,proposer_16,321845386.0516661,2921100000,2066900
105,builder_19,proposer_14,356300486.1975129,3125000000,1250300
106,builder_19,proposer_4,389560805.2883404,2843800000,1422600
107,builder_19,proposer_13,423150138.0433147,2839900000,2920800
108,builder_15,proposer_10,15324155.489590907,31032000,17865780
109,builder_19,proposer_6,17030039.484137043,124760000,18359320
110,builder_19,proposer_9,18751174.23099985,272660000,89866940
111,builder_19,proposer_4,20701600.70770316,348780000,20536700
112,builder_19,proposer_18,23064763.388101596,442340000,19779080
113,builder_19,proposer_10,25645317.516367506,596600000,25677000
114,builder_19,proposer_10,28443144.952232454,781700000,76876400
115,builder_19,proposer_2,31411506.634728953,902800000,23558900
116,builder_19,proposer_10,34288982.644424364,809700000,24038200
117,builder_19,proposer_14,38080409.386517435,870500000,27893100
118,builder_19,proposer_16,42341173.48302262,1027000000,20278100
119,builder_19,proposer_19,46439091.16924141,1057100000,5328600
120,builder_19,proposer_5,51153198.068684675,1124600000,6654600
121,builder_15,proposer_2,55838997.08808563,1496900000,1801700
122,builder_19,proposer_15,60954376.92465714,1438900000,5617900
123,builder_15,proposer_0,66384797.95577847,1625200000,2081800
124,builder_19,proposer_2,74138282.77019809,1603500000,1283300
125,builder_19,proposer_7,83181884.95605218,1388200000,7215400
126,builder_19,proposer_13,92766719.67644802,2321500000,1489200
127,builder_19,proposer_8,101949264.57063119,1905700000,2347000
128,builder_19,proposer_16,110728981.64875014,1679700000,2235500
129,builder_19,proposer_2,121258348.35809967,1728900000,2346500
130,builder_19,proposer_11,131074405.38733016,2253100000,2768400
131,builder_19,proposer_15,144337431.26133692,2177400000,1732000
132,builder_19,proposer_11,157458520.80175608,2243800000,1322600
133,builder_19,proposer_19,175354375.46064276,2315500000,1431000
134,builder_19,proposer_7,192617361.10315993,2303100000,1479000
135,builder_19,proposer_15,208256839.45778337,2302000000,1175400
136,builder_19,proposer_0,228445042.06765968,2799000000,2452100
137,builder_19,proposer_5,248669416.49129608,2465800000,2086000
138,builder_19,proposer_8,268335924.7377669,2873000000,1490800
139,builder_19,proposer_5,291068805.8307148,2673800000,2107100
140,builder_19,proposer_16,321845386.0516661,2921100000,2066900
141,builder_19,proposer_14,356300486.1975129,3125000000,1250300
142,builder_19,proposer_4,389560805.2883404,2843800000,1422600
143,builder_19,proposer_13,423150138.0433147,2839900000,2920800
144,builder_15,proposer_10,15324155.489590907,31032000,17865780
145,builder_19,proposer_6,17030039.484137043,124760000,18359320
146,builder_19,proposer_9,18751174.23099985,272660000,89866940
147,builder_19,proposer_4,20701600.70770316,348780000,20536700
148,builder_19,proposer_18,23064763.388101596,442340000,19779080
149,builder_19,proposer_10,25645317.516367506,596600000,25677000
150,builder_19,proposer_10,28443144.952232454,781700000,76876400
151,builder_19,proposer_2,31411506.634728953,902800000,23558900
152,builder_19,proposer_10,34288982.644424364,809700000,24038200
153,builder_19,proposer_14,38080409.386517435,870500000,27893100
154,builder_19,proposer_16,42341173.48302262,1027000000,20278100
155,builder_19,proposer_19,46439091.16924141,1057100000,5328600
156,builder_19,proposer_5,51153198.068684675,1124600000,6654600
157,builder_15,proposer_2,55838997.08808563,1496900000,1801700
158,builder_19,proposer_15,60954376.92465714,1438900000,5617900
159,builder_15,proposer_0,66384797.95577847,1625200000,2081800
160,builder_19,proposer_2,74138282.77019809,1603500000,1283300
161,builder_19,proposer_7,83181884.95605218,1388200000,7215400
162,builder_19,proposer_13,92766719.67644802,2321500000,1489200
163,builder_19,proposer_8,101949264.57063119,1905700000,2347000
164,builder_19,proposer_16,110728981.64875014,1679700000,2235500
165,builder_19,proposer_2,121258348.35809967,1728900000,2346500
166,builder_19,proposer_11,131074405.38733016,2253100000,2768400
167,builder_19,proposer_15,144337431.26133692,2177400000,1732000
168,builder_19,proposer_11,157458520.80175608,2243800000,1322600
169,builder_19,proposer_19,175354375.46064276,2315500000,1431000
170,builder_19,proposer_7,192617361.10315993,2303100000,1479000
171,builder_19,proposer_15,208256839.45778337,2302000000,1175400
172,builder_19,proposer_0,228445042.06765968,2799000000,2452100
173,builder_19,proposer_5,248669416.49129608,2465800000,2086000
174,builder_19,proposer_8,268335924.7377669,2873000000,1490800
175,builder_19,proposer_5,291068805.8307148,2673800000,2107100
176,builder_19,proposer_16,321845386.0516661,2921100000,2066900
177,builder_19,proposer_14,356300486.1975129,3125000000,1250300
178,builder_19,proposer_4,389560805.2883404,2843800000,1422600
179,builder_19,proposer_13,423150138.0433147,2839900000,2920800
180,builder_15,proposer_10,15324155.489590907,31032000,17865780
181,builder_19,proposer_6,17030039.484137043,124760000,18359320
182,builder_19,proposer_9,18751174.23099985,272660000,89866940
183,builder_19,proposer_4,20701600.70770316,348780000,20536700
184,builder_19,proposer_18,23064763.388101596,442340000,19779080
185,builder_19,proposer_10,25645317.516367506,596600000,25677000
186,builder_19,proposer_10,28443144.952232454,781700000,76876400
187,builder_19,proposer_2,31411506.634728953,902800000,23558900
188,builder_19,proposer_10,34288982.644424364,809700000,24038200
189,builder_19,proposer_14,38080409.386517435,870500000,27893100
190,builder_19,proposer_16,42341173.48302262,1027000000,20278100
191,builder_19,proposer_19,46439091.16924141,1057100000,5328600
192,builder_19,proposer_5,51153198.068684675,1124600000,6654600
193,builder_15,proposer_2,55838997.08808563,1496900000,1801700
194,builder_19,proposer_15,60954376.92465714,1438900000,5617900
195,builder_15,proposer_0,66384797.95577847,1625200000,2081800
196,builder_19,proposer_2,74138282.77019809,1603500000,1283300
197,builder_19,proposer_7,83181884.95605218,1388200000,7215400
198,builder_19,proposer_13,92766719.67644802,2321500000,1489200
199,builder_19,proposer_8,101949264.57063119,1905700000,2347000
200,builder_19,proposer_16,110728981.64875014,1679700000,2235500
201,builder_19,proposer_2,121258348.35809967,1728900000,2346500
202,builder_19,proposer_11,131074405.38733016,2253100000,2768400
203,builder_19,proposer_15,144337431.26133692,2177400000,1732000
204,builder_19,proposer_11,157458520.80175608,2243800000,1322600
205,builder_19,proposer_19,175354375.46064276,2315500000,1431000
206,builder_19,proposer_7,192617361.10315993,2303100000,1479000
207,builder_19,proposer_15,208256839.45778337,2302000000,1175400
208,builder_19,proposer_0,228445042.06765968,2799000000,2452100
209,builder_19,proposer_5,248669416.49129608,2465800000,2086000
210,builder_19,proposer_8,268335924.7377669,2873000000,1490800
211,builder_19,proposer_5,291068805.8307148,2673800000,2107100
212,builder_19,proposer_16,321845386.0516661,2921100000,2066900
213,builder_19,proposer_14,356300486.1975129,3125000000,1250300
214,builder_19,proposer_4,389560805.2883404,2843800000,1422600
215,builder_19,proposer_13,423150138.0433147,2839900000,2920800
216,builder_15,proposer_10,15324155.489590907,31032000,17865780
217,builder_19,proposer_6,17030039.484137043,124760000,18359320
218,builder_19,proposer_9,18751174.23099985,272660000,89866940
219,builder_19,proposer_4,20701600.70770316,348780000,20536700
220,builder_19,proposer_18,23064763.388101596,442340000,19779080
221,builder_19,proposer_10,25645317.516367506,596600000,25677000
222,builder_19,proposer_10,28443144.952232454,781700000,76876400
223,builder_19,proposer_2,31411506.634728953,902800000,23558900
224,builder_19,proposer_10,34288982.644424364,809700000,24038200
225,builder_19,proposer_14,38080409.386517435,870500000,27893100
226,builder_19,proposer_16,42341173.48302262,1027000000,20278100
227,builder_19,proposer_19,46439091.16924141,1057100000,5328600
228,builder_19,proposer_5,51153198.068684675,1124600000,6654600
229,builder_15,proposer_2,55838997.08808563,1496900000,1801700
230,builder_19,proposer_15,60954376.92465714,1438900000,5617900
231,builder_15,proposer_0,66384797.95577847,1625200000,2081800
232,builder_19,proposer_2,74138282.77019809,1603500000,1283300
233,builder_19,proposer_7,83181884.95605218,1388200000,7215400
234,builder_19,proposer_13,92766719.67644802,2321500000,1489200
235,builder_19,proposer_8,101949264.57063119,1905700000,2347000
236,builder_19,proposer_16,110728981.64875014,1679700000,2235500
237,builder_19,proposer_2,121258348.35809967,1728900000,2346500
238,builder_19,proposer_11,131074405.38733016,2253100000,2768400
239,builder_19,proposer_15,144337431.26133692,2177400000,1732000
240,builder_19,proposer_11,157458520.80175608,2243800000,1322600
241,builder_19,proposer_19,175354375.46064276,2315500000,1431000
242,builder_19,proposer_7,192617361.10315993,2303100000,1479000
243,builder_19,proposer_15,208256839.45778337,2302000000,1175400
244,builder_19,proposer_0,228445042.06765968,2799000000,2452100
245,builder_19,proposer_5,248669416.49129608,2465800000,2086000
246,builder_19,proposer_8,268335924.7377669,2873000000,1490800
247,builder_19,proposer_5,291068805.8307148,2673800000,2107100
248,builder_19,proposer_16,321845386.0516661,2921100000,2066900
249,builder_19,proposer_14,356300486.1975129,3125000000,1250300
250,builder_19,proposer_4,389560805.2883404,2843800000,1422600
251,builder_19,proposer_13,423150138.0433147,2839900000,2920800
252,builder_19,proposer_1,58753434.601287246,118284000,1570240
253,builder_19,proposer_14,65358147.88077836,232252000,20123300
254,builder_19,proposer_4,71388907.74767214,307972000,14536240
255,builder_19,proposer_9,78690932.67248781,371450000,21090550
256,builder_19,proposer_4,87550790.33103496,702300000,6712330
257,builder_19,proposer_9,97896297.65432028,782800000,10686630
258,builder_19,proposer_16,106131306.69501029,802600000,6142090
259,builder_19,proposer_3,116184161.2112795,1074900000,6550690
260,builder_19,proposer_7,129705752.69586655,1088500000,6379390
261,builder_19,proposer_5,144167146.0368338,1269400000,6919280
262,builder_19,proposer_18,155954784.97854847,1269000000,2604690
263,builder_19,proposer_11,170624199.30084664,1335300000,1777000
264,builder_19,proposer_8,186598924.6370063,1239100000,4153600
265,builder_19,proposer_10,202903229.31072265,1394800000,3116000
266,builder_19,proposer_9,219307936.04570785,1751300000,1587200
267,builder_19,proposer_1,244105781.4590631,1627600000,1203200
268,builder_19,proposer_16,264342804.6176129,1717000000,1818040
269,builder_19,proposer_12,294316579.6454635,1775500000,1455000
270,builder_19,proposer_14,317489064.6669899,1800000000,1129700
271,builder_19,proposer_4,352393755.0270928,1997600000,369300
272,builder_19,proposer_17,388842628.5290936,2189000000,1164000
273,builder_19,proposer_14,422749966.4136644,1926700000,1262800
274,builder_19,proposer_6,455736639.62645984,2359700000,965300
275,builder_19,proposer_4,493373037.74597543,2302800000,795000
276,builder_19,proposer_6,550976711.0962557,2145200000,779300
277,builder_19,proposer_9,615100828.2101929,2018000000,1019700
278,builder_19,proposer_13,666251280.5702137,2562700000,1164700
279,builder_19,proposer_4,730936658.0843648,2456700000,1206100
280,builder_19,proposer_15,801403349.2197325,2604900000,2565900
281,builder_19,proposer_8,867345611.6397015,2717400000,2544000
282,builder_19,proposer_4,963670399.2856886,2895800000,1195100
283,builder_19,proposer_18,1066482863.1346312,2526800000,2377400
284,builder_19,proposer_18,1156364851.2277207,2513500000,2242100
285,builder_19,proposer_5,1295178162.7885041,2671100000,4112700
286,builder_19,proposer_14,1451379631.8593519,2871700000,1055700
287,builder_19,proposer_6,1565758218.1232889,2582300000,2144600
288,builder_19,proposer_1,58753434.601287246,118284000,1570240
289,builder_19,proposer_14,65358147.88077836,232252000,20123300
290,builder_19,proposer_4,71388907.74767214,307972000,14536240
291,builder_19,proposer_9,78690932.67248781,371450000,21090550
292,builder_19,proposer_4,87550790.33103496,702300000,6712330
293,builder_19,proposer_9,97896297.65432028,782800000,10686630
294,builder_19,proposer_16,106131306.69501029,802600000,6142090
295,builder_19,proposer_3,116184161.2112795,1074900000,6550690
296,builder_19,proposer_7,129705752.69586655,1088500000,6379390
297,builder_19,proposer_5,144167146.0368338,1269400000,6919280
298,builder_19,proposer_18,155954784.97854847,1269000000,2604690
299,builder_19,proposer_11,170624199.30084664,1335300000,1777000
300,builder_19,proposer_8,186598924.6370063,1239100000,4153600
301,builder_19,proposer_10,202903229.31072265,1394800000,3116000
302,builder_19,proposer_9,219307936.04570785,1751300000,1587200
303,builder_19,proposer_1,244105781.4590631,1627600000,1203200
304,builder_19,proposer_16,264342804.6176129,1717000000,1818040
305,builder_19,proposer_12,294316579.6454635,1775500000,1455000
306,builder_19,proposer_14,317489064.6669899,1800000000,1129700
307,builder_19,proposer_4,352393755.0270928,1997600000,369300
308,builder_19,proposer_17,388842628.5290936,2189000000,1164000
309,builder_19,proposer_14,422749966.4136644,1926700000,1262800
310,builder_19,proposer_6,455736639.62645984,2359700000,965300
311,builder_19,proposer_4,493373037.74597543,2302800000,795000
312,builder_19,proposer_6,550976711.0962557,2145200000,779300
313,builder_19,proposer_9,615100828.2101929,2018000000,1019700
314,builder_19,proposer_13,666251280.5702137,2562700000,1164700
315,builder_19,proposer_4,730936658.0843648,2456700000,1206100
316,builder_19,proposer_15,801403349.2197325,2604900000,2565900
317,builder_19,proposer_8,867345611.6397015,2717400000,2544000
318,builder_19,proposer_4,963670399.2856886,2895800000,1195100
319,builder_19,proposer_18,1066482863.1346312,2526800000,2377400
320,builder_19,proposer_18,1156364851.2277207,2513500000,2242100
321,builder_19,proposer_5,1295178162.7885041,2671100000,4112700
322,builder_19,proposer_14,1451379631.8593519,2871700000,1055700
323,builder_19,proposer_6,1565758218.1232889,2582300000,2144600
324,builder_19,proposer_1,58753434.601287246,118284000,1570240
325,builder_19,proposer_14,65358147.88077836,232252000,20123300
326,builder_19,proposer_4,71388907.74767214,307972000,14536240
327,builder_19,proposer_9,78690932.67248781,371450000,21090550
328,builder_19,proposer_4,87550790.33103496,702300000,6712330
329,builder_19,proposer_9,97896297.65432028,782800000,10686630
330,builder_19,proposer_16,106131306.69501029,802600000,6142090
331,builder_19,proposer_3,116184161.2112795,1074900000,6550690
332,builder_19,proposer_7,129705752.69586655,1088500000,6379390
333,builder_19,proposer_5,144167146.0368338,1269400000,6919280
334,builder_19,proposer_18,155954784.97854847,1269000000,2604690
335,builder_19,proposer_11,170624199.30084664,1335300000,1777000
336,builder_19,proposer_8,186598924.6370063,1239100000,4153600
337,builder_19,proposer_10,202903229.31072265,1394800000,3116000
338,builder_19,proposer_9,219307936.04570785,1751300000,1587200
339,builder_19,proposer_1,244105781.4590631,1627600000,1203200
340,builder_19,proposer_16,264342804.6176129,1717000000,1818040
341,builder_19,proposer_12,294316579.6454635,1775500000,1455000
342,builder_19,proposer_14,317489064.6669899,1800000000,1129700
343,builder_19,proposer_4,352393755.0270928,1997600000,369300
344,builder_19,proposer_17,388842628.5290936,2189000000,1164000
345,builder_19,proposer_14,422749966.4136644,1926700000,1262800
346,builder_19,proposer_6,455736639.62645984,2359700000,965300
347,builder_19,proposer_4,493373037.74597543,2302800000,795000
348,builder_19,proposer_6,550976711.0962557,2145200000,779300
349,builder_19,proposer_9,615100828.2101929,2018000000,1019700
350,builder_19,proposer_13,666251280.5702137,2562700000,1164700
351,builder_19,proposer_4,730936658.0843648,2456700000,1206100
352,builder_19,proposer_15,801403349.2197325,2604900000,2565900
353,builder_19,proposer_8,867345611.6397015,2717400000,2544000
354,builder_19,proposer_4,963670399.2856886,2895800000,1195100
355,builder_19,proposer_18,1066482863.1346312,2526800000,2377400
356,builder_19,proposer_18,1156364851.2277207,2513500000,2242100
357,builder_19,proposer_5,1295178162.7885041,2671100000,4112700
358,builder_19,proposer_14,1451379631.8593519,2871700000,1055700
359,builder_19,proposer_6,1565758218.1232889,2582300000,2144600
360,builder_19,proposer_1,58753434.601287246,118284000,1570240
361,builder_19,proposer_14,65358147.88077836,232252000,20123300
362,builder_19,proposer_4,71388907.74767214,307972000,14536240
363,builder_19,proposer_9,78690932.67248781,371450000,21090550
364,builder_19,proposer_4,87550790.33103496,702300000,6712330
365,builder_19,proposer_9,97896297.65432028,782800000,10686630
366,builder_19,proposer_16,106131306.69501029,802600000,6142090
367,builder_19,proposer_3,116184161.2112795,1074900000,6550690
368,builder_19,proposer_7,129705752.69586655,1088500000,6379390
369,builder_19,proposer_5,144167146.0368338,1269400000,6919280
370,builder_19,proposer_18,155954784.97854847,1269000000,2604690
371,builder_19,proposer_11,170624199.30084664,1335300000,1777000
372,builder_19,proposer_8,186598924.6370063,1239100000,4153600
373,builder_19,proposer_10,202903229.31072265,1394800000,3116000
374,builder_19,proposer_9,219307936.04570785,1751300000,1587200
375,builder_19,proposer_1,244105781.4590631,1627600000,1203200
376,builder_19,proposer_16,264342804.6176129,1717000000,1818040
377,builder_19,proposer_12,294316579.6454635,1775500000,1455000
378,builder_19,proposer_14,317489064.6669899,1800000000,1129700
379,builder_19,proposer_4,352393755.0270928,1997600000,369300
380,builder_19,proposer_17,388842628.5290936,2189000000,1164000
381,builder_19,proposer_14,422749966.4136644,1926700000,1262800
382,builder_19,proposer_6,455736639.62645984,2359700000,965300
383,builder_19,proposer_4,493373037.74597543,2302800000,795000
384,builder_19,proposer_6,550976711.0962557,2145200000,779300
385,builder_19,proposer_9,615100828.2101929,2018000000,1019700
386,builder_19,proposer_13,666251280.5702137,2562700000,1164700
387,builder_19,proposer_4,730936658.0843648,2456700000,1206100
388,builder_19,proposer_15,801403349.2197325,2604900000,2565900
389,builder_19,proposer_8,867345611.6397015,2717400000,2544000
390,builder_19,proposer_4,963670399.2856886,2895800000,1195100
391,builder_19,proposer_18,1066482863.1346312,2526800000,2377400
392,builder_19,proposer_18,1156364851.2277207,2513500000,2242100
393,builder_19,proposer_5,1295178162.7885041,2671100000,4112700
394,builder_19,proposer_14,1451379631.8593519,2871700000,1055700
395,builder_19,proposer_6,1565758218.1232889,2582300000,2144600
396,builder_19,proposer_1,58753434.601287246,118284000,1570240
397,builder_19,proposer_14,65358147.88077836,232252000,20123300
398,builder_19,proposer_4,71388907.74767214,307972000,14536240
399,builder_19,proposer_9,78690932.67248781,371450000,21090550
400,builder_19,proposer_4,87550790.33103496,702300000,6712330
401,builder_19,proposer_9,97896297.65432028,782800000,10686630
402,builder_19,proposer_16,106131306.69501029,802600000,6142090
403,builder_19,proposer_3,116184161.2112795,1074900000,6550690
404,builder_19,proposer_7,129705752.69586655,1088500000,6379390
405,builder_19,proposer_5,144167146.0368338,1269400000,6919280
406,builder_19,proposer_18,155954784.97854847,1269000000,2604690
407,builder_19,proposer_11,170624199.30084664,1335300000,1777000
408,builder_19,proposer_8,186598924.6370063,1239100000,4153600
409,builder_19,proposer_10,202903229.31072265,1394800000,3116000
410,builder_19,proposer_9,219307936.04570785,1751300000,1587200
411,builder_19,proposer_1,244105781.4590631,1627600000,1203200
412,builder_19,proposer_16,264342804.6176129,1717000000,1818040
413,builder_19,proposer_12,294316579.6454635,1775500000,1455000
414,builder_19,proposer_14,317489064.6669899,1800000000,1129700
415,builder_19,proposer_4,352393755.0270928,1997600000,369300
416,builder_19,proposer_17,388842628.5290936,2189000000,1164000
417,builder_19,proposer_14,422749966.4136644,1926700000,1262800
418,builder_19,proposer_6,455736639.62645984,2359700000,965300
419,builder_19,proposer_4,493373037.74597543,2302800000,795000
420,builder_19,proposer_6,550976711.0962557,2145200000,779300
421,builder_19,proposer_9,615100828.2101929,2018000000,1019700
422,builder_19,proposer_13,666251280.5702137,2562700000,1164700
423,builder_19,proposer_4,730936658.0843648,2456700000,1206100
424,builder_19,proposer_15,801403349.2197325,2604900000,2565900
425,builder_19,proposer_8,867345611.6397015,2717400000,2544000
426,builder_19,proposer_4,963670399.2856886,2895800000,1195100
427,builder_19,proposer_18,1066482863.1346312,2526800000,2377400
428,builder_19,proposer_18,1156364851.2277207,2513500000,2242100
429,builder_19,proposer_5,1295178162.7885041,2671100000,4112700
430,builder_19,proposer_14,1451379631.8593519,2871700000,1055700
431,builder_19,proposer_6,1565758218.1232889,2582300000,2144600
432,builder_19,proposer_1,58753434.601287246,118284000,1570240
433,builder_19,proposer_14,65358147.88077836,232252000,20123300
434,builder_19,proposer_4,71388907.74767214,307972000,14536240
435,builder_19,proposer_9,78690932.67248781,371450000,21090550
436,builder_19,proposer_4,87550790.33103496,702300000,6712330
437,builder_19,proposer_9,97896297.65432028,782800000,10686630
438,builder_19,proposer_16,106131306.69501029,802600000,6142090
439,builder_19,proposer_3,116184161.2112795,1074900000,6550690
440,builder_19,proposer_7,129705752.69586655,1088500000,6379390
441,builder_19,proposer_5,144167146.0368338,1269400000,6919280
442,builder_19,proposer_18,155954784.97854847,1269000000,2604690
443,builder_19,proposer_11,170624199.30084664,1335300000,1777000
444,builder_19,proposer_8,186598924.6370063,1239100000,4153600
445,builder_19,proposer_10,202903229.31072265,1394800000,3116000
446,builder_19,proposer_9,219307936.04570785,1751300000,1587200
447,builder_19,proposer_1,244105781.4590631,1627600000,1203200
448,builder_19,proposer_16,264342804.6176129,1717000000,1818040
449,builder_19,proposer_12,294316579.6454635,1775500000,1455000
450,builder_19,proposer_14,317489064.6669899,1800000000,1129700
451,builder_19,proposer_4,352393755.0270928,1997600000,369300
452,builder_19,proposer_17,388842628.5290936,2189000000,1164000
453,builder_19,proposer_14,422749966.4136644,1926700000,1262800
454,builder_19,proposer_6,455736639.62645984,2359700000,965300
455,builder_19,proposer_4,493373037.74597543,2302800000,795000
456,builder_19,proposer_6,550976711.0962557,2145200000,779300
457,builder_19,proposer_9,615100828.2101929,2018000000,1019700
458,builder_19,proposer_13,666251280.5702137,2562700000,1164700
459,builder_19,proposer_4,730936658.0843648,2456700000,1206100
460,builder_19,proposer_15,801403349.2197325,2604900000,2565900
461,builder_19,proposer_8,867345611.6397015,2717400000,2544000
462,builder_19,proposer_4,963670399.2856886,2895800000,1195100
463,builder_19,proposer_18,1066482863.1346312,2526800000,2377400
464,builder_19,proposer_18,1156364851.2277207,2513500000,2242100
465,builder_19,proposer_5,1295178162.7885041,2671100000,4112700
466,builder_19,proposer_14,1451379631.8593519,2871700000,1055700
467,builder_19,proposer_6,1565758218.1232889,2582300000,2144600
468,builder_19,proposer_1,58753434.601287246,118284000,1570240
469,builder_19,proposer_14,65358147.88077836,232252000,20123300
470,builder_19,proposer_4,71388907.74767214,307972000,14536240
471,builder_19,proposer_9,78690932.67248781,371450000,21090550
472,builder_19,proposer_4,87550790.33103496,702300000,6712330
473,builder_19,proposer_9,97896297.65432028,782800000,10686630
474,builder_19,proposer_16,106131306.69501029,802600000,6142090
475,builder_19,proposer_3,116184161.2112795,1074900000,6550690
476,builder_19,proposer_7,129705752.69586655,1088500000,6379390
477,builder_19,proposer_5,144167146.0368338,1269400000,6919280
478,builder_19,proposer_18,155954784.97854847,1269000000,2604690
479,builder_19,proposer_11,170624199.30084664,1335300000,1777000
480,builder_19,proposer_8,186598924.6370063,1239100000,4153600
481,builder_19,proposer_10,202903229.31072265,1394800000,3116000
482,builder_19,proposer_9,219307936.04570785,1751300000,1587200
483,builder_19,proposer_1,244105781.4590631,1627600000,1203200
484,builder_19,proposer_16,264342804.6176129,1717000000,1818040
485,builder_19,proposer_12,294316579.6454635,1775500000,1455000
486,builder_19,proposer_14,317489064.6669899,1800000000,1129700
487,builder_19,proposer_4,352393755.0270928,1997600000,369300
488,builder_19,proposer_17,388842628.5290936,2189000000,1164000
489,builder_19,proposer_14,422749966.4136644,1926700000,1262800
490,builder_19,proposer_6,455736639.62645984,2359700000,965300
491,builder_19,proposer_4,493373037.74597543,2302800000,795000
492,builder_19,proposer_6,550976711.0962557,2145200000,779300
493,builder_19,proposer_9,615100828.2101929,2018000000,1019700
494,builder_19,proposer_13,666251280.5702137,2562700000,1164700
495,builder_19,proposer_4,730936658.0843648,2456700000,1206100
496,builder_19,proposer_15,801403349.2197325,2604900000,2565900
497,builder_19,proposer_8,867345611.6397015,2717400000,2544000
498,builder_19,proposer_4,963670399.2856886,2895800000,1195100
499,builder_19,proposer_18,1066482863.1346312,2526800000,2377400
500,builder_19,proposer_18,1156364851.2277207,2513500000,2242100
501,builder_19,proposer_5,1295178162.7885041,2671100000,4112700
502,builder_19,proposer_14,1451379631.8593519,2871700000,1055700
503,builder_19,proposer_6,1565758218.1232889,2582300000,2144600
504,builder_19,proposer_19,63058545.79431336,128147000,7736200
505,builder_19,proposer_10,69721521.96584325,117422000,1184130
506,builder_19,proposer_0,75797010.00102136,263889000,13135130
507,builder_19,proposer_11,83533347.63523874,395940000,13838530
508,builder_19,proposer_15,93681725.4575575,399370000,7173130
509,builder_19,proposer_19,104494095.8090254,553300000,6104240
510,builder_19,proposer_6,112765588.57523201,644000000,6036470
511,builder_19,proposer_9,123130551.88551556,715200000,21553480
512,builder_19,proposer_5,134369609.56482065,1052200000,1871040
513,builder_19,proposer_15,146542679.902894,1185100000,2794640
514,builder_19,proposer_11,159895056.01082784,1006200000,3397600
515,builder_19,proposer_13,173754228.880972,1000700000,3866840
516,builder_19,proposer_1,188948114.91679516,1073900000,2435340
517,builder_19,proposer_5,204693697.59283072,1394000000,2317340
518,builder_19,proposer_11,221012961.41910428,1344600000,4129240
519,builder_19,proposer_0,242446481.2835049,1299900000,2089240
520,builder_19,proposer_15,261636674.72513622,1453900000,2570840
521,builder_19,proposer_0,290212928.1454518,1305300000,3184640
522,builder_19,proposer_17,321776523.4785988,1500100000,2382540
523,builder_19,proposer_3,360215046.88778627,1591600000,2873440
524,builder_19,proposer_5,394089356.7292625,1473000000,24003320
525,builder_19,proposer_19,426942667.6828017,1733300000,8582180
526,builder_19,proposer_8,468053050.73258704,1599200000,8535620
527,builder_19,proposer_15,504604661.2209215,2455100000,9359180
528,builder_19,proposer_5,546498816.934941,1955400000,8572580
529,builder_19,proposer_14,590276786.132662,2102400000,9789180
530,builder_19,proposer_11,654663815.7987875,1974700000,8595380
531,builder_19,proposer_19,717505989.5437539,2490000000,9734480
532,builder_19,proposer_13,790761029.6416327,2319400000,8781080
533,builder_19,proposer_2,871051719.859428,2561900000,8030080
534,builder_19,proposer_10,972926119.1071298,2555700000,9059280
535,builder_19,proposer_17,1083416684.6404817,2303200000,10586220
536,builder_19,proposer_2,1181169014.1916652,2824900000,9034680
537,builder_19,proposer_12,1318786261.9495647,2457300000,13351920
538,builder_19,proposer_3,1429614155.122183,2686600000,9221780
539,builder_19,proposer_7,1560322929.5872626,2828200000,9671880
540,builder_19,proposer_19,63058545.79431336,128147000,7736200
541,builder_19,proposer_10,69721521.96584325,117422000,1184130
542,builder_19,proposer_0,75797010.00102136,263889000,13135130
543,builder_19,proposer_11,83533347.63523874,395940000,13838530
544,builder_19,proposer_15,93681725.4575575,399370000,7173130
545,builder_19,proposer_19,104494095.8090254,553300000,6104240
546,builder_19,proposer_6,112765588.57523201,644000000,6036470
547,builder_19,proposer_9,123130551.88551556,715200000,21553480
548,builder_19,proposer_5,134369609.56482065,1052200000,1871040
549,builder_19,proposer_15,146542679.902894,1185100000,2794640
550,builder_19,proposer_11,159895056.01082784,1006200000,3397600
551,builder_19,proposer_13,173754228.880972,1000700000,3866840
552,builder_19,proposer_1,188948114.91679516,1073900000,2435340
553,builder_19,proposer_5,204693697.59283072,1394000000,2317340
554,builder_19,proposer_11,221012961.41910428,1344600000,4129240
555,builder_19,proposer_0,242446481.2835049,1299900000,2089240
556,builder_19,proposer_15,261636674.72513622,1453900000,2570840
557,builder_19,proposer_0,290212928.1454518,1305300000,3184640
558,builder_19,proposer_17,321776523.4785988,1500100000,2382540
559,builder_19,proposer_3,360215046.88778627,1591600000,2873440
560,builder_19,proposer_5,394089356.7292625,1473000000,24003320
561,builder_19,proposer_19,426942667.6828017,1733300000,8582180
562,builder_19,proposer_8,468053050.73258704,1599200000,8535620
563,builder_19,proposer_15,504604661.2209215,2455100000,9359180
564,builder_19,proposer_5,546498816.934941,1955400000,8572580
565,builder_19,proposer_14,590276786.132662,2102400000,9789180
566,builder_19,proposer_11,654663815.7987875,1974700000,8595380
567,builder_19,proposer_19,717505989.5437539,2490000000,9734480
568,builder_19,proposer_13,790761029.6416327,2319400000,8781080
569,builder_19,proposer_2,871051719.859428,2561900000,8030080
570,builder_19,proposer_10,972926119.1071298,2555700000,9059280
571,builder_19,proposer_17,1083416684.6404817,2303200000,10586220
572,builder_19,proposer_2,1181169014.1916652,2824900000,9034680
573,builder_19,proposer_12,1318786261.9495647,2457300000,13351920
574,builder_19,proposer_3,1429614155.122183,2686600000,9221780
575,builder_19,proposer_7,1560322929.5872626,2828200000,9671880
576,builder_19,proposer_19,63058545.79431336,128147000,7736200
577,builder_19,proposer_10,69721521.96584325,117422000,1184130
578,builder_19,proposer_0,75797010.00102136,263889000,13135130
579,builder_19,proposer_11,83533347.63523874,395940000,13838530
580,builder_19,proposer_15,93681725.4575575,399370000,7173130
581,builder_19,proposer_19,104494095.8090254,553300000,6104240
582,builder_19,proposer_6,112765588.57523201,644000000,6036470
583,builder_19,proposer_9,123130551.88551556,715200000,21553480
584,builder_19,proposer_5,134369609.56482065,1052200000,1871040
585,builder_19,proposer_15,146542679.902894,1185100000,2794640
586,builder_19,proposer_11,159895056.01082784,1006200000,3397600
587,builder_19,proposer_13,173754228.880972,1000700000,3866840
588,builder_19,proposer_1,188948114.91679516,1073900000,2435340
589,builder_19,proposer_5,204693697.59283072,1394000000,2317340
590,builder_19,proposer_11,221012961.41910428,1344600000,4129240
591,builder_19,proposer_0,242446481.2835049,1299900000,2089240
592,builder_19,proposer_15,261636674.72513622,1453900000,2570840
593,builder_19,proposer_0,290212928.1454518,1305300000,3184640
594,builder_19,proposer_17,321776523.4785988,1500100000,2382540
595,builder_19,proposer_3,360215046.88778627,1591600000,2873440
596,builder_19,proposer_5,394089356.7292625,1473000000,24003320
597,builder_19,proposer_19,426942667.6828017,1733300000,8582180
598,builder_19,proposer_8,468053050.73258704,1599200000,8535620
599,builder_19,proposer_15,504604661.2209215,2455100000,9359180
600,builder_19,proposer_5,546498816.934941,1955400000,8572580
601,builder_19,proposer_14,590276786.132662,2102400000,9789180
602,builder_19,proposer_11,654663815.7987875,1974700000,8595380
603,builder_19,proposer_19,717505989.5437539,2490000000,9734480
604,builder_19,proposer_13,790761029.6416327,2319400000,8781080
605,builder_19,proposer_2,871051719.859428,2561900000,8030080
606,builder_19,proposer_10,972926119.1071298,2555700000,9059280
607,builder_19,proposer_17,1083416684.6404817,2303200000,10586220
608,builder_19,proposer_2,1181169014.1916652,2824900000,9034680
609,builder_19,proposer_12,1318786261.9495647,2457300000,13351920
610,builder_19,proposer_3,1429614155.122183,2686600000,9221780
611,builder_19,proposer_7,1560322929.5872626,2828200000,9671880
612,builder_19,proposer_19,63058545.79431336,128147000,7736200
613,builder_19,proposer_10,69721521.96584325,117422000,1184130
614,builder_19,proposer_0,75797010.00102136,263889000,13135130
615,builder_19,proposer_11,83533347.63523874,395940000,13838530
616,builder_19,proposer_15,93681725.4575575,399370000,7173130
617,builder_19,proposer_19,104494095.8090254,553300000,6104240
618,builder_19,proposer_6,112765588.57523201,644000000,6036470
619,builder_19,proposer_9,123130551.88551556,715200000,21553480
620,builder_19,proposer_5,134369609.56482065,1052200000,1871040
621,builder_19,proposer_15,146542679.902894,1185100000,2794640
622,builder_19,proposer_11,159895056.01082784,1006200000,3397600
623,builder_19,proposer_13,173754228.880972,1000700000,3866840
624,builder_19,proposer_1,188948114.91679516,1073900000,2435340
625,builder_19,proposer_5,204693697.59283072,1394000000,2317340
626,builder_19,proposer_11,221012961.41910428,1344600000,4129240
627,builder_19,proposer_0,242446481.2835049,1299900000,2089240
628,builder_19,proposer_15,261636674.72513622,1453900000,2570840
629,builder_19,proposer_0,290212928.1454518,1305300000,3184640
630,builder_19,proposer_17,321776523.4785988,1500100000,2382540
631,builder_19,proposer_3,360215046.88778627,1591600000,2873440
632,builder_19,proposer_5,394089356.7292625,1473000000,24003320
633,builder_19,proposer_19,426942667.6828017,1733300000,8582180
634,builder_19,proposer_8,468053050.73258704,1599200000,8535620
635,builder_19,proposer_15,504604661.2209215,2455100000,9359180
636,builder_19,proposer_5,546498816.934941,1955400000,8572580
637,builder_19,proposer_14,590276786.132662,2102400000,9789180
638,builder_19,proposer_11,654663815.7987875,1974700000,8595380
639,builder_19,proposer_19,717505989.5437539,2490000000,9734480
640,builder_19,proposer_13,790761029.6416327,2319400000,8781080
641,builder_19,proposer_2,871051719.859428,2561900000,8030080
642,builder_19,proposer_10,972926119.1071298,2555700000,9059280
643,builder_19,proposer_17,1083416684.6404817,2303200000,10586220
644,builder_19,proposer_2,1181169014.1916652,2824900000,9034680
645,builder_19,proposer_12,1318786261.9495647,2457300000,13351920
646,builder_19,proposer_3,1429614155.122183,2686600000,9221780
647,builder_19,proposer_7,1560322929.5872626,2828200000,9671880
648,builder_19,proposer_19,63058545.79431336,128147000,7736200
649,builder_19,proposer_10,69721521.96584325,117422000,1184130
650,builder_19,proposer_0,75797010.00102136,263889000,13135130
651,builder_19,proposer_11,83533347.63523874,395940000,13838530
652,builder_19,proposer_15,93681725.4575575,399370000,7173130
653,builder_19,proposer_19,104494095.8090254,553300000,6104240
654,builder_19,proposer_6,112765588.57523201,644000000,6036470
655,builder_19,proposer_9,123130551.88551556,715200000,21553480
656,builder_19,proposer_5,134369609.56482065,1052200000,1871040
657,builder_19,proposer_15,146542679.902894,1185100000,2794640
658,builder_19,proposer_11,159895056.01082784,1006200000,3397600
659,builder_19,proposer_13,173754228.880972,1000700000,3866840
660,builder_19,proposer_1,188948114.91679516,1073900000,2435340
661,builder_19,proposer_5,204693697.59283072,1394000000,2317340
662,builder_19,proposer_11,221012961.41910428,1344600000,4129240
663,builder_19,proposer_0,242446481.2835049,1299900000,2089240
664,builder_19,proposer_15,261636674.72513622,1453900000,2570840
665,builder_19,proposer_0,290212928.1454518,1305300000,3184640
666,builder_19,proposer_17,321776523.4785988,1500100000,2382540
667,builder_19,proposer_3,360215046.88778627,1591600000,2873440
668,builder_19,proposer_5,394089356.7292625,1473000000,24003320
669,builder_19,proposer_19,426942667.6828017,1733300000,8582180
670,builder_19,proposer_8,468053050.73258704,1599200000,8535620
671,builder_19,proposer_15,504604661.2209215,2455100000,9359180
672,builder_19,proposer_5,546498816.934941,1955400000,8572580
673,builder_19,proposer_14,590276786.132662,2102400000,9789180
674,builder_19,proposer_11,654663815.7987875,1974700000,8595380
675,builder_19,proposer_19,717505989.5437539,2490000000,9734480
676,builder_19,proposer_13,790761029.6416327,2319400000,8781080
677,builder_19,proposer_2,871051719.859428,2561900000,8030080
678,builder_19,proposer_10,972926119.1071298,2555700000,9059280
679,builder_19,proposer_17,1083416684.6404817,2303200000,10586220
680,builder_19,proposer_2,1181169014.1916652,2824900000,9034680
681,builder_19,proposer_12,1318786261.9495647,2457300000,13351920
682,builder_19,proposer_3,1429614155.122183,2686600000,9221780
683,builder_19,proposer_7,1560322929.5872626,2828200000,9671880
684,builder_19,proposer_19,63058545.79431336,128147000,7736200
685,builder_19,proposer_10,69721521.96584325,117422000,1184130
686,builder_19,proposer_0,75797010.00102136,263889000,13135130
687,builder_19,proposer_11,83533347.63523874,395940000,13838530
688,builder_19,proposer_15,93681725.4575575,399370000,7173130
689,builder_19,proposer_19,104494095.8090254,553300000,6104240
690,builder_19,proposer_6,112765588.57523201,644000000,6036470
691,builder_19,proposer_9,123130551.88551556,715200000,21553480
692,builder_19,proposer_5,134369609.56482065,1052200000,1871040
693,builder_19,proposer_15,146542679.902894,1185100000,2794640
694,builder_19,proposer_11,159895056.01082784,1006200000,3397600
695,builder_19,proposer_13,173754228.880972,1000700000,3866840
696,builder_19,proposer_1,188948114.91679516,1073900000,2435340
697,builder_19,proposer_5,204693697.59283072,1394000000,2317340
698,builder_19,proposer_11,221012961.41910428,1344600000,4129240
699,builder_19,proposer_0,242446481.2835049,1299900000,2089240
700,builder_19,proposer_15,261636674.72513622,1453900000,2570840
701,builder_19,proposer_0,290212928.1454518,1305300000,3184640
702,builder_19,proposer_17,321776523.4785988,1500100000,2382540
703,builder_19,proposer_3,360215046.88778627,1591600000,2873440
704,builder_19,proposer_5,394089356.7292625,1473000000,24003320
705,builder_19,proposer_19,426942667.6828017,1733300000,8582180
706,builder_19,proposer_8,468053050.73258704,1599200000,8535620
707,builder_19,proposer_15,504604661.2209215,2455100000,9359180
708,builder_19,proposer_5,546498816.934941,1955400000,8572580
709,builder_19,proposer_14,590276786.132662,2102400000,9789180
710,builder_19,proposer_11,654663815.7987875,1974700000,8595380
711,builder_19,proposer_19,717505989.5437539,2490000000,9734480
712,builder_19,proposer_13,790761029.6416327,2319400000,8781080
713,builder_19,proposer_2,871051719.859428,2561900000,8030080
714,builder_19,proposer_10,972926119.1071298,2555700000,9059280
715,builder_19,proposer_17,1083416684.6404817,2303200000,10586220
716,builder_19,proposer_2,1181169014.1916652,2824900000,9034680
717,builder_19,proposer_12,1318786261.9495647,2457300000,13351920
718,builder_19,proposer_3,1429614155.122183,2686600000,9221780
719,builder_19,proposer_7,1560322929.5872626,2828200000,9671880
720,builder_19,proposer_19,63058545.79431336,128147000,7736200
721,builder_19,proposer_10,69721521.96584325,117422000,1184130
722,builder_19,proposer_0,75797010.00102136,263889000,13135130
723,builder_19,proposer_11,83533347.63523874,395940000,13838530
724,builder_19,proposer_15,93681725.4575575,399370000,7173130
725,builder_19,proposer_19,104494095.8090254,553300000,6104240
726,builder_19,proposer_6,112765588.57523201,644000000,6036470
727,builder_19,proposer_9,123130551.88551556,715200000,21553480
728,builder_19,proposer_5,134369609.56482065,1052200000,1871040
729,builder_19,proposer_15,146542679.902894,1185100000,2794640
730,builder_19,proposer_11,159895056.01082784,1006200000,3397600
731,builder_19,proposer_13,173754228.880972,1000700000,3866840
732,builder_19,proposer_1,188948114.91679516,1073900000,2435340
733,builder_19,proposer_5,204693697.59283072,1394000000,2317340
734,builder_19,proposer_11,221012961.41910428,1344600000,4129240
735,builder_19,proposer_0,242446481.2835049,1299900000,2089240
736,builder_19,proposer_15,261636674.72513622,1453900000,2570840
737,builder_19,proposer_0,290212928.1454518,1305300000,3184640
738,builder_19,proposer_17,321776523.4785988,1500100000,2382540
739,builder_19,proposer_3,360215046.88778627,1591600000,2873440
740,builder_19,proposer_5,394089356.7292625,1473000000,24003320
741,builder_19,proposer_19,426942667.6828017,1733300000,8582180
742,builder_19,proposer_8,468053050.73258704,1599200000,8535620
743,builder_19,proposer_15,504604661.2209215,2455100000,9359180
744,builder_19,proposer_5,546498816.934941,1955400000,8572580
745,builder_19,proposer_14,590276786.132662,2102400000,9789180
746,builder_19,proposer_11,654663815.7987875,1974700000,8595380
747,builder_19,proposer_19,717505989.5437539,2490000000,9734480
748,builder_19,proposer_13,790761029.6416327,2319400000,8781080
749,builder_19,proposer_2,871051719.859428,2561900000,8030080
750,builder_19,proposer_10,972926119.1071298,2555700000,9059280
751,builder_19,proposer_17,1083416684.6404817,2303200000,10586220
752,builder_19,proposer_2,1181169014.1916652,2824900000,9034680
753,builder_19,proposer_12,1318786261.9495647,2457300000,13351920
754,builder_19,proposer_3,1429614155.122183,2686600000,9221780
755,builder_19,proposer_7,1560322929.5872626,2828200000,9671880
756,builder_18,proposer_19,37174281.78416602,73170000,133800
757,builder_18,proposer_3,41601324.3658401,110947000,1182500
758,builder_18,proposer_19,46356522.46075544,155418000,2224630
759,builder_18,proposer_1,51039460.793524906,346130000,3185700
760,builder_18,proposer_16,55076791.26024403,572420000,3909600
761,builder_18,proposer_9,61582872.06684147,776800000,3035800
762,builder_18,proposer_10,68319429.37294534,813200000,2741840
763,builder_18,proposer_8,75620299.61122356,905600000,7456700
764,builder_18,proposer_7,83965567.37989528,1196000000,39265300
765,builder_18,proposer_14,92955513.85718523,1388700000,2769400
766,builder_18,proposer_11,104120573.38274197,1372500000,40437200
767,builder_18,proposer_1,115911914.40542562,1489900000,2070500
768,builder_18,proposer_17,128151455.99399626,1416800000,3124000
769,builder_18,proposer_6,142425954.94649577,1357300000,2627600
770,builder_18,proposer_7,155635158.10379276,1619500000,3455800
771,builder_18,proposer_14,167781168.77424353,1582000000,4132900
772,builder_18,proposer_6,186130045.93833274,1545900000,2322800
773,builder_18,proposer_3,201194910.63807234,1944800000,2038000
774,builder_18,proposer_17,217027370.6226106,1949800000,4259700
775,builder_18,proposer_2,238807295.12864307,1866600000,2684300
776,builder_18,proposer_7,262110679.11118305,1870500000,2139500
777,builder_18,proposer_7,288372499.5010571,2000900000,1962100
778,builder_18,proposer_4,318790052.9889313,1949300000,2304300
779,builder_18,proposer_5,351142851.4167983,2159300000,3079000
780,builder_18,proposer_3,386274727.34416276,1973200000,3047400
781,builder_18,proposer_19,427635125.1476737,2058100000,2691300
782,builder_18,proposer_12,466568652.1899953,2540100000,2831500
783,builder_18,proposer_0,515308672.2046686,2306300000,2132200
784,builder_18,proposer_0,574866420.4268363,2571100000,1961400
785,builder_18,proposer_9,637168949.4777433,2420500000,38424600
786,builder_18,proposer_11,690190869.8214582,2805000000,2537800
787,builder_18,proposer_10,756722492.7619668,3205200000,56194700
788,builder_18,proposer_11,819866586.5117359,2704100000,20414000
789,builder_18,proposer_12,909499132.838273,2578400000,21252100
790,builder_18,proposer_0,1001174637.4647701,2810300000,38488000
791,builder_18,proposer_19,1094260217.063572,2711000000,38208400
792,builder_18,proposer_19,37174281.78416602,73170000,133800
793,builder_18,proposer_3,41601324.3658401,110947000,1182500
794,builder_18,proposer_19,46356522.46075544,155418000,2224630
795,builder_18,proposer_1,51039460.793524906,346130000,3185700
796,builder_18,proposer_16,55076791.26024403,572420000,3909600
797,builder_18,proposer_9,61582872.06684147,776800000,3035800
798,builder_18,proposer_10,68319429.37294534,813200000,2741840
799,builder_18,proposer_8,75620299.61122356,905600000,7456700
800,builder_18,proposer_7,83965567.37989528,1196000000,39265300
801,builder_18,proposer_14,92955513.85718523,1388700000,2769400
802,builder_18,proposer_11,104120573.38274197,1372500000,40437200
803,builder_18,proposer_1,115911914.40542562,1489900000,2070500
804,builder_18,proposer_17,128151455.99399626,1416800000,3124000
805,builder_18,proposer_6,142425954.94649577,1357300000,2627600
806,builder_18,proposer_7,155635158.10379276,1619500000,3455800
807,builder_18,proposer_14,167781168.77424353,1582000000,4132900
808,builder_18,proposer_6,186130045.93833274,1545900000,2322800
809,builder_18,proposer_3,201194910.63807234,1944800000,2038000
810,builder_18,proposer_17,217027370.6226106,1949800000,4259700
811,builder_18,proposer_2,238807295.12864307,1866600000,2684300
812,builder_18,proposer_7,262110679.11118305,1870500000,2139500
813,builder_18,proposer_7,288372499.5010571,2000900000,1962100
814,builder_18,proposer_4,318790052.9889313,1949300000,2304300
815,builder_18,proposer_5,351142851.4167983,2159300000,3079000
816,builder_18,proposer_3,386274727.34416276,1973200000,3047400
817,builder_18,proposer_19,427635125.1476737,2058100000,2691300
818,builder_18,proposer_12,466568652.1899953,2540100000,2831500
819,builder_18,proposer_0,515308672.2046686,2306300000,2132200
820,builder_18,proposer_0,574866420.4268363,2571100000,1961400
821,builder_18,proposer_9,637168949.4777433,2420500000,38424600
822,builder_18,proposer_11,690190869.8214582,2805000000,2537800
823,builder_18,proposer_10,756722492.7619668,3205200000,56194700
824,builder_18,proposer_11,819866586.5117359,2704100000,20414000
825,builder_18,proposer_12,909499132.838273,2578400000,21252100
826,builder_18,proposer_0,1001174637.4647701,2810300000,38488000
827,builder_18,proposer_19,1094260217.063572,2711000000,38208400
828,builder_18,proposer_19,37174281.78416602,73170000,133800
829,builder_18,proposer_3,41601324.3658401,110947000,1182500
830,builder_18,proposer_19,46356522.46075544,155418000,2224630
831,builder_18,proposer_1,51039460.793524906,346130000,3185700
832,builder_18,proposer_16,55076791.26024403,572420000,3909600
833,builder_18,proposer_9,61582872.06684147,776800000,3035800
834,builder_18,proposer_10,68319429.37294534,813200000,2741840
835,builder_18,proposer_8,75620299.61122356,905600000,7456700
836,builder_18,proposer_7,83965567.37989528,1196000000,39265300
837,builder_18,proposer_14,92955513.85718523,1388700000,2769400
838,builder_18,proposer_11,104120573.38274197,1372500000,40437200
839,builder_18,proposer_1,115911914.40542562,1489900000,2070500
840,builder_18,proposer_17,128151455.99399626,1416800000,3124000
841,builder_18,proposer_6,142425954.94649577,1357300000,2627600
842,builder_18,proposer_7,155635158.10379276,1619500000,3455800
843,builder_18,proposer_14,167781168.77424353,1582000000,4132900
844,builder_18,proposer_6,186130045.93833274,1545900000,2322800
845,builder_18,proposer_3,201194910.63807234,1944800000,2038000
846,builder_18,proposer_17,217027370.6226106,1949800000,4259700
847,builder_18,proposer_2,238807295.12864307,1866600000,2684300
848,builder_18,proposer_7,262110679.11118305,1870500000,2139500
849,builder_18,proposer_7,288372499.5010571,2000900000,1962100
850,builder_18,proposer_4,318790052.9889313,1949300000,2304300
851,builder_18,proposer_5,351142851.4167983,2159300000,3079000
852,builder_18,proposer_3,386274727.34416276,1973200000,3047400
853,builder_18,proposer_19,427635125.1476737,2058100000,2691300
854,builder_18,proposer_12,466568652.1899953,2540100000,2831500
855,builder_18,proposer_0,515308672.2046686,2306300000,2132200
856,builder_18,proposer_0,574866420.4268363,2571100000,1961400
857,builder_18,proposer_9,637168949.4777433,2420500000,38424600
858,builder_18,proposer_11,690190869.8214582,2805000000,2537800
859,builder_18,proposer_10,756722492.7619668,3205200000,56194700
860,builder_18,proposer_11,819866586.5117359,2704100000,20414000
861,builder_18,proposer_12,909499132.838273,2578400000,21252100
862,builder_18,proposer_0,1001174637.4647701,2810300000,38488000
863,builder_18,proposer_19,1094260217.063572,2711000000,38208400
864,builder_18,proposer_19,37174281.78416602,73170000,133800
865,builder_18,proposer_3,41601324.3658401,110947000,1182500
866,builder_18,proposer_19,46356522.46075544,155418000,2224630
867,builder_18,proposer_1,51039460.793524906,346130000,3185700
868,builder_18,proposer_16,55076791.26024403,572420000,3909600
869,builder_18,proposer_9,61582872.06684147,776800000,3035800
870,builder_18,proposer_10,68319429.37294534,813200000,2741840
871,builder_18,proposer_8,75620299.61122356,905600000,7456700
872,builder_18,proposer_7,83965567.37989528,1196000000,39265300
873,builder_18,proposer_14,92955513.85718523,1388700000,2769400
874,builder_18,proposer_11,104120573.38274197,1372500000,40437200
875,builder_18,proposer_1,115911914.40542562,1489900000,2070500
876,builder_18,proposer_17,128151455.99399626,1416800000,3124000
877,builder_18,proposer_6,142425954.94649577,1357300000,2627600
878,builder_18,proposer_7,155635158.10379276,1619500000,3455800
879,builder_18,proposer_14,167781168.77424353,1582000000,4132900
880,builder_18,proposer_6,186130045.93833274,1545900000,2322800
881,builder_18,proposer_3,201194910.63807234,1944800000,2038000
882,builder_18,proposer_17,217027370.6226106,1949800000,4259700
883,builder_18,proposer_2,238807295.12864307,1866600000,2684300
884,builder_18,proposer_7,262110679.11118305,1870500000,2139500
885,builder_18,proposer_7,288372499.5010571,2000900000,1962100
886,builder_18,proposer_4,318790052.9889313,1949300000,2304300
887,builder_18,proposer_5,351142851.4167983,2159300000,3079000
888,builder_18,proposer_3,386274727.34416276,1973200000,3047400
889,builder_18,proposer_19,427635125.1476737,2058100000,2691300
890,builder_18,proposer_12,466568652.1899953,2540100000,2831500
891,builder_18,proposer_0,515308672.2046686,2306300000,2132200
892,builder_18,proposer_0,574866420.4268363,2571100000,1961400
893,builder_18,proposer_9,637168949.4777433,2420500000,38424600
894,builder_18,proposer_11,690190869.8214582,2805000000,2537800
895,builder_18,proposer_10,756722492.7619668,3205200000,56194700
896,builder_18,proposer_11,819866586.5117359,2704100000,20414000
897,builder_18,proposer_12,909499132.838273,2578400000,21252100
898,builder_18,proposer_0,1001174637.4647701,2810300000,38488000
899,builder_18,proposer_19,1094260217.063572,2711000000,38208400
900,builder_18,proposer_19,37174281.78416602,73170000,133800
901,builder_18,proposer_3,41601324.3658401,110947000,1182500
902,builder_18,proposer_19,46356522.46075544,155418000,2224630
903,builder_18,proposer_1,51039460.793524906,346130000,3185700
904,builder_18,proposer_16,55076791.26024403,572420000,3909600
905,builder_18,proposer_9,61582872.06684147,776800000,3035800
906,builder_18,proposer_10,68319429.37294534,813200000,2741840
907,builder_18,proposer_8,75620299.61122356,905600000,7456700
908,builder_18,proposer_7,83965567.37989528,1196000000,39265300
909,builder_18,proposer_14,92955513.85718523,1388700000,2769400
910,builder_18,proposer_11,104120573.38274197,1372500000,40437200
911,builder_18,proposer_1,115911914.40542562,1489900000,2070500
912,builder_18,proposer_17,128151455.99399626,1416800000,3124000
913,builder_18,proposer_6,142425954.94649577,1357300000,2627600
914,builder_18,proposer_7,155635158.10379276,1619500000,3455800
915,builder_18,proposer_14,167781168.77424353,1582000000,4132900
916,builder_18,proposer_6,186130045.93833274,1545900000,2322800
917,builder_18,proposer_3,201194910.63807234,1944800000,2038000
918,builder_18,proposer_17,217027370.6226106,1949800000,4259700
919,builder_18,proposer_2,238807295.12864307,1866600000,2684300
920,builder_18,proposer_7,262110679.11118305,1870500000,2139500
921,builder_18,proposer_7,288372499.5010571,2000900000,1962100
922,builder_18,proposer_4,318790052.9889313,1949300000,2304300
923,builder_18,proposer_5,351142851.4167983,2159300000,3079000
924,builder_18,proposer_3,386274727.34416276,1973200000,3047400
925,builder_18,proposer_19,427635125.1476737,2058100000,2691300
926,builder_18,proposer_12,466568652.1899953,2540100000,2831500
927,builder_18,proposer_0,515308672.2046686,2306300000,2132200
928,builder_18,proposer_0,574866420.4268363,2571100000,1961400
929,builder_18,proposer_9,637168949.4777433,2420500000,38424600
930,builder_18,proposer_11,690190869.8214582,2805000000,2537800
931,builder_18,proposer_10,756722492.7619668,3205200000,56194700
932,builder_18,proposer_11,819866586.5117359,2704100000,20414000
933,builder_18,proposer_12,909499132.838273,2578400000,21252100
934,builder_18,proposer_0,1001174637.4647701,2810300000,38488000
935,builder_18,proposer_19,1094260217.063572,2711000000,38208400
936,builder_18,proposer_19,37174281.78416602,73170000,133800
937,builder_18,proposer_3,41601324.3658401,110947000,1182500
938,builder_18,proposer_19,46356522.46075544,155418000,2224630
939,builder_18,proposer_1,51039460.793524906,346130000,3185700
940,builder_18,proposer_16,55076791.26024403,572420000,3909600
941,builder_18,proposer_9,61582872.06684147,776800000,3035800
942,builder_18,proposer_10,68319429.37294534,813200000,2741840
943,builder_18,proposer_8,75620299.61122356,905600000,7456700
944,builder_18,proposer_7,83965567.37989528,1196000000,39265300
945,builder_18,proposer_14,92955513.85718523,1388700000,2769400
946,builder_18,proposer_11,104120573.38274197,1372500000,40437200
947,builder_18,proposer_1,115911914.40542562,1489900000,2070500
948,builder_18,proposer_17,128151455.99399626,1416800000,3124000
949,builder_18,proposer_6,142425954.94649577,1357300000,2627600
950,builder_18,proposer_7,155635158.10379276,1619500000,3455800
951,builder_18,proposer_14,167781168.77424353,1582000000,4132900
952,builder_18,proposer_6,186130045.93833274,1545900000,2322800
953,builder_18,proposer_3,201194910.63807234,1944800000,2038000
954,builder_18,proposer_17,217027370.6226106,1949800000,4259700
955,builder_18,proposer_2,238807295.12864307,1866600000,2684300
956,builder_18,proposer_7,262110679.11118305,1870500000,2139500
957,builder_18,proposer_7,288372499.5010571,2000900000,1962100
958,builder_18,proposer_4,318790052.9889313,1949300000,2304300
959,builder_18,proposer_5,351142851.4167983,2159300000,3079000
960,builder_18,proposer_3,386274727.34416276,1973200000,3047400
961,builder_18,proposer_19,427635125.1476737,2058100000,2691300
962,builder_18,proposer_12,466568652.1899953,2540100000,2831500
963,builder_18,proposer_0,515308672.2046686,2306300000,2132200
964,builder_18,proposer_0,574866420.4268363,2571100000,1961400
965,builder_18,proposer_9,637168949.4777433,2420500000,38424600
966,builder_18,proposer_11,690190869.8214582,2805000000,2537800
967,builder_18,proposer_10,756722492.7619668,3205200000,56194700
968,builder_18,proposer_11,819866586.5117359,2704100000,20414000
969,builder_18,proposer_12,909499132.838273,2578400000,21252100
970,builder_18,proposer_0,1001174637.4647701,2810300000,38488000
971,builder_18,proposer_19,1094260217.063572,2711000000,38208400
972,builder_18,proposer_19,37174281.78416602,73170000,133800
973,builder_18,proposer_3,41601324.3658401,110947000,1182500
974,builder_18,proposer_19,46356522.46075544,155418000,2224630
975,builder_18,proposer_1,51039460.793524906,346130000,3185700
976,builder_18,proposer_16,55076791.26024403,572420000,3909600
977,builder_18,proposer_9,61582872.06684147,776800000,3035800
978,builder_18,proposer_10,68319429.37294534,813200000,2741840
979,builder_18,proposer_8,75620299.61122356,905600000,7456700
980,builder_18,proposer_7,83965567.37989528,1196000000,39265300
981,builder_18,proposer_14,92955513.85718523,1388700000,2769400
982,builder_18,proposer_11,104120573.38274197,1372500000,40437200
983,builder_18,proposer_1,115911914.40542562,1489900000,2070500
984,builder_18,proposer_17,128151455.99399626,1416800000,3124000
985,builder_18,proposer_6,142425954.94649577,1357300000,2627600
986,builder_18,proposer_7,155635158.10379276,1619500000,3455800
987,builder_18,proposer_14,167781168.77424353,1582000000,4132900
988,builder_18,proposer_6,186130045.93833274,1545900000,2322800
989,builder_18,proposer_3,201194910.63807234,1944800000,2038000
990,builder_18,proposer_17,217027370.6226106,1949800000,4259700
991,builder_18,proposer_2,238807295.12864307,1866600000,2684300
992,builder_18,proposer_7,262110679.11118305,1870500000,2139500
993,builder_18,proposer_7,288372499.5010571,2000900000,1962100
994,builder_18,proposer_4,318790052.9889313,1949300000,2304300
995,builder_18,proposer_5,351142851.4167983,2159300000,3079000
996,builder_18,proposer_3,386274727.34416276,1973200000,3047400
997,builder_18,proposer_19,427635125.1476737,2058100000,2691300
998,builder_18,proposer_12,466568652.1899953,2540100000,2831500
999,builder_18,proposer_0,515308672.2046686,2306300000,2132200
