block_num,builder_id,proposer_id,winning_bid,total_gas_fee,total_mev
0,builder_16,proposer_8,320544688.5557531,395384921,10063
1,builder_12,proposer_15,336402163.396791,367413308,14280
2,builder_19,proposer_11,309304427.94977033,338923381,2716
3,builder_10,proposer_2,272373434.384204,297220972,7085
4,builder_7,proposer_11,255367450.7698326,279912234,9674
5,builder_3,proposer_16,307924101.7976925,336542812,124643
6,builder_11,proposer_8,293225005.4319772,319961255,19208
7,builder_19,proposer_9,484000186.9168435,528937259,13466
8,builder_12,proposer_12,279748266.8529871,306031474,6333
9,builder_18,proposer_8,255844461.78451264,324931074,133685
10,builder_0,proposer_17,348617978.4908387,398091812,22176
11,builder_12,proposer_18,158601524.7354784,172979062,5061
12,builder_2,proposer_6,317802662.83802134,347802449,23051
13,builder_13,proposer_1,406071281.5005978,443426195,28754
14,builder_13,proposer_11,287511734.1745397,332286255,12040
15,builder_0,proposer_12,188925817.37865826,253031374,2323
16,builder_18,proposer_14,358631401.1415896,390812425,11304
17,builder_10,proposer_15,475704785.18154585,540332631,5010481
18,builder_14,proposer_10,383633989.6405019,420696369,6996
19,builder_8,proposer_4,157639292.34680057,219490536,7239
20,builder_14,proposer_18,362478971.423146,396560871,6985
21,builder_9,proposer_1,192686234.2294789,210207169,4218
22,builder_10,proposer_8,228563060.9517927,250049690,18792
23,builder_18,proposer_1,113855498.56902048,124091933,2816
24,builder_14,proposer_13,299608865.08566195,328542401,5008547
25,builder_17,proposer_17,282604843.1395708,308202373,5016214
26,builder_4,proposer_4,234955826.90678594,256127627,223994
27,builder_8,proposer_0,211783014.896376,230856343,3526
28,builder_16,proposer_8,320544688.5557531,395384921,10063
29,builder_12,proposer_15,336402163.396791,367413308,14280
30,builder_19,proposer_11,309304427.94977033,338923381,2716
31,builder_10,proposer_2,272373434.384204,297220972,7085
32,builder_7,proposer_11,255367450.7698326,279912234,9674
33,builder_3,proposer_16,307924101.7976925,336542812,124643
34,builder_11,proposer_8,293225005.4319772,319961255,19208
35,builder_19,proposer_9,484000186.9168435,528937259,13466
36,builder_12,proposer_12,279748266.8529871,306031474,6333
37,builder_18,proposer_8,255844461.78451264,324931074,133685
38,builder_0,proposer_17,348617978.4908387,398091812,22176
39,builder_12,proposer_18,158601524.7354784,172979062,5061
40,builder_2,proposer_6,317802662.83802134,347802449,23051
41,builder_13,proposer_1,406071281.5005978,443426195,28754
42,builder_13,proposer_11,287511734.1745397,332286255,12040
43,builder_0,proposer_12,188925817.37865826,253031374,2323
44,builder_18,proposer_14,358631401.1415896,390812425,11304
45,builder_10,proposer_15,475704785.18154585,540332631,5010481
46,builder_14,proposer_10,383633989.6405019,420696369,6996
47,builder_8,proposer_4,157639292.34680057,219490536,7239
48,builder_14,proposer_18,362478971.423146,396560871,6985
49,builder_9,proposer_1,192686234.2294789,210207169,4218
50,builder_10,proposer_8,228563060.9517927,250049690,18792
51,builder_18,proposer_1,113855498.56902048,124091933,2816
52,builder_14,proposer_13,299608865.08566195,328542401,5008547
53,builder_17,proposer_17,282604843.1395708,308202373,5016214
54,builder_4,proposer_4,234955826.90678594,256127627,223994
55,builder_8,proposer_0,211783014.896376,230856343,3526
56,builder_16,proposer_8,320544688.5557531,395384921,10063
57,builder_12,proposer_15,336402163.396791,367413308,14280
58,builder_19,proposer_11,309304427.94977033,338923381,2716
59,builder_10,proposer_2,272373434.384204,297220972,7085
60,builder_7,proposer_11,255367450.7698326,279912234,9674
61,builder_3,proposer_16,307924101.7976925,336542812,124643
62,builder_11,proposer_8,293225005.4319772,319961255,19208
63,builder_19,proposer_9,484000186.9168435,528937259,13466
64,builder_12,proposer_12,279748266.8529871,306031474,6333
65,builder_18,proposer_8,255844461.78451264,324931074,133685
66,builder_0,proposer_17,348617978.4908387,398091812,22176
67,builder_12,proposer_18,158601524.7354784,172979062,5061
68,builder_2,proposer_6,317802662.83802134,347802449,23051
69,builder_13,proposer_1,406071281.5005978,443426195,28754
70,builder_13,proposer_11,287511734.1745397,332286255,12040
71,builder_0,proposer_12,188925817.37865826,253031374,2323
72,builder_18,proposer_14,358631401.1415896,390812425,11304
73,builder_10,proposer_15,475704785.18154585,540332631,5010481
74,builder_14,proposer_10,383633989.6405019,420696369,6996
75,builder_8,proposer_4,157639292.34680057,219490536,7239
76,builder_14,proposer_18,362478971.423146,396560871,6985
77,builder_9,proposer_1,192686234.2294789,210207169,4218
78,builder_10,proposer_8,228563060.9517927,250049690,18792
79,builder_18,proposer_1,113855498.56902048,124091933,2816
80,builder_14,proposer_13,299608865.08566195,328542401,5008547
81,builder_17,proposer_17,282604843.1395708,308202373,5016214
82,builder_4,proposer_4,234955826.90678594,256127627,223994
83,builder_8,proposer_0,211783014.896376,230856343,3526
84,builder_16,proposer_8,320544688.5557531,395384921,10063
85,builder_12,proposer_15,336402163.396791,367413308,14280
86,builder_19,proposer_11,309304427.94977033,338923381,2716
87,builder_10,proposer_2,272373434.384204,297220972,7085
88,builder_7,proposer_11,255367450.7698326,279912234,9674
89,builder_3,proposer_16,307924101.7976925,336542812,124643
90,builder_11,proposer_8,293225005.4319772,319961255,19208
91,builder_19,proposer_9,484000186.9168435,528937259,13466
92,builder_12,proposer_12,279748266.8529871,306031474,6333
93,builder_18,proposer_8,255844461.78451264,324931074,133685
94,builder_0,proposer_17,348617978.4908387,398091812,22176
95,builder_12,proposer_18,158601524.7354784,172979062,5061
96,builder_2,proposer_6,317802662.83802134,347802449,23051
97,builder_13,proposer_1,406071281.5005978,443426195,28754
98,builder_13,proposer_11,287511734.1745397,332286255,12040
99,builder_0,proposer_12,188925817.37865826,253031374,2323
100,builder_18,proposer_14,358631401.1415896,390812425,11304
101,builder_10,proposer_15,475704785.18154585,540332631,5010481
102,builder_14,proposer_10,383633989.6405019,420696369,6996
103,builder_8,proposer_4,157639292.34680057,219490536,7239
104,builder_14,proposer_18,362478971.423146,396560871,6985
105,builder_9,proposer_1,192686234.2294789,210207169,4218
106,builder_10,proposer_8,228563060.9517927,250049690,18792
107,builder_18,proposer_1,113855498.56902048,124091933,2816
108,builder_14,proposer_13,299608865.08566195,328542401,5008547
109,builder_17,proposer_17,282604843.1395708,308202373,5016214
110,builder_4,proposer_4,234955826.90678594,256127627,223994
111,builder_8,proposer_0,211783014.896376,230856343,3526
112,builder_16,proposer_8,320544688.5557531,395384921,10063
113,builder_12,proposer_15,336402163.396791,367413308,14280
114,builder_19,proposer_11,309304427.94977033,338923381,2716
115,builder_10,proposer_2,272373434.384204,297220972,7085
116,builder_7,proposer_11,255367450.7698326,279912234,9674
117,builder_3,proposer_16,307924101.7976925,336542812,124643
118,builder_11,proposer_8,293225005.4319772,319961255,19208
119,builder_19,proposer_9,484000186.9168435,528937259,13466
120,builder_12,proposer_12,279748266.8529871,306031474,6333
121,builder_18,proposer_8,255844461.78451264,324931074,133685
122,builder_0,proposer_17,348617978.4908387,398091812,22176
123,builder_12,proposer_18,158601524.7354784,172979062,5061
124,builder_2,proposer_6,317802662.83802134,347802449,23051
125,builder_13,proposer_1,406071281.5005978,443426195,28754
126,builder_13,proposer_11,287511734.1745397,332286255,12040
127,builder_0,proposer_12,188925817.37865826,253031374,2323
128,builder_18,proposer_14,358631401.1415896,390812425,11304
129,builder_10,proposer_15,475704785.18154585,540332631,5010481
130,builder_14,proposer_10,383633989.6405019,420696369,6996
131,builder_8,proposer_4,157639292.34680057,219490536,7239
132,builder_14,proposer_18,362478971.423146,396560871,6985
133,builder_9,proposer_1,192686234.2294789,210207169,4218
134,builder_10,proposer_8,228563060.9517927,250049690,18792
135,builder_18,proposer_1,113855498.56902048,124091933,2816
136,builder_14,proposer_13,299608865.08566195,328542401,5008547
137,builder_17,proposer_17,282604843.1395708,308202373,5016214
138,builder_4,proposer_4,234955826.90678594,256127627,223994
139,builder_8,proposer_0,211783014.896376,230856343,3526
140,builder_16,proposer_8,320544688.5557531,395384921,10063
141,builder_12,proposer_15,336402163.396791,367413308,14280
142,builder_19,proposer_11,309304427.94977033,338923381,2716
143,builder_10,proposer_2,272373434.384204,297220972,7085
144,builder_7,proposer_11,255367450.7698326,279912234,9674
145,builder_3,proposer_16,307924101.7976925,336542812,124643
146,builder_11,proposer_8,293225005.4319772,319961255,19208
147,builder_19,proposer_9,484000186.9168435,528937259,13466
148,builder_12,proposer_12,279748266.8529871,306031474,6333
149,builder_18,proposer_8,255844461.78451264,324931074,133685
150,builder_0,proposer_17,348617978.4908387,398091812,22176
151,builder_12,proposer_18,158601524.7354784,172979062,5061
152,builder_2,proposer_6,317802662.83802134,347802449,23051
153,builder_13,proposer_1,406071281.5005978,443426195,28754
154,builder_13,proposer_11,287511734.1745397,332286255,12040
155,builder_0,proposer_12,188925817.37865826,253031374,2323
156,builder_18,proposer_14,358631401.1415896,390812425,11304
157,builder_10,proposer_15,475704785.18154585,540332631,5010481
158,builder_14,proposer_10,383633989.6405019,420696369,6996
159,builder_8,proposer_4,157639292.34680057,219490536,7239
160,builder_14,proposer_18,362478971.423146,396560871,6985
161,builder_9,proposer_1,192686234.2294789,210207169,4218
162,builder_10,proposer_8,228563060.9517927,250049690,18792
163,builder_18,proposer_1,113855498.56902048,124091933,2816
164,builder_14,proposer_13,299608865.08566195,328542401,5008547
165,builder_17,proposer_17,282604843.1395708,308202373,5016214
166,builder_4,proposer_4,234955826.90678594,256127627,223994
167,builder_8,proposer_0,211783014.896376,230856343,3526
168,builder_16,proposer_8,320544688.5557531,395384921,10063
169,builder_12,proposer_15,336402163.396791,367413308,14280
170,builder_19,proposer_11,309304427.94977033,338923381,2716
171,builder_10,proposer_2,272373434.384204,297220972,7085
172,builder_7,proposer_11,255367450.7698326,279912234,9674
173,builder_3,proposer_16,307924101.7976925,336542812,124643
174,builder_11,proposer_8,293225005.4319772,319961255,19208
175,builder_19,proposer_9,484000186.9168435,528937259,13466
176,builder_12,proposer_12,279748266.8529871,306031474,6333
177,builder_18,proposer_8,255844461.78451264,324931074,133685
178,builder_0,proposer_17,348617978.4908387,398091812,22176
179,builder_12,proposer_18,158601524.7354784,172979062,5061
180,builder_2,proposer_6,317802662.83802134,347802449,23051
181,builder_13,proposer_1,406071281.5005978,443426195,28754
182,builder_13,proposer_11,287511734.1745397,332286255,12040
183,builder_0,proposer_12,188925817.37865826,253031374,2323
184,builder_18,proposer_14,358631401.1415896,390812425,11304
185,builder_10,proposer_15,475704785.18154585,540332631,5010481
186,builder_14,proposer_10,383633989.6405019,420696369,6996
187,builder_8,proposer_4,157639292.34680057,219490536,7239
188,builder_14,proposer_18,362478971.423146,396560871,6985
189,builder_9,proposer_1,192686234.2294789,210207169,4218
190,builder_10,proposer_8,228563060.9517927,250049690,18792
191,builder_18,proposer_1,113855498.56902048,124091933,2816
192,builder_14,proposer_13,299608865.08566195,328542401,5008547
193,builder_17,proposer_17,282604843.1395708,308202373,5016214
194,builder_4,proposer_4,234955826.90678594,256127627,223994
195,builder_8,proposer_0,211783014.896376,230856343,3526
196,builder_16,proposer_8,320544688.5557531,395384921,10063
197,builder_12,proposer_15,336402163.396791,367413308,14280
198,builder_19,proposer_11,309304427.94977033,338923381,2716
199,builder_10,proposer_2,272373434.384204,297220972,7085
200,builder_7,proposer_11,255367450.7698326,279912234,9674
201,builder_3,proposer_16,307924101.7976925,336542812,124643
202,builder_11,proposer_8,293225005.4319772,319961255,19208
203,builder_19,proposer_9,484000186.9168435,528937259,13466
204,builder_12,proposer_12,279748266.8529871,306031474,6333
205,builder_18,proposer_8,255844461.78451264,324931074,133685
206,builder_0,proposer_17,348617978.4908387,398091812,22176
207,builder_12,proposer_18,158601524.7354784,172979062,5061
208,builder_2,proposer_6,317802662.83802134,347802449,23051
209,builder_13,proposer_1,406071281.5005978,443426195,28754
210,builder_13,proposer_11,287511734.1745397,332286255,12040
211,builder_0,proposer_12,188925817.37865826,253031374,2323
212,builder_18,proposer_14,358631401.1415896,390812425,11304
213,builder_10,proposer_15,475704785.18154585,540332631,5010481
214,builder_14,proposer_10,383633989.6405019,420696369,6996
215,builder_8,proposer_4,157639292.34680057,219490536,7239
216,builder_14,proposer_18,362478971.423146,396560871,6985
217,builder_9,proposer_1,192686234.2294789,210207169,4218
218,builder_10,proposer_8,228563060.9517927,250049690,18792
219,builder_18,proposer_1,113855498.56902048,124091933,2816
220,builder_14,proposer_13,299608865.08566195,328542401,5008547
221,builder_17,proposer_17,282604843.1395708,308202373,5016214
222,builder_4,proposer_4,234955826.90678594,256127627,223994
223,builder_8,proposer_0,211783014.896376,230856343,3526
224,builder_16,proposer_8,320544688.5557531,395384921,10063
225,builder_12,proposer_15,336402163.396791,367413308,14280
226,builder_19,proposer_11,309304427.94977033,338923381,2716
227,builder_10,proposer_2,272373434.384204,297220972,7085
228,builder_7,proposer_11,255367450.7698326,279912234,9674
229,builder_3,proposer_16,307924101.7976925,336542812,124643
230,builder_11,proposer_8,293225005.4319772,319961255,19208
231,builder_19,proposer_9,484000186.9168435,528937259,13466
232,builder_12,proposer_12,279748266.8529871,306031474,6333
233,builder_18,proposer_8,255844461.78451264,324931074,133685
234,builder_0,proposer_17,348617978.4908387,398091812,22176
235,builder_12,proposer_18,158601524.7354784,172979062,5061
236,builder_2,proposer_6,317802662.83802134,347802449,23051
237,builder_13,proposer_1,406071281.5005978,443426195,28754
238,builder_13,proposer_11,287511734.1745397,332286255,12040
239,builder_0,proposer_12,188925817.37865826,253031374,2323
240,builder_18,proposer_14,358631401.1415896,390812425,11304
241,builder_10,proposer_15,475704785.18154585,540332631,5010481
242,builder_14,proposer_10,383633989.6405019,420696369,6996
243,builder_8,proposer_4,157639292.34680057,219490536,7239
244,builder_14,proposer_18,362478971.423146,396560871,6985
245,builder_9,proposer_1,192686234.2294789,210207169,4218
246,builder_10,proposer_8,228563060.9517927,250049690,18792
247,builder_18,proposer_1,113855498.56902048,124091933,2816
248,builder_14,proposer_13,299608865.08566195,328542401,5008547
249,builder_17,proposer_17,282604843.1395708,308202373,5016214
250,builder_4,proposer_4,234955826.90678594,256127627,223994
251,builder_8,proposer_0,211783014.896376,230856343,3526
252,builder_3,proposer_16,306044200.90419495,343188553,171344
253,builder_9,proposer_17,207003618.13969964,228062646,16178
254,builder_2,proposer_12,524312624.1205256,571579663,23865
255,builder_2,proposer_19,194701860.05860302,212315622,2477
256,builder_13,proposer_13,320191649.4316899,369344747,6271
257,builder_5,proposer_12,379415545.79101384,415577512,87174
258,builder_12,proposer_1,190901875.1469698,227257470,4971
259,builder_2,proposer_1,241549276.79007435,281549569,48324
260,builder_12,proposer_10,617735215.8414525,676207138,9230
261,builder_10,proposer_18,560272788.3631696,612989398,2867
262,builder_0,proposer_10,472323640.0926877,533101203,11774
263,builder_13,proposer_9,229411395.9322878,291450919,5551
264,builder_11,proposer_13,265736696.8395019,290305399,16827
265,builder_3,proposer_0,541801097.6811742,591217192,10457
266,builder_10,proposer_1,488927743.2014422,532989976,259328
267,builder_13,proposer_10,321993125.3016408,352509221,22496
268,builder_16,proposer_15,187373507.77023056,250348364,3485
269,builder_18,proposer_15,172671121.113182,189704585,50659
270,builder_15,proposer_12,483267172.1764972,526465422,47858
271,builder_19,proposer_2,230520979.53517434,255064262,9096
272,builder_13,proposer_6,376190429.3062592,410518114,41051
273,builder_14,proposer_4,369041291.8894918,402346561,4115
274,builder_5,proposer_19,247226827.38397083,284267221,50452
275,builder_16,proposer_13,229951848.19370356,250947862,9449
276,builder_8,proposer_13,332465756.9694747,363032488,15588
277,builder_17,proposer_15,362140147.0638828,396593235,7263
278,builder_7,proposer_6,241907913.4018054,288664694,4251
279,builder_10,proposer_5,238015938.79163188,261063791,133268
280,builder_3,proposer_16,306044200.90419495,343188553,171344
281,builder_9,proposer_17,207003618.13969964,228062646,16178
282,builder_2,proposer_12,524312624.1205256,571579663,23865
283,builder_2,proposer_19,194701860.05860302,212315622,2477
284,builder_13,proposer_13,320191649.4316899,369344747,6271
285,builder_5,proposer_12,379415545.79101384,415577512,87174
286,builder_12,proposer_1,190901875.1469698,227257470,4971
287,builder_2,proposer_1,241549276.79007435,281549569,48324
288,builder_12,proposer_10,617735215.8414525,676207138,9230
289,builder_10,proposer_18,560272788.3631696,612989398,2867
290,builder_0,proposer_10,472323640.0926877,533101203,11774
291,builder_13,proposer_9,229411395.9322878,291450919,5551
292,builder_11,proposer_13,265736696.8395019,290305399,16827
293,builder_3,proposer_0,541801097.6811742,591217192,10457
294,builder_10,proposer_1,488927743.2014422,532989976,259328
295,builder_13,proposer_10,321993125.3016408,352509221,22496
296,builder_16,proposer_15,187373507.77023056,250348364,3485
297,builder_18,proposer_15,172671121.113182,189704585,50659
298,builder_15,proposer_12,483267172.1764972,526465422,47858
299,builder_19,proposer_2,230520979.53517434,255064262,9096
300,builder_13,proposer_6,376190429.3062592,410518114,41051
301,builder_14,proposer_4,369041291.8894918,402346561,4115
302,builder_5,proposer_19,247226827.38397083,284267221,50452
303,builder_16,proposer_13,229951848.19370356,250947862,9449
304,builder_8,proposer_13,332465756.9694747,363032488,15588
305,builder_17,proposer_15,362140147.0638828,396593235,7263
306,builder_7,proposer_6,241907913.4018054,288664694,4251
307,builder_10,proposer_5,238015938.79163188,261063791,133268
308,builder_3,proposer_16,306044200.90419495,343188553,171344
309,builder_9,proposer_17,207003618.13969964,228062646,16178
310,builder_2,proposer_12,524312624.1205256,571579663,23865
311,builder_2,proposer_19,194701860.05860302,212315622,2477
312,builder_13,proposer_13,320191649.4316899,369344747,6271
313,builder_5,proposer_12,379415545.79101384,415577512,87174
314,builder_12,proposer_1,190901875.1469698,227257470,4971
315,builder_2,proposer_1,241549276.79007435,281549569,48324
316,builder_12,proposer_10,617735215.8414525,676207138,9230
317,builder_10,proposer_18,560272788.3631696,612989398,2867
318,builder_0,proposer_10,472323640.0926877,533101203,11774
319,builder_13,proposer_9,229411395.9322878,291450919,5551
320,builder_11,proposer_13,265736696.8395019,290305399,16827
321,builder_3,proposer_0,541801097.6811742,591217192,10457
322,builder_10,proposer_1,488927743.2014422,532989976,259328
323,builder_13,proposer_10,321993125.3016408,352509221,22496
324,builder_16,proposer_15,187373507.77023056,250348364,3485
325,builder_18,proposer_15,172671121.113182,189704585,50659
326,builder_15,proposer_12,483267172.1764972,526465422,47858
327,builder_19,proposer_2,230520979.53517434,255064262,9096
328,builder_13,proposer_6,376190429.3062592,410518114,41051
329,builder_14,proposer_4,369041291.8894918,402346561,4115
330,builder_5,proposer_19,247226827.38397083,284267221,50452
331,builder_16,proposer_13,229951848.19370356,250947862,9449
332,builder_8,proposer_13,332465756.9694747,363032488,15588
333,builder_17,proposer_15,362140147.0638828,396593235,7263
334,builder_7,proposer_6,241907913.4018054,288664694,4251
335,builder_10,proposer_5,238015938.79163188,261063791,133268
336,builder_3,proposer_16,306044200.90419495,343188553,171344
337,builder_9,proposer_17,207003618.13969964,228062646,16178
338,builder_2,proposer_12,524312624.1205256,571579663,23865
339,builder_2,proposer_19,194701860.05860302,212315622,2477
340,builder_13,proposer_13,320191649.4316899,369344747,6271
341,builder_5,proposer_12,379415545.79101384,415577512,87174
342,builder_12,proposer_1,190901875.1469698,227257470,4971
343,builder_2,proposer_1,241549276.79007435,281549569,48324
344,builder_12,proposer_10,617735215.8414525,676207138,9230
345,builder_10,proposer_18,560272788.3631696,612989398,2867
346,builder_0,proposer_10,472323640.0926877,533101203,11774
347,builder_13,proposer_9,229411395.9322878,291450919,5551
348,builder_11,proposer_13,265736696.8395019,290305399,16827
349,builder_3,proposer_0,541801097.6811742,591217192,10457
350,builder_10,proposer_1,488927743.2014422,532989976,259328
351,builder_13,proposer_10,321993125.3016408,352509221,22496
352,builder_16,proposer_15,187373507.77023056,250348364,3485
353,builder_18,proposer_15,172671121.113182,189704585,50659
354,builder_15,proposer_12,483267172.1764972,526465422,47858
355,builder_19,proposer_2,230520979.53517434,255064262,9096
356,builder_13,proposer_6,376190429.3062592,410518114,41051
357,builder_14,proposer_4,369041291.8894918,402346561,4115
358,builder_5,proposer_19,247226827.38397083,284267221,50452
359,builder_16,proposer_13,229951848.19370356,250947862,9449
360,builder_8,proposer_13,332465756.9694747,363032488,15588
361,builder_17,proposer_15,362140147.0638828,396593235,7263
362,builder_7,proposer_6,241907913.4018054,288664694,4251
363,builder_10,proposer_5,238015938.79163188,261063791,133268
364,builder_3,proposer_16,306044200.90419495,343188553,171344
365,builder_9,proposer_17,207003618.13969964,228062646,16178
366,builder_2,proposer_12,524312624.1205256,571579663,23865
367,builder_2,proposer_19,194701860.05860302,212315622,2477
368,builder_13,proposer_13,320191649.4316899,369344747,6271
369,builder_5,proposer_12,379415545.79101384,415577512,87174
370,builder_12,proposer_1,190901875.1469698,227257470,4971
371,builder_2,proposer_1,241549276.79007435,281549569,48324
372,builder_12,proposer_10,617735215.8414525,676207138,9230
373,builder_10,proposer_18,560272788.3631696,612989398,2867
374,builder_0,proposer_10,472323640.0926877,533101203,11774
375,builder_13,proposer_9,229411395.9322878,291450919,5551
376,builder_11,proposer_13,265736696.8395019,290305399,16827
377,builder_3,proposer_0,541801097.6811742,591217192,10457
378,builder_10,proposer_1,488927743.2014422,532989976,259328
379,builder_13,proposer_10,321993125.3016408,352509221,22496
380,builder_16,proposer_15,187373507.77023056,250348364,3485
381,builder_18,proposer_15,172671121.113182,189704585,50659
382,builder_15,proposer_12,483267172.1764972,526465422,47858
383,builder_19,proposer_2,230520979.53517434,255064262,9096
384,builder_13,proposer_6,376190429.3062592,410518114,41051
385,builder_14,proposer_4,369041291.8894918,402346561,4115
386,builder_5,proposer_19,247226827.38397083,284267221,50452
387,builder_16,proposer_13,229951848.19370356,250947862,9449
388,builder_8,proposer_13,332465756.9694747,363032488,15588
389,builder_17,proposer_15,362140147.0638828,396593235,7263
390,builder_7,proposer_6,241907913.4018054,288664694,4251
391,builder_10,proposer_5,238015938.79163188,261063791,133268
392,builder_3,proposer_16,306044200.90419495,343188553,171344
393,builder_9,proposer_17,207003618.13969964,228062646,16178
394,builder_2,proposer_12,524312624.1205256,571579663,23865
395,builder_2,proposer_19,194701860.05860302,212315622,2477
396,builder_13,proposer_13,320191649.4316899,369344747,6271
397,builder_5,proposer_12,379415545.79101384,415577512,87174
398,builder_12,proposer_1,190901875.1469698,227257470,4971
399,builder_2,proposer_1,241549276.79007435,281549569,48324
400,builder_12,proposer_10,617735215.8414525,676207138,9230
401,builder_10,proposer_18,560272788.3631696,612989398,2867
402,builder_0,proposer_10,472323640.0926877,533101203,11774
403,builder_13,proposer_9,229411395.9322878,291450919,5551
404,builder_11,proposer_13,265736696.8395019,290305399,16827
405,builder_3,proposer_0,541801097.6811742,591217192,10457
406,builder_10,proposer_1,488927743.2014422,532989976,259328
407,builder_13,proposer_10,321993125.3016408,352509221,22496
408,builder_16,proposer_15,187373507.77023056,250348364,3485
409,builder_18,proposer_15,172671121.113182,189704585,50659
410,builder_15,proposer_12,483267172.1764972,526465422,47858
411,builder_19,proposer_2,230520979.53517434,255064262,9096
412,builder_13,proposer_6,376190429.3062592,410518114,41051
413,builder_14,proposer_4,369041291.8894918,402346561,4115
414,builder_5,proposer_19,247226827.38397083,284267221,50452
415,builder_16,proposer_13,229951848.19370356,250947862,9449
416,builder_8,proposer_13,332465756.9694747,363032488,15588
417,builder_17,proposer_15,362140147.0638828,396593235,7263
418,builder_7,proposer_6,241907913.4018054,288664694,4251
419,builder_10,proposer_5,238015938.79163188,261063791,133268
420,builder_3,proposer_16,306044200.90419495,343188553,171344
421,builder_9,proposer_17,207003618.13969964,228062646,16178
422,builder_2,proposer_12,524312624.1205256,571579663,23865
423,builder_2,proposer_19,194701860.05860302,212315622,2477
424,builder_13,proposer_13,320191649.4316899,369344747,6271
425,builder_5,proposer_12,379415545.79101384,415577512,87174
426,builder_12,proposer_1,190901875.1469698,227257470,4971
427,builder_2,proposer_1,241549276.79007435,281549569,48324
428,builder_12,proposer_10,617735215.8414525,676207138,9230
429,builder_10,proposer_18,560272788.3631696,612989398,2867
430,builder_0,proposer_10,472323640.0926877,533101203,11774
431,builder_13,proposer_9,229411395.9322878,291450919,5551
432,builder_11,proposer_13,265736696.8395019,290305399,16827
433,builder_3,proposer_0,541801097.6811742,591217192,10457
434,builder_10,proposer_1,488927743.2014422,532989976,259328
435,builder_13,proposer_10,321993125.3016408,352509221,22496
436,builder_16,proposer_15,187373507.77023056,250348364,3485
437,builder_18,proposer_15,172671121.113182,189704585,50659
438,builder_15,proposer_12,483267172.1764972,526465422,47858
439,builder_19,proposer_2,230520979.53517434,255064262,9096
440,builder_13,proposer_6,376190429.3062592,410518114,41051
441,builder_14,proposer_4,369041291.8894918,402346561,4115
442,builder_5,proposer_19,247226827.38397083,284267221,50452
443,builder_16,proposer_13,229951848.19370356,250947862,9449
444,builder_8,proposer_13,332465756.9694747,363032488,15588
445,builder_17,proposer_15,362140147.0638828,396593235,7263
446,builder_7,proposer_6,241907913.4018054,288664694,4251
447,builder_10,proposer_5,238015938.79163188,261063791,133268
448,builder_3,proposer_16,306044200.90419495,343188553,171344
449,builder_9,proposer_17,207003618.13969964,228062646,16178
450,builder_2,proposer_12,524312624.1205256,571579663,23865
451,builder_2,proposer_19,194701860.05860302,212315622,2477
452,builder_13,proposer_13,320191649.4316899,369344747,6271
453,builder_5,proposer_12,379415545.79101384,415577512,87174
454,builder_12,proposer_1,190901875.1469698,227257470,4971
455,builder_2,proposer_1,241549276.79007435,281549569,48324
456,builder_12,proposer_10,617735215.8414525,676207138,9230
457,builder_10,proposer_18,560272788.3631696,612989398,2867
458,builder_0,proposer_10,472323640.0926877,533101203,11774
459,builder_13,proposer_9,229411395.9322878,291450919,5551
460,builder_11,proposer_13,265736696.8395019,290305399,16827
461,builder_3,proposer_0,541801097.6811742,591217192,10457
462,builder_10,proposer_1,488927743.2014422,532989976,259328
463,builder_13,proposer_10,321993125.3016408,352509221,22496
464,builder_16,proposer_15,187373507.77023056,250348364,3485
465,builder_18,proposer_15,172671121.113182,189704585,50659
466,builder_15,proposer_12,483267172.1764972,526465422,47858
467,builder_19,proposer_2,230520979.53517434,255064262,9096
468,builder_13,proposer_6,376190429.3062592,410518114,41051
469,builder_14,proposer_4,369041291.8894918,402346561,4115
470,builder_5,proposer_19,247226827.38397083,284267221,50452
471,builder_16,proposer_13,229951848.19370356,250947862,9449
472,builder_8,proposer_13,332465756.9694747,363032488,15588
473,builder_17,proposer_15,362140147.0638828,396593235,7263
474,builder_7,proposer_6,241907913.4018054,288664694,4251
475,builder_10,proposer_5,238015938.79163188,261063791,133268
476,builder_3,proposer_16,306044200.90419495,343188553,171344
477,builder_9,proposer_17,207003618.13969964,228062646,16178
478,builder_2,proposer_12,524312624.1205256,571579663,23865
479,builder_2,proposer_19,194701860.05860302,212315622,2477
480,builder_13,proposer_13,320191649.4316899,369344747,6271
481,builder_5,proposer_12,379415545.79101384,415577512,87174
482,builder_12,proposer_1,190901875.1469698,227257470,4971
483,builder_2,proposer_1,241549276.79007435,281549569,48324
484,builder_12,proposer_10,617735215.8414525,676207138,9230
485,builder_10,proposer_18,560272788.3631696,612989398,2867
486,builder_0,proposer_10,472323640.0926877,533101203,11774
487,builder_13,proposer_9,229411395.9322878,291450919,5551
488,builder_11,proposer_13,265736696.8395019,290305399,16827
489,builder_3,proposer_0,541801097.6811742,591217192,10457
490,builder_10,proposer_1,488927743.2014422,532989976,259328
491,builder_13,proposer_10,321993125.3016408,352509221,22496
492,builder_16,proposer_15,187373507.77023056,250348364,3485
493,builder_18,proposer_15,172671121.113182,189704585,50659
494,builder_15,proposer_12,483267172.1764972,526465422,47858
495,builder_19,proposer_2,230520979.53517434,255064262,9096
496,builder_13,proposer_6,376190429.3062592,410518114,41051
497,builder_14,proposer_4,369041291.8894918,402346561,4115
498,builder_5,proposer_19,247226827.38397083,284267221,50452
499,builder_16,proposer_13,229951848.19370356,250947862,9449
500,builder_8,proposer_13,332465756.9694747,363032488,15588
501,builder_17,proposer_15,362140147.0638828,396593235,7263
502,builder_7,proposer_6,241907913.4018054,288664694,4251
503,builder_10,proposer_5,238015938.79163188,261063791,133268
504,builder_2,proposer_9,404987945.89866716,447910411,56419
505,builder_2,proposer_9,265035919.68181744,290152075,8002
506,builder_19,proposer_13,610924372.8053083,667969225,65758
507,builder_18,proposer_15,333326783.952063,365593493,6791
508,builder_17,proposer_12,235931435.42635033,257535674,61789
509,builder_9,proposer_12,427155627.3694955,467577655,17385
510,builder_5,proposer_15,366791620.77184665,403103246,21555
511,builder_4,proposer_6,154550937.9668196,168690486,5262
512,builder_15,proposer_11,402564030.8276618,444294491,133261
513,builder_8,proposer_16,513174326.6577433,569358089,15985
514,builder_6,proposer_9,238984413.3777415,260448629,3705
515,builder_6,proposer_17,405212989.84770566,442118872,58845
516,builder_7,proposer_15,306948899.5812586,457418136,350058
517,builder_3,proposer_2,236508675.85960767,258150464,3525
518,builder_19,proposer_19,483891866.30116165,527954557,11784
519,builder_15,proposer_18,258356146.24401224,282313904,1162
520,builder_17,proposer_9,258233898.26013303,281426433,23180
521,builder_16,proposer_6,171209867.7624167,187112056,7107
522,builder_17,proposer_19,246597049.69413605,269435302,7484
523,builder_4,proposer_2,228169456.43945044,248879802,6839
524,builder_16,proposer_8,366795949.1825707,474311716,8065
525,builder_16,proposer_12,209096231.79557455,228322779,3794
526,builder_5,proposer_4,261093593.67260277,287546760,140660
527,builder_14,proposer_7,221414723.52039707,248901941,2567
528,builder_3,proposer_0,262558256.28945002,286896085,14425
529,builder_12,proposer_15,257222917.66536805,289512092,19771
530,builder_4,proposer_0,282456005.6520195,308077651,16457
531,builder_13,proposer_19,547545393.5098385,618584105,9724
532,builder_2,proposer_9,404987945.89866716,447910411,56419
533,builder_2,proposer_9,265035919.68181744,290152075,8002
534,builder_19,proposer_13,610924372.8053083,667969225,65758
535,builder_18,proposer_15,333326783.952063,365593493,6791
536,builder_17,proposer_12,235931435.42635033,257535674,61789
537,builder_9,proposer_12,427155627.3694955,467577655,17385
538,builder_5,proposer_15,366791620.77184665,403103246,21555
539,builder_4,proposer_6,154550937.9668196,168690486,5262
540,builder_15,proposer_11,402564030.8276618,444294491,133261
541,builder_8,proposer_16,513174326.6577433,569358089,15985
542,builder_6,proposer_9,238984413.3777415,260448629,3705
543,builder_6,proposer_17,405212989.84770566,442118872,58845
544,builder_7,proposer_15,306948899.5812586,457418136,350058
545,builder_3,proposer_2,236508675.85960767,258150464,3525
546,builder_19,proposer_19,483891866.30116165,527954557,11784
547,builder_15,proposer_18,258356146.24401224,282313904,1162
548,builder_17,proposer_9,258233898.26013303,281426433,23180
549,builder_16,proposer_6,171209867.7624167,187112056,7107
550,builder_17,proposer_19,246597049.69413605,269435302,7484
551,builder_4,proposer_2,228169456.43945044,248879802,6839
552,builder_16,proposer_8,366795949.1825707,474311716,8065
553,builder_16,proposer_12,209096231.79557455,228322779,3794
554,builder_5,proposer_4,261093593.67260277,287546760,140660
555,builder_14,proposer_7,221414723.52039707,248901941,2567
556,builder_3,proposer_0,262558256.28945002,286896085,14425
557,builder_12,proposer_15,257222917.66536805,289512092,19771
558,builder_4,proposer_0,282456005.6520195,308077651,16457
559,builder_13,proposer_19,547545393.5098385,618584105,9724
560,builder_2,proposer_9,404987945.89866716,447910411,56419
561,builder_2,proposer_9,265035919.68181744,290152075,8002
562,builder_19,proposer_13,610924372.8053083,667969225,65758
563,builder_18,proposer_15,333326783.952063,365593493,6791
564,builder_17,proposer_12,235931435.42635033,257535674,61789
565,builder_9,proposer_12,427155627.3694955,467577655,17385
566,builder_5,proposer_15,366791620.77184665,403103246,21555
567,builder_4,proposer_6,154550937.9668196,168690486,5262
568,builder_15,proposer_11,402564030.8276618,444294491,133261
569,builder_8,proposer_16,513174326.6577433,569358089,15985
570,builder_6,proposer_9,238984413.3777415,260448629,3705
571,builder_6,proposer_17,405212989.84770566,442118872,58845
572,builder_7,proposer_15,306948899.5812586,457418136,350058
573,builder_3,proposer_2,236508675.85960767,258150464,3525
574,builder_19,proposer_19,483891866.30116165,527954557,11784
575,builder_15,proposer_18,258356146.24401224,282313904,1162
576,builder_17,proposer_9,258233898.26013303,281426433,23180
577,builder_16,proposer_6,171209867.7624167,187112056,7107
578,builder_17,proposer_19,246597049.69413605,269435302,7484
579,builder_4,proposer_2,228169456.43945044,248879802,6839
580,builder_16,proposer_8,366795949.1825707,474311716,8065
581,builder_16,proposer_12,209096231.79557455,228322779,3794
582,builder_5,proposer_4,261093593.67260277,287546760,140660
583,builder_14,proposer_7,221414723.52039707,248901941,2567
584,builder_3,proposer_0,262558256.28945002,286896085,14425
585,builder_12,proposer_15,257222917.66536805,289512092,19771
586,builder_4,proposer_0,282456005.6520195,308077651,16457
587,builder_13,proposer_19,547545393.5098385,618584105,9724
588,builder_2,proposer_9,404987945.89866716,447910411,56419
589,builder_2,proposer_9,265035919.68181744,290152075,8002
590,builder_19,proposer_13,610924372.8053083,667969225,65758
591,builder_18,proposer_15,333326783.952063,365593493,6791
592,builder_17,proposer_12,235931435.42635033,257535674,61789
593,builder_9,proposer_12,427155627.3694955,467577655,17385
594,builder_5,proposer_15,366791620.77184665,403103246,21555
595,builder_4,proposer_6,154550937.9668196,168690486,5262
596,builder_15,proposer_11,402564030.8276618,444294491,133261
597,builder_8,proposer_16,513174326.6577433,569358089,15985
598,builder_6,proposer_9,238984413.3777415,260448629,3705
599,builder_6,proposer_17,405212989.84770566,442118872,58845
600,builder_7,proposer_15,306948899.5812586,457418136,350058
601,builder_3,proposer_2,236508675.85960767,258150464,3525
602,builder_19,proposer_19,483891866.30116165,527954557,11784
603,builder_15,proposer_18,258356146.24401224,282313904,1162
604,builder_17,proposer_9,258233898.26013303,281426433,23180
605,builder_16,proposer_6,171209867.7624167,187112056,7107
606,builder_17,proposer_19,246597049.69413605,269435302,7484
607,builder_4,proposer_2,228169456.43945044,248879802,6839
608,builder_16,proposer_8,366795949.1825707,474311716,8065
609,builder_16,proposer_12,209096231.79557455,228322779,3794
610,builder_5,proposer_4,261093593.67260277,287546760,140660
611,builder_14,proposer_7,221414723.52039707,248901941,2567
612,builder_3,proposer_0,262558256.28945002,286896085,14425
613,builder_12,proposer_15,257222917.66536805,289512092,19771
614,builder_4,proposer_0,282456005.6520195,308077651,16457
615,builder_13,proposer_19,547545393.5098385,618584105,9724
616,builder_2,proposer_9,404987945.89866716,447910411,56419
617,builder_2,proposer_9,265035919.68181744,290152075,8002
618,builder_19,proposer_13,610924372.8053083,667969225,65758
619,builder_18,proposer_15,333326783.952063,365593493,6791
620,builder_17,proposer_12,235931435.42635033,257535674,61789
621,builder_9,proposer_12,427155627.3694955,467577655,17385
622,builder_5,proposer_15,366791620.77184665,403103246,21555
623,builder_4,proposer_6,154550937.9668196,168690486,5262
624,builder_15,proposer_11,402564030.8276618,444294491,133261
625,builder_8,proposer_16,513174326.6577433,569358089,15985
626,builder_6,proposer_9,238984413.3777415,260448629,3705
627,builder_6,proposer_17,405212989.84770566,442118872,58845
628,builder_7,proposer_15,306948899.5812586,457418136,350058
629,builder_3,proposer_2,236508675.85960767,258150464,3525
630,builder_19,proposer_19,483891866.30116165,527954557,11784
631,builder_15,proposer_18,258356146.24401224,282313904,1162
632,builder_17,proposer_9,258233898.26013303,281426433,23180
633,builder_16,proposer_6,171209867.7624167,187112056,7107
634,builder_17,proposer_19,246597049.69413605,269435302,7484
635,builder_4,proposer_2,228169456.43945044,248879802,6839
636,builder_16,proposer_8,366795949.1825707,474311716,8065
637,builder_16,proposer_12,209096231.79557455,228322779,3794
638,builder_5,proposer_4,261093593.67260277,287546760,140660
639,builder_14,proposer_7,221414723.52039707,248901941,2567
640,builder_3,proposer_0,262558256.28945002,286896085,14425
641,builder_12,proposer_15,257222917.66536805,289512092,19771
642,builder_4,proposer_0,282456005.6520195,308077651,16457
643,builder_13,proposer_19,547545393.5098385,618584105,9724
644,builder_2,proposer_9,404987945.89866716,447910411,56419
645,builder_2,proposer_9,265035919.68181744,290152075,8002
646,builder_19,proposer_13,610924372.8053083,667969225,65758
647,builder_18,proposer_15,333326783.952063,365593493,6791
648,builder_17,proposer_12,235931435.42635033,257535674,61789
649,builder_9,proposer_12,427155627.3694955,467577655,17385
650,builder_5,proposer_15,366791620.77184665,403103246,21555
651,builder_4,proposer_6,154550937.9668196,168690486,5262
652,builder_15,proposer_11,402564030.8276618,444294491,133261
653,builder_8,proposer_16,513174326.6577433,569358089,15985
654,builder_6,proposer_9,238984413.3777415,260448629,3705
655,builder_6,proposer_17,405212989.84770566,442118872,58845
656,builder_7,proposer_15,306948899.5812586,457418136,350058
657,builder_3,proposer_2,236508675.85960767,258150464,3525
658,builder_19,proposer_19,483891866.30116165,527954557,11784
659,builder_15,proposer_18,258356146.24401224,282313904,1162
660,builder_17,proposer_9,258233898.26013303,281426433,23180
661,builder_16,proposer_6,171209867.7624167,187112056,7107
662,builder_17,proposer_19,246597049.69413605,269435302,7484
663,builder_4,proposer_2,228169456.43945044,248879802,6839
664,builder_16,proposer_8,366795949.1825707,474311716,8065
665,builder_16,proposer_12,209096231.79557455,228322779,3794
666,builder_5,proposer_4,261093593.67260277,287546760,140660
667,builder_14,proposer_7,221414723.52039707,248901941,2567
668,builder_3,proposer_0,262558256.28945002,286896085,14425
669,builder_12,proposer_15,257222917.66536805,289512092,19771
670,builder_4,proposer_0,282456005.6520195,308077651,16457
671,builder_13,proposer_19,547545393.5098385,618584105,9724
672,builder_2,proposer_9,404987945.89866716,447910411,56419
673,builder_2,proposer_9,265035919.68181744,290152075,8002
674,builder_19,proposer_13,610924372.8053083,667969225,65758
675,builder_18,proposer_15,333326783.952063,365593493,6791
676,builder_17,proposer_12,235931435.42635033,257535674,61789
677,builder_9,proposer_12,427155627.3694955,467577655,17385
678,builder_5,proposer_15,366791620.77184665,403103246,21555
679,builder_4,proposer_6,154550937.9668196,168690486,5262
680,builder_15,proposer_11,402564030.8276618,444294491,133261
681,builder_8,proposer_16,513174326.6577433,569358089,15985
682,builder_6,proposer_9,238984413.3777415,260448629,3705
683,builder_6,proposer_17,405212989.84770566,442118872,58845
684,builder_7,proposer_15,306948899.5812586,457418136,350058
685,builder_3,proposer_2,236508675.85960767,258150464,3525
686,builder_19,proposer_19,483891866.30116165,527954557,11784
687,builder_15,proposer_18,258356146.24401224,282313904,1162
688,builder_17,proposer_9,258233898.26013303,281426433,23180
689,builder_16,proposer_6,171209867.7624167,187112056,7107
690,builder_17,proposer_19,246597049.69413605,269435302,7484
691,builder_4,proposer_2,228169456.43945044,248879802,6839
692,builder_16,proposer_8,366795949.1825707,474311716,8065
693,builder_16,proposer_12,209096231.79557455,228322779,3794
694,builder_5,proposer_4,261093593.67260277,287546760,140660
695,builder_14,proposer_7,221414723.52039707,248901941,2567
696,builder_3,proposer_0,262558256.28945002,286896085,14425
697,builder_12,proposer_15,257222917.66536805,289512092,19771
698,builder_4,proposer_0,282456005.6520195,308077651,16457
699,builder_13,proposer_19,547545393.5098385,618584105,9724
700,builder_2,proposer_9,404987945.89866716,447910411,56419
701,builder_2,proposer_9,265035919.68181744,290152075,8002
702,builder_19,proposer_13,610924372.8053083,667969225,65758
703,builder_18,proposer_15,333326783.952063,365593493,6791
704,builder_17,proposer_12,235931435.42635033,257535674,61789
705,builder_9,proposer_12,427155627.3694955,467577655,17385
706,builder_5,proposer_15,366791620.77184665,403103246,21555
707,builder_4,proposer_6,154550937.9668196,168690486,5262
708,builder_15,proposer_11,402564030.8276618,444294491,133261
709,builder_8,proposer_16,513174326.6577433,569358089,15985
710,builder_6,proposer_9,238984413.3777415,260448629,3705
711,builder_6,proposer_17,405212989.84770566,442118872,58845
712,builder_7,proposer_15,306948899.5812586,457418136,350058
713,builder_3,proposer_2,236508675.85960767,258150464,3525
714,builder_19,proposer_19,483891866.30116165,527954557,11784
715,builder_15,proposer_18,258356146.24401224,282313904,1162
716,builder_17,proposer_9,258233898.26013303,281426433,23180
717,builder_16,proposer_6,171209867.7624167,187112056,7107
718,builder_17,proposer_19,246597049.69413605,269435302,7484
719,builder_4,proposer_2,228169456.43945044,248879802,6839
720,builder_16,proposer_8,366795949.1825707,474311716,8065
721,builder_16,proposer_12,209096231.79557455,228322779,3794
722,builder_5,proposer_4,261093593.67260277,287546760,140660
723,builder_14,proposer_7,221414723.52039707,248901941,2567
724,builder_3,proposer_0,262558256.28945002,286896085,14425
725,builder_12,proposer_15,257222917.66536805,289512092,19771
726,builder_4,proposer_0,282456005.6520195,308077651,16457
727,builder_13,proposer_19,547545393.5098385,618584105,9724
728,builder_2,proposer_9,404987945.89866716,447910411,56419
729,builder_2,proposer_9,265035919.68181744,290152075,8002
730,builder_19,proposer_13,610924372.8053083,667969225,65758
731,builder_18,proposer_15,333326783.952063,365593493,6791
732,builder_17,proposer_12,235931435.42635033,257535674,61789
733,builder_9,proposer_12,427155627.3694955,467577655,17385
734,builder_5,proposer_15,366791620.77184665,403103246,21555
735,builder_4,proposer_6,154550937.9668196,168690486,5262
736,builder_15,proposer_11,402564030.8276618,444294491,133261
737,builder_8,proposer_16,513174326.6577433,569358089,15985
738,builder_6,proposer_9,238984413.3777415,260448629,3705
739,builder_6,proposer_17,405212989.84770566,442118872,58845
740,builder_7,proposer_15,306948899.5812586,457418136,350058
741,builder_3,proposer_2,236508675.85960767,258150464,3525
742,builder_19,proposer_19,483891866.30116165,527954557,11784
743,builder_15,proposer_18,258356146.24401224,282313904,1162
744,builder_17,proposer_9,258233898.26013303,281426433,23180
745,builder_16,proposer_6,171209867.7624167,187112056,7107
746,builder_17,proposer_19,246597049.69413605,269435302,7484
747,builder_4,proposer_2,228169456.43945044,248879802,6839
748,builder_16,proposer_8,366795949.1825707,474311716,8065
749,builder_16,proposer_12,209096231.79557455,228322779,3794
750,builder_5,proposer_4,261093593.67260277,287546760,140660
751,builder_14,proposer_7,221414723.52039707,248901941,2567
752,builder_3,proposer_0,262558256.28945002,286896085,14425
753,builder_12,proposer_15,257222917.66536805,289512092,19771
754,builder_4,proposer_0,282456005.6520195,308077651,16457
755,builder_13,proposer_19,547545393.5098385,618584105,9724
756,builder_2,proposer_17,681028778.7928432,806508572,30060
757,builder_17,proposer_7,265680696.81167102,294381435,5112269
758,builder_16,proposer_3,366548746.7165775,399593542,87435
759,builder_19,proposer_5,150478854.22486812,180396098,6846
760,builder_16,proposer_8,222339966.64842248,243502862,121843
761,builder_9,proposer_4,306881527.44837266,337194998,9775
762,builder_4,proposer_13,210469862.721475,230925333,10457
763,builder_18,proposer_10,309103371.05489737,339828006,5505374
764,builder_17,proposer_10,185745027.03171355,246086417,11200
765,builder_13,proposer_15,315028387.9000852,357055350,3884
766,builder_18,proposer_13,312988241.4927194,341313091,21706
767,builder_13,proposer_7,221854794.80467945,242343573,8454
768,builder_15,proposer_19,633876314.6027122,695425205,4578
769,builder_12,proposer_8,380908776.9918504,415330724,5305
770,builder_3,proposer_11,160779687.07393903,201568513,44095
771,builder_11,proposer_17,185582800.66688535,203291004,4587
772,builder_11,proposer_14,273658827.5641603,299364242,9514
773,builder_16,proposer_9,370333068.81757146,403419457,43143
774,builder_6,proposer_7,505380456.0395706,551517194,14495
775,builder_14,proposer_5,229294608.91746348,249845637,3712
776,builder_1,proposer_1,283755896.5244222,334069858,7394
777,builder_1,proposer_0,288498061.2250753,314793255,11054
778,builder_18,proposer_18,287940896.7617527,316317278,5031991
779,builder_0,proposer_8,202460872.981784,221424941,4112
780,builder_17,proposer_1,292677552.4268563,321377591,16881
781,builder_5,proposer_17,323303020.5974301,352692502,147206
782,builder_8,proposer_15,298232540.1478662,325999089,6709
783,builder_19,proposer_18,780293610.6750994,861124113,11643
784,builder_2,proposer_17,681028778.7928432,806508572,30060
785,builder_17,proposer_7,265680696.81167102,294381435,5112269
786,builder_16,proposer_3,366548746.7165775,399593542,87435
787,builder_19,proposer_5,150478854.22486812,180396098,6846
788,builder_16,proposer_8,222339966.64842248,243502862,121843
789,builder_9,proposer_4,306881527.44837266,337194998,9775
790,builder_4,proposer_13,210469862.721475,230925333,10457
791,builder_18,proposer_10,309103371.05489737,339828006,5505374
792,builder_17,proposer_10,185745027.03171355,246086417,11200
793,builder_13,proposer_15,315028387.9000852,357055350,3884
794,builder_18,proposer_13,312988241.4927194,341313091,21706
795,builder_13,proposer_7,221854794.80467945,242343573,8454
796,builder_15,proposer_19,633876314.6027122,695425205,4578
797,builder_12,proposer_8,380908776.9918504,415330724,5305
798,builder_3,proposer_11,160779687.07393903,201568513,44095
799,builder_11,proposer_17,185582800.66688535,203291004,4587
800,builder_11,proposer_14,273658827.5641603,299364242,9514
801,builder_16,proposer_9,370333068.81757146,403419457,43143
802,builder_6,proposer_7,505380456.0395706,551517194,14495
803,builder_14,proposer_5,229294608.91746348,249845637,3712
804,builder_1,proposer_1,283755896.5244222,334069858,7394
805,builder_1,proposer_0,288498061.2250753,314793255,11054
806,builder_18,proposer_18,287940896.7617527,316317278,5031991
807,builder_0,proposer_8,202460872.981784,221424941,4112
808,builder_17,proposer_1,292677552.4268563,321377591,16881
809,builder_5,proposer_17,323303020.5974301,352692502,147206
810,builder_8,proposer_15,298232540.1478662,325999089,6709
811,builder_19,proposer_18,780293610.6750994,861124113,11643
812,builder_2,proposer_17,681028778.7928432,806508572,30060
813,builder_17,proposer_7,265680696.81167102,294381435,5112269
814,builder_16,proposer_3,366548746.7165775,399593542,87435
815,builder_19,proposer_5,150478854.22486812,180396098,6846
816,builder_16,proposer_8,222339966.64842248,243502862,121843
817,builder_9,proposer_4,306881527.44837266,337194998,9775
818,builder_4,proposer_13,210469862.721475,230925333,10457
819,builder_18,proposer_10,309103371.05489737,339828006,5505374
820,builder_17,proposer_10,185745027.03171355,246086417,11200
821,builder_13,proposer_15,315028387.9000852,357055350,3884
822,builder_18,proposer_13,312988241.4927194,341313091,21706
823,builder_13,proposer_7,221854794.80467945,242343573,8454
824,builder_15,proposer_19,633876314.6027122,695425205,4578
825,builder_12,proposer_8,380908776.9918504,415330724,5305
826,builder_3,proposer_11,160779687.07393903,201568513,44095
827,builder_11,proposer_17,185582800.66688535,203291004,4587
828,builder_11,proposer_14,273658827.5641603,299364242,9514
829,builder_16,proposer_9,370333068.81757146,403419457,43143
830,builder_6,proposer_7,505380456.0395706,551517194,14495
831,builder_14,proposer_5,229294608.91746348,249845637,3712
832,builder_1,proposer_1,283755896.5244222,334069858,7394
833,builder_1,proposer_0,288498061.2250753,314793255,11054
834,builder_18,proposer_18,287940896.7617527,316317278,5031991
835,builder_0,proposer_8,202460872.981784,221424941,4112
836,builder_17,proposer_1,292677552.4268563,321377591,16881
837,builder_5,proposer_17,323303020.5974301,352692502,147206
838,builder_8,proposer_15,298232540.1478662,325999089,6709
839,builder_19,proposer_18,780293610.6750994,861124113,11643
840,builder_2,proposer_17,681028778.7928432,806508572,30060
841,builder_17,proposer_7,265680696.81167102,294381435,5112269
842,builder_16,proposer_3,366548746.7165775,399593542,87435
843,builder_19,proposer_5,150478854.22486812,180396098,6846
844,builder_16,proposer_8,222339966.64842248,243502862,121843
845,builder_9,proposer_4,306881527.44837266,337194998,9775
846,builder_4,proposer_13,210469862.721475,230925333,10457
847,builder_18,proposer_10,309103371.05489737,339828006,5505374
848,builder_17,proposer_10,185745027.03171355,246086417,11200
849,builder_13,proposer_15,315028387.9000852,357055350,3884
850,builder_18,proposer_13,312988241.4927194,341313091,21706
851,builder_13,proposer_7,221854794.80467945,242343573,8454
852,builder_15,proposer_19,633876314.6027122,695425205,4578
853,builder_12,proposer_8,380908776.9918504,415330724,5305
854,builder_3,proposer_11,160779687.07393903,201568513,44095
855,builder_11,proposer_17,185582800.66688535,203291004,4587
856,builder_11,proposer_14,273658827.5641603,299364242,9514
857,builder_16,proposer_9,370333068.81757146,403419457,43143
858,builder_6,proposer_7,505380456.0395706,551517194,14495
859,builder_14,proposer_5,229294608.91746348,249845637,3712
860,builder_1,proposer_1,283755896.5244222,334069858,7394
861,builder_1,proposer_0,288498061.2250753,314793255,11054
862,builder_18,proposer_18,287940896.7617527,316317278,5031991
863,builder_0,proposer_8,202460872.981784,221424941,4112
864,builder_17,proposer_1,292677552.4268563,321377591,16881
865,builder_5,proposer_17,323303020.5974301,352692502,147206
866,builder_8,proposer_15,298232540.1478662,325999089,6709
867,builder_19,proposer_18,780293610.6750994,861124113,11643
868,builder_2,proposer_17,681028778.7928432,806508572,30060
869,builder_17,proposer_7,265680696.81167102,294381435,5112269
870,builder_16,proposer_3,366548746.7165775,399593542,87435
871,builder_19,proposer_5,150478854.22486812,180396098,6846
872,builder_16,proposer_8,222339966.64842248,243502862,121843
873,builder_9,proposer_4,306881527.44837266,337194998,9775
874,builder_4,proposer_13,210469862.721475,230925333,10457
875,builder_18,proposer_10,309103371.05489737,339828006,5505374
876,builder_17,proposer_10,185745027.03171355,246086417,11200
877,builder_13,proposer_15,315028387.9000852,357055350,3884
878,builder_18,proposer_13,312988241.4927194,341313091,21706
879,builder_13,proposer_7,221854794.80467945,242343573,8454
880,builder_15,proposer_19,633876314.6027122,695425205,4578
881,builder_12,proposer_8,380908776.9918504,415330724,5305
882,builder_3,proposer_11,160779687.07393903,201568513,44095
883,builder_11,proposer_17,185582800.66688535,203291004,4587
884,builder_11,proposer_14,273658827.5641603,299364242,9514
885,builder_16,proposer_9,370333068.81757146,403419457,43143
886,builder_6,proposer_7,505380456.0395706,551517194,14495
887,builder_14,proposer_5,229294608.91746348,249845637,3712
888,builder_1,proposer_1,283755896.5244222,334069858,7394
889,builder_1,proposer_0,288498061.2250753,314793255,11054
890,builder_18,proposer_18,287940896.7617527,316317278,5031991
891,builder_0,proposer_8,202460872.981784,221424941,4112
892,builder_17,proposer_1,292677552.4268563,321377591,16881
893,builder_5,proposer_17,323303020.5974301,352692502,147206
894,builder_8,proposer_15,298232540.1478662,325999089,6709
895,builder_19,proposer_18,780293610.6750994,861124113,11643
896,builder_2,proposer_17,681028778.7928432,806508572,30060
897,builder_17,proposer_7,265680696.81167102,294381435,5112269
898,builder_16,proposer_3,366548746.7165775,399593542,87435
899,builder_19,proposer_5,150478854.22486812,180396098,6846
900,builder_16,proposer_8,222339966.64842248,243502862,121843
901,builder_9,proposer_4,306881527.44837266,337194998,9775
902,builder_4,proposer_13,210469862.721475,230925333,10457
903,builder_18,proposer_10,309103371.05489737,339828006,5505374
904,builder_17,proposer_10,185745027.03171355,246086417,11200
905,builder_13,proposer_15,315028387.9000852,357055350,3884
906,builder_18,proposer_13,312988241.4927194,341313091,21706
907,builder_13,proposer_7,221854794.80467945,242343573,8454
908,builder_15,proposer_19,633876314.6027122,695425205,4578
909,builder_12,proposer_8,380908776.9918504,415330724,5305
910,builder_3,proposer_11,160779687.07393903,201568513,44095
911,builder_11,proposer_17,185582800.66688535,203291004,4587
912,builder_11,proposer_14,273658827.5641603,299364242,9514
913,builder_16,proposer_9,370333068.81757146,403419457,43143
914,builder_6,proposer_7,505380456.0395706,551517194,14495
915,builder_14,proposer_5,229294608.91746348,249845637,3712
916,builder_1,proposer_1,283755896.5244222,334069858,7394
917,builder_1,proposer_0,288498061.2250753,314793255,11054
918,builder_18,proposer_18,287940896.7617527,316317278,5031991
919,builder_0,proposer_8,202460872.981784,221424941,4112
920,builder_17,proposer_1,292677552.4268563,321377591,16881
921,builder_5,proposer_17,323303020.5974301,352692502,147206
922,builder_8,proposer_15,298232540.1478662,325999089,6709
923,builder_19,proposer_18,780293610.6750994,861124113,11643
924,builder_2,proposer_17,681028778.7928432,806508572,30060
925,builder_17,proposer_7,265680696.81167102,294381435,5112269
926,builder_16,proposer_3,366548746.7165775,399593542,87435
927,builder_19,proposer_5,150478854.22486812,180396098,6846
928,builder_16,proposer_8,222339966.64842248,243502862,121843
929,builder_9,proposer_4,306881527.44837266,337194998,9775
930,builder_4,proposer_13,210469862.721475,230925333,10457
931,builder_18,proposer_10,309103371.05489737,339828006,5505374
932,builder_17,proposer_10,185745027.03171355,246086417,11200
933,builder_13,proposer_15,315028387.9000852,357055350,3884
934,builder_18,proposer_13,312988241.4927194,341313091,21706
935,builder_13,proposer_7,221854794.80467945,242343573,8454
936,builder_15,proposer_19,633876314.6027122,695425205,4578
937,builder_12,proposer_8,380908776.9918504,415330724,5305
938,builder_3,proposer_11,160779687.07393903,201568513,44095
939,builder_11,proposer_17,185582800.66688535,203291004,4587
940,builder_11,proposer_14,273658827.5641603,299364242,9514
941,builder_16,proposer_9,370333068.81757146,403419457,43143
942,builder_6,proposer_7,505380456.0395706,551517194,14495
943,builder_14,proposer_5,229294608.91746348,249845637,3712
944,builder_1,proposer_1,283755896.5244222,334069858,7394
945,builder_1,proposer_0,288498061.2250753,314793255,11054
946,builder_18,proposer_18,287940896.7617527,316317278,5031991
947,builder_0,proposer_8,202460872.981784,221424941,4112
948,builder_17,proposer_1,292677552.4268563,321377591,16881
949,builder_5,proposer_17,323303020.5974301,352692502,147206
950,builder_8,proposer_15,298232540.1478662,325999089,6709
951,builder_19,proposer_18,780293610.6750994,861124113,11643
952,builder_2,proposer_17,681028778.7928432,806508572,30060
953,builder_17,proposer_7,265680696.81167102,294381435,5112269
954,builder_16,proposer_3,366548746.7165775,399593542,87435
955,builder_19,proposer_5,150478854.22486812,180396098,6846
956,builder_16,proposer_8,222339966.64842248,243502862,121843
957,builder_9,proposer_4,306881527.44837266,337194998,9775
958,builder_4,proposer_13,210469862.721475,230925333,10457
959,builder_18,proposer_10,309103371.05489737,339828006,5505374
960,builder_17,proposer_10,185745027.03171355,246086417,11200
961,builder_13,proposer_15,315028387.9000852,357055350,3884
962,builder_18,proposer_13,312988241.4927194,341313091,21706
963,builder_13,proposer_7,221854794.80467945,242343573,8454
964,builder_15,proposer_19,633876314.6027122,695425205,4578
965,builder_12,proposer_8,380908776.9918504,415330724,5305
966,builder_3,proposer_11,160779687.07393903,201568513,44095
967,builder_11,proposer_17,185582800.66688535,203291004,4587
968,builder_11,proposer_14,273658827.5641603,299364242,9514
969,builder_16,proposer_9,370333068.81757146,403419457,43143
970,builder_6,proposer_7,505380456.0395706,551517194,14495
971,builder_14,proposer_5,229294608.91746348,249845637,3712
972,builder_1,proposer_1,283755896.5244222,334069858,7394
973,builder_1,proposer_0,288498061.2250753,314793255,11054
974,builder_18,proposer_18,287940896.7617527,316317278,5031991
975,builder_0,proposer_8,202460872.981784,221424941,4112
976,builder_17,proposer_1,292677552.4268563,321377591,16881
977,builder_5,proposer_17,323303020.5974301,352692502,147206
978,builder_8,proposer_15,298232540.1478662,325999089,6709
979,builder_19,proposer_18,780293610.6750994,861124113,11643
980,builder_6,proposer_6,268558407.5372653,294469329,153050
981,builder_5,proposer_6,261494061.1080099,285108086,4267
982,builder_19,proposer_5,334699747.7529392,385270479,11015
983,builder_10,proposer_19,232316599.5490369,254369608,5391
984,builder_17,proposer_18,246156514.50140053,271744356,128817
985,builder_3,proposer_19,225603709.42731968,289511325,335705
986,builder_6,proposer_6,396826820.5761094,435958629,3665
987,builder_11,proposer_15,274875801.1160337,300692082,16268
988,builder_17,proposer_17,257845539.42252785,281572794,15579
989,builder_19,proposer_3,491598380.3165771,537149642,3841
990,builder_0,proposer_3,302506126.09355044,333764178,1553
991,builder_12,proposer_16,224675111.7438519,296257760,15133
992,builder_6,proposer_8,583016887.0547702,636482371,23812
993,builder_10,proposer_6,166029354.12028414,180945582,62947
994,builder_15,proposer_11,322249411.9836052,351481430,11708
995,builder_8,proposer_12,357810439.1474119,446508485,104880
996,builder_15,proposer_6,400276422.9084645,436069616,9307
997,builder_16,proposer_12,347571648.28335476,379034789,9972
998,builder_8,proposer_0,537406003.240371,586255154,5084121
999,builder_1,proposer_1,315896550.8823777,346030213,5136449
